Ag2O2-AuSe-NM,1.2328610194517768
Ag2S2-AuSe-NM,1.9891332030664972
Ag2Se2-AuSe-NM,1.6729134500102623
Ag2Te2-AuSe-NM,1.3313946779937957
Au2O2-AuSe-NM,0.8052831887219956
Au2S2-AuSe-NM,2.433121202869843
Au2Se2-AuSe-NM,2.1163735807447557
Au2Te2-AuSe-NM,1.7749577463153574
Co2S2-NiSe-NM,0.0
Co2Se2-NiSe-NM,0.0
Co2Te2-NiSe-NM,0.0
Cu2O2-AuSe-NM,0.560134202495802
Cu2S2-AuSe-NM,1.5398763679408503
Cu2Se2-AuSe-NM,1.3743133126846954
Cu2Te2-NiSe-NM,0.0
Hf2O2-AuSe-NM,0.0
Hf2S2-AuSe-NM,0.0
Hf2Se2-NiSe-NM,0.0
Hf2Te2-NiSe-NM,0.0
Ir2O2-AuSe-NM,0.0
Ir2S2-NiSe-NM,0.0
Ir2Se2-AuSe-NM,0.0
Ir2Te2-NiSe-NM,0.0
Mo2O2-RhO-NM,0.0
Mo2S2-Undefined-NM,0.0
Mo2Se2-Undefined-NM,0.0
Mo2Te2-Undefined-NM,0.0
Nb2O2-RhO-NM,0.0
Nb2S2-NiSe-NM,0.0
Nb2Se2-NiSe-NM,0.0
Nb2Te2-NiSe-NM,0.0
Ni2O2-AuSe-NM,0.0
Os2O2-RhO-NM,0.0
Os2S2-RhO-NM,0.0
Os2Se2-RhO-NM,0.0
Os2Te2-Undefined-NM,0.0
Pb2O2-Undefined-NM,0.9106883486045545
Pb2Se2-RhO-NM,0.0
Pb2Te2-AuSe-NM,0.0
Pt2O2-AuSe-NM,0.0
Pt2S2-AuSe-NM,0.0
Pt2Se2-NiSe-NM,0.0
Pt2Te2-NiSe-NM,0.0
Re2O2-RhO-NM,0.0
Re2S2-RhO-NM,0.0
Re2Se2-RhO-NM,0.0
Re2Te2-Undefined-NM,0.0
Rh2O2-RhO-NM,0.0
Rh2S2-AuSe-NM,0.0
Rh2Se2-AuSe-NM,0.0
Rh2Te2-NiSe-NM,0.0
Ru2O2-RhO-NM,0.0
Ru2S2-RhO-NM,0.0
Ru2Se2-RhO-NM,0.0
Ru2Te2-Undefined-NM,0.0
Sc2O2-AuSe-NM,0.0
Sc2S2-AuSe-NM,0.0
Sc2Se2-NiSe-NM,0.0
Sc2Te2-NiSe-NM,0.0
Ta2O2-RhO-NM,0.0
Ta2S2-NiSe-NM,0.0
Ta2Se2-NiSe-NM,0.0
Ta2Te2-NiSe-NM,0.0
Ti2O2-AuSe-NM,0.0
Ti2S2-NiSe-NM,0.0
Ti2Se2-NiSe-NM,0.0
Ti2Te2-NiSe-NM,0.0
W2O2-AuSe-NM,0.0
W2S2-AuSe-NM,0.0
W2Se2-NiSe-NM,0.0
W2Te2-NiSe-NM,0.0
Zr2O2-AuSe-NM,0.0
Zr2S2-NiSe-NM,0.0
Zr2Se2-NiSe-NM,0.0
Zr2Te2-NiSe-NM,0.0
AlAs-BN-NM,3.6075914023523183
AlN-BN-NM,6.477284575436993
AlSb-GeSe-NM,2.8170989538945905
AsB-BN-NM,1.3813288875739447
BN-BN-NM,7.905111508937407
BP-BN-NM,1.5891800824782185
BSb-BN-NM,0.4467259126390881
GaAs-GeSe-NM,1.9207137405598362
GaN-BN-NM,3.9572528422834736
GaP-GeSe-NM,3.133019923605371
GeO-GeSe-NM,3.906295464595522
GeS-GeSe-NM,4.38405223829214
GeSe-GeSe-NM,3.9729450569341114
GeTe-GeSe-NM,2.830104953566172
HgO-BN-NM,0.3459500036974781
HgS-BN-NM,0.3685323259454627
HgSe-GeSe-NM,0.07180282054072418
HgTe-GeSe-NM,0.012269434222931253
InAs-GeSe-NM,1.4036909368365609
InN-BN-NM,1.568506108506059
InP-GeSe-NM,2.262592567900863
InSb-GeSe-NM,1.0716468476595526
PbO-GeSe-NM,4.290538617546089
PbS-GeSe-NM,3.6762676196452806
PbSe-GeSe-NM,3.0883177246312616
PbTe-GeSe-NM,2.113393133922475
SnO-GeSe-NM,3.257824035105604
SnS-GeSe-NM,4.219888729543271
SnSe-GeSe-NM,3.9668574523533255
SnTe-GeSe-NM,3.0976834075889705
AsBrS-BiTeI-NM,2.7741062841862374
AsClS-BiTeI-NM,3.0315794021209714
AsBrSe-BiTeI-NM,2.5090437755612065
AsClSe-BiTeI-NM,2.7812072658863003
AsISe-BiTeI-NM,2.145613770134169
AsIS-BiTeI-NM,2.343453977484993
AsBrTe-BiTeI-NM,2.4899057845241033
AsClTe-BiTeI-NM,2.7432503736062155
AsITe-BiTeI-NM,1.9513869824653811
BiBrS-BiTeI-NM,2.4506498762040145
BiClS-BiTeI-NM,2.5225942175167844
BiBrSe-BiTeI-NM,1.994599797615439
BiClSe-BiTeI-NM,2.1241124620158076
BiISe-BiTeI-NM,1.8768810946170946
BiIS-BiTeI-NM,2.163229199683618
BiBrTe-BiTeI-NM,1.63031744029042
BiClTe-BiTeI-NM,1.7104178604849376
BiITe-BiTeI-NM,1.4744034177848624
BrSSb-BiTeI-NM,2.700258165417789
ClSSb-BiTeI-NM,2.825190987584482
BrSbSe-BiTeI-NM,2.336703083755957
ClSbSe-BiTeI-NM,2.518813238313743
ISbSe-BiTeI-NM,2.1586448816648818
ISSb-BiTeI-NM,2.5244955158640376
BrSbTe-BiTeI-NM,2.2447470956638966
ClSbTe-BiTeI-NM,2.538333725961189
ISbTe-BiTeI-NM,1.8591436364059475
BiWSb-BiTeI-NM,0.0
WBrI-BiTeI-NM,0.0
WSeTe-BiTeI-NM,0.0
WSSe-BiTeI-NM,0.0
BiZrAs-BiTeI-NM,0.0
ZrAsSb-BiTeI-NM,0.0
ZrBrCl-BiTeI-NM,0.0
ZrBrI-BiTeI-NM,0.0
ZrSeTe-BiTeI-NM,0.0
ZrSSe-BiTeI-NM,2.160993493720535
ZrSTe-BiTeI-NM,0.0
BiCrAs-BiTeI-NM,0.09304766624900906
CrAsSb-BiTeI-NM,0.0
CrSeTe-BiTeI-NM,0.06050846307707913
CrSSe-BiTeI-NM,0.0
CrSTe-BiTeI-NM,0.0
BiHfAs-BiTeI-NM,0.0
HfAsSb-BiTeI-NM,0.0
BiHfSb-BiTeI-NM,0.0
HfBrCl-BiTeI-NM,0.0
HfBrI-BiTeI-NM,0.0
HfClI-BiTeI-NM,0.0
HfSeTe-BiTeI-NM,0.0
HfSSe-BiTeI-NM,2.385831369471823
HfSTe-BiTeI-NM,0.0
BiMoAs-BiTeI-NM,0.0
MoAsSb-BiTeI-NM,0.0
BiMoSb-BiTeI-NM,0.0
MoBrCl-BiTeI-NM,0.0
MoBrI-BiTeI-NM,0.0
MoClI-BiTeI-NM,0.0
MoSeTe-BiTeI-NM,0.2970219562283989
MoSSe-BiTeI-NM,0.0
MoSTe-BiTeI-NM,0.4856849043222413
BiNbAs-BiTeI-NM,0.0
NbAsSb-BiTeI-NM,0.0
BiNbSb-BiTeI-NM,0.0
NbBrCl-BiTeI-NM,0.0
NbBrI-BiTeI-NM,0.0
NbClI-BiTeI-NM,0.0
NbSeTe-BiTeI-NM,0.0
NbSSe-BiTeI-NM,0.0
NbSTe-BiTeI-NM,0.0
BiTaAs-BiTeI-NM,0.0
TaAsSb-BiTeI-NM,0.0
BiTaSb-BiTeI-NM,0.0
TaBrCl-BiTeI-NM,0.0
TaBrI-BiTeI-NM,0.0
TaClI-BiTeI-NM,0.0
TaSeTe-BiTeI-NM,0.0
TaSSe-BiTeI-NM,0.0
TaSTe-BiTeI-NM,0.0
BiTiAs-BiTeI-NM,0.0
TiAsSb-BiTeI-NM,0.0
BiTiSb-BiTeI-NM,0.0
TiBrCl-BiTeI-NM,0.0
TiSeTe-BiTeI-NM,0.0
TiSSe-BiTeI-NM,0.0
TiSTe-BiTeI-NM,0.0
BiVAs-BiTeI-NM,0.0
VAsSb-BiTeI-NM,0.0
BiVSb-BiTeI-NM,0.0
VSSe-BiTeI-NM,0.0
BiWAs-BiTeI-NM,0.0
WAsSb-BiTeI-NM,0.0
WBrCl-BiTeI-NM,0.0
WClI-BiTeI-NM,0.0
WSTe-BiTeI-NM,0.469436619028592
BiZrSb-BiTeI-NM,0.0
ZrClI-BiTeI-NM,0.0
As2-C-NM,2.778942535813814
C2-C-NM,0.0007701413157281678
Ge2-C-NM,0.025486869574234294
Si2-C-NM,0.0013989241418528309
Sn2-C-NM,0.07986026022627479
As2C6-C3N-NM,0.0
As2Ge6-C3N-NM,0.0
As2Si6-C3N-NM,0.0
Bi2C6-C3N-NM,0.0
Bi2Ge6-C3N-NM,0.0
Bi2Si6-C3N-NM,0.0
Bi2Sn6-C3N-NM,0.0
C6N2-C3N-NM,2.0533288145467354
C6P2-C3N-NM,0.0
C6Sb2-C3N-NM,0.0
Ge6N2-C3N-NM,0.0
Ge6P2-C3N-NM,0.0
Ge6Sb2-C3N-NM,0.0
N2Si6-C3N-NM,0.0
P2Si6-C3N-NM,0.0
Sb2Si6-C3N-NM,0.0
Sn6As2-C3N-NM,0.0
Sn6N2-C3N-NM,0.0
Sn6P2-C3N-NM,0.0
Sn6Sb2-C3N-NM,0.0
Sc2S2-CH-NM,0.0
Sc2Se2-CH-NM,0.0
Ti2S2-CH-NM,0.08357195789868643
Ti2F2-CH-NM,0.0
V2S2-CH-NM,0.0
V2F2-CH-NM,0.03325143986659085
Cr2F2-CH-NM,0.0
Co2S2-CH-NM,0.0
Co2Se2-CH-NM,0.0
Co2Te2-CH-NM,0.0
Ni2S2-CH-NM,0.0
Ni2Se2-CH-NM,0.0
Ni2Te2-CH-NM,0.0
Cu2S2-CH-NM,0.0
Cu2Se2-CH-NM,0.0
Cu2Te2-CH-NM,0.0
Cu2F2-CH-NM,0.0
Cu2Cl2-CH-NM,3.6877687654041242
Cu2Br2-CH-NM,3.5706760443247214
Cu2I2-CH-NM,3.615568309612032
Zn2S2-CH-NM,3.9501877806040646
Zn2Se2-CH-NM,2.593321248483117
Zn2Te2-CH-NM,1.0137162057356706
Zn2F2-CH-NM,0.0
Zn2Cl2-CH-NM,0.0
Zn2Br2-CH-NM,0.0
Ga2Te2-CH-NM,0.0
Br2Ge2-CH-NM,0.0
Ge2I2-CH-NM,0.0
Zr2S2-CH-NM,0.11371330141676028
Zr2Se2-CH-NM,0.12391167697504746
Zr2Te2-CH-NM,0.11680427097798701
Zr2F2-CH-NM,0.0
Zr2Cl2-CH-NM,0.03676364999736448
Zr2Br2-CH-NM,0.0477758308734022
Zr2I2-CH-NM,0.0
Nb2S2-CH-NM,0.0
Nb2Se2-CH-NM,0.0
Nb2Te2-CH-NM,0.0
Nb2I2-ISb-NM,0.0
Mo2S2-CH-NM,0.0
Mo2Se2-CH-NM,0.0
Mo2Te2-CH-NM,0.0
Mo2F2-CH-NM,0.0
Mo2Cl2-CH-NM,0.0
Mo2Br2-CH-NM,0.0
Ru2S2-CH-NM,0.0
Ru2Se2-CH-NM,0.0
Ru2Te2-CH-NM,0.0
Ru2F2-GaSe-NM,0.0
Ru2Cl2-CH-NM,0.0
Rh2S2-CH-NM,0.0
Rh2Se2-CH-NM,0.0
Rh2Te2-CH-NM,0.0
Rh2I2-CH-NM,0.0
Pd2S2-CH-NM,0.0
Pd2Se2-CH-NM,0.0
Pd2Te2-CH-NM,0.0
Pd2F2-GaSe-NM,1.875600465583541
Pd2Cl2-CH-NM,0.0
Pd2Br2-CH-NM,0.0
Pd2I2-CH-NM,0.0
Ag2Se2-CH-NM,0.0
Ag2Te2-CH-NM,0.0
Ag2F2-Undefined-NM,2.581957820966748
Ag2Cl2-CH-NM,3.612862869730334
Ag2Br2-CH-NM,3.4794159453186673
Ag2I2-CH-NM,3.314756826415768
Cd2S2-CH-NM,3.338535529656182
Cd2Se2-CH-NM,2.4726059124412836
Cd2Te2-CH-NM,1.3008443713375366
Cd2F2-CH-NM,0.0
Cd2Cl2-CH-NM,0.0
Cd2Br2-CH-NM,0.0
In2S2-CH-NM,0.0
In2Te2-CH-NM,0.0
In2I2-CH-NM,2.7313193080520684
Sn2Cl2-CH-NM,0.0
Sn2Br2-CH-NM,0.0
Sn2I2-CH-NM,0.0
S2Sb2-CH-NM,0.713847005359678
Sb2Se2-CH-NM,0.5034704515239756
Sb2Te2-CH-NM,0.0
F2Sb2-Undefined-NM,0.0
Cl2Sb2-CH-NM,0.42505558460815385
Br2Sb2-CH-NM,0.43192682466653975
I2Sb2-ISb-NM,0.6906010549163015
Hf2S2-CH-NM,0.18115233650499088
Hf2Se2-CH-NM,0.13958262838693694
Hf2Te2-CH-NM,0.0
Hf2F2-CH-NM,0.0
Hf2Cl2-CH-NM,0.0
Hf2Br2-CH-NM,0.0
Hf2I2-CH-NM,0.0
Ta2S2-CH-NM,0.0
Ta2Se2-CH-NM,0.0
Ta2Te2-CH-NM,0.0
Ta2I2-CH-NM,0.0
W2S2-CH-NM,0.0
W2Se2-CH-NM,0.0
W2F2-CH-NM,0.0
W2Cl2-CH-NM,0.0
Re2S2-CH-NM,0.30329147076360147
Re2Cl2-CH-NM,0.0
Os2S2-CH-NM,0.0
Os2F2-CH-NM,0.0
Ir2S2-CH-NM,0.0
Ir2Se2-CH-NM,0.0
Ir2Te2-CH-NM,0.0
Ir2F2-Undefined-NM,0.0
Ir2Cl2-ISb-NM,0.0
Pt2S2-CH-NM,0.0
Pt2Se2-CH-NM,0.0
Pt2Te2-CH-NM,0.0
Pt2Cl2-GaSe-NM,2.0927241144262183
Au2Se2-CH-NM,0.0
Au2Te2-CH-NM,0.0
Au2Br2-CH-NM,1.4813287412111533
Au2I2-CH-NM,1.7818736677326015
Hg2Se2-CH-NM,0.1606303181713633
Hg2Te2-CH-NM,0.06877999297029458
Hg2F2-CH-NM,0.17304312196142924
Hg2Cl2-CH-NM,0.1245870211183493
Hg2Br2-CH-NM,0.18528116129040928
Hg2I2-GaSe-NM,2.1506373038930566
Tl2Se2-CH-NM,0.0
Tl2Te2-CH-NM,0.0
Tl2Cl2-CH-NM,6.5268758096082875
Tl2Br2-ISb-NM,5.696902681783523
Tl2I2-CH-NM,4.780434126392201
Pb2Te2-CH-NM,2.0702710314925534
Pb2F2-CH-NM,0.3871884180172902
Pb2Cl2-CH-NM,0.8132507680309584
Pb2Br2-CH-NM,0.789029260078738
Pb2I2-ISb-NM,0.0
Bi2S2-CH-NM,0.857746791614981
Bi2Se2-CH-NM,0.6759939577896039
Bi2Te2-CH-NM,0.3755771768923897
Bi2F2-CH-NM,0.0
Bi2Cl2-CH-NM,1.1083076539299395
Bi2Br2-CH-NM,1.0552166641686895
Bi2I2-CH-NM,0.9675762918508033
Co2Se2-FeSe-NM,0.0
Co2Te2-FeSe-NM,0.0
Fe2S2-FeSe-NM,0.0
Hf2O2-FeSe-NM,0.0
Hf2S2-FeSe-NM,0.0
Hf2Se2-FeSe-NM,0.0
Hf2Te2-FeSe-NM,0.0
Ir2O2-FeSe-NM,0.0
Ir2S2-FeSe-NM,0.0
Ir2Se2-FeSe-NM,0.0
Ir2Te2-FeSe-NM,0.0
Mo2O2-FeSe-NM,0.0
Mo2S2-FeSe-NM,0.0
Mo2Se2-FeSe-NM,0.0
Mo2Te2-FeSe-NM,0.0
Nb2O2-FeSe-NM,0.0
Nb2S2-FeSe-NM,0.0
Nb2Se2-FeSe-NM,0.0
Nb2Te2-FeSe-NM,0.0
Ni2S2-FeSe-NM,0.0
Ni2Se2-FeSe-NM,0.0
Ni2Te2-FeSe-NM,0.0
Os2O2-FeSe-NM,0.0
Os2S2-FeSe-NM,0.0
Os2Se2-FeSe-NM,0.0
Os2Te2-FeSe-NM,0.0
Pb2O2-FeSe-NM,1.5249830222733076
Pb2S2-FeSe-NM,1.6852776313858329
Pb2Se2-FeSe-NM,1.515228282703866
Pb2Te2-FeSe-NM,1.062517704248818
Pt2O2-FeSe-NM,1.0226226150467648
Pt2S2-FeSe-NM,0.06416140004292714
Pt2Se2-FeSe-NM,0.0
Pt2Te2-FeSe-NM,0.0
Re2O2-FeSe-NM,0.0
Re2S2-FeSe-NM,0.0
Re2Se2-FeSe-NM,0.0
Re2Te2-FeSe-NM,0.0
Rh2O2-FeSe-NM,0.0
Rh2S2-FeSe-NM,0.0
Rh2Se2-FeSe-NM,0.0
Rh2Te2-FeSe-NM,0.0
Ru2O2-FeSe-NM,0.0
Ru2S2-FeSe-NM,0.0
Ru2Se2-FeSe-NM,0.0
Ru2Te2-FeSe-NM,0.0
Sc2O2-FeSe-NM,0.0
Sc2S2-FeSe-NM,0.0
Sc2Se2-FeSe-NM,0.0
Sc2Te2-FeSe-NM,0.0
Ta2O2-FeSe-NM,0.0
Ta2S2-FeSe-NM,0.0
Ta2Se2-FeSe-NM,0.0
Ta2Te2-FeSe-NM,0.0
Ti2S2-FeSe-NM,0.0
Ti2Se2-FeSe-NM,0.0
Ti2Te2-FeSe-NM,0.0
V2O2-FeSe-NM,0.0
W2O2-FeSe-NM,0.0
W2S2-FeSe-NM,0.0
W2Se2-FeSe-NM,0.0
W2Te2-FeSe-NM,0.0
Zr2O2-FeSe-NM,0.0
Zr2S2-FeSe-NM,0.0
Zr2Se2-FeSe-NM,0.0
Zr2Te2-FeSe-NM,0.0
Ca2F2-PbSe-NM,0.0
Ti2I2-FeSe-NM,0.0
V2Cl2-FeSe-NM,0.0
V2I2-FeSe-NM,0.1624590154953084
Ca2Cl2-FeSe-NM,0.0
Ti2Cl2-FeSe-NM,0.0
V2Br2-FeSe-NM,0.0
Ti2Br2-FeSe-NM,0.0
Cu2F2-FeSe-NM,0.7362278160153144
Cu2Cl2-FeSe-NM,3.8246974482880756
Cu2Br2-FeSe-NM,3.6221899226801186
Cu2I2-FeSe-NM,3.9031815696915237
Ga2Cl2-FeSe-NM,4.223089003551612
Ga2I2-FeSe-NM,3.5932823048631017
Sr2F2-PbSe-NM,0.0
Sr2Br2-FeSe-NM,0.0
Zr2F2-FeSe-NM,0.0
Zr2Cl2-FeSe-NM,0.0
Zr2Br2-FeSe-NM,0.0
Zr2I2-FeSe-NM,0.0
Ru2F2-FeSe-NM,0.0
Pd2Cl2-FeSe-NM,0.0
Pd2Br2-FeSe-NM,0.0
Ag2F2-FeSe-NM,3.9718688200740555
Ag2Cl2-FeSe-NM,4.180053706803712
Ag2Br2-FeSe-NM,3.668369638067101
Ag2I2-FeSe-NM,3.54109725991718
Cd2F2-FeSe-NM,0.0
In2Cl2-FeSe-NM,4.036191489509605
In2I2-FeSe-NM,3.4632791305218196
Sn2Br2-FeSe-NM,0.0
Cs2F2-FeSe-NM,11.164644853794508
Ba2Cl2-FeSe-NM,0.0
Ba2Br2-FeSe-NM,0.0
Hf2Cl2-FeSe-NM,0.0
Hf2Br2-FeSe-NM,0.0
Hf2I2-FeSe-NM,0.0
Ta2F2-FeSe-NM,0.0
Au2Cl2-FeSe-NM,1.0123757455610107
Au2Br2-FeSe-NM,1.5609910385959602
Au2I2-FeSe-NM,1.72235873189411
Hg2Br2-FeSe-NM,0.0
Tl2Br2-FeSe-NM,4.672506004887513
Tl2I2-FeSe-NM,4.1894999391352865
Ag2Te2-GaSe-NM,0.0
Al2S2-GaSe-NM,4.3145115899066395
Al2Se2-GaSe-NM,4.2491142982905705
Al2Te2-GaSe-NM,3.8794401994029446
Au2S2-GaSe-NM,0.0
Au2Se2-GaSe-NM,0.0
Au2Te2-GaSe-NM,0.0
Bi2S2-GaSe-NM,0.0
Bi2Se2-GaSe-NM,0.9169795599183215
Bi2Te2-GaSe-NM,0.7224408148633528
Co2S2-GaSe-NM,0.0
Co2Se2-GaSe-NM,0.0
Cu2Se2-GaSe-NM,0.0
Cu2Te2-GaSe-NM,0.0
Fe2S2-GaSe-NM,0.0
Fe2Se2-GaSe-NM,0.0
Ga2S2-GaSe-NM,3.644057628409238
Ga2Se2-GaSe-NM,2.7851087989897394
Ga2Te2-GaSe-NM,2.19986607267243
Hf2S2-GaSe-NM,0.0
Hf2Te2-GaSe-NM,0.0
In2S2-GaSe-NM,2.948999554401765
In2Se2-GaSe-NM,2.3974306672385315
In2Te2-GaSe-NM,2.0334474691458304
Ir2S2-GaSe-NM,0.0
Ir2Se2-GaSe-NM,0.07163786531651173
Ir2Te2-GaSe-NM,0.0
Mo2Se2-CH-NM-2,0.0
Nb2S2-GaSe-NM,0.0
Nb2Se2-GaSe-NM,0.0
Nb2Te2-GaSe-NM,0.0
Ni2S2-GaSe-NM,0.0
Ni2Se2-GaSe-NM,0.0
Ni2Te2-GaSe-NM,0.0
Os2S2-GaSe-NM,0.0
Pd2S2-GaSe-NM,0.0
Pd2Se2-GaSe-NM,0.0
Pd2Te2-GaSe-NM,0.0
Pt2S2-GaSe-NM,0.0
Pt2Se2-GaSe-NM,0.0
Pt2Te2-GaSe-NM,0.0
Rh2S2-GaSe-NM,0.0
Rh2Se2-GaSe-NM,0.0
Rh2Te2-GaSe-NM,0.0
Ru2S2-GaSe-NM,0.0
Ru2Se2-GaSe-NM,0.0
S2Sb2-GaSe-NM,0.0
Sb2Se2-GaSe-NM,1.0379988854367586
Sc2S2-GaSe-NM,0.0035177270268862415
Sc2Se2-GaSe-NM,0.003336823219399987
Sc2Te2-GaSe-NM,0.0026257187553435646
Ta2S2-GaSe-NM,0.0
Ta2Se2-GaSe-NM,0.0
Ti2S2-GaSe-NM,0.0
Tl2S2-GaSe-NM,1.274594404059462
Tl2Se2-GaSe-NM,0.9298002103344185
Tl2Te2-GaSe-NM,0.6525309535535948
W2S2-GaSe-NM,0.0
W2Se2-CH-NM-2,0.0
W2Te2-GaSe-NM,0.0
Zr2S2-GaSe-NM,0.0
Zr2Se2-GaSe-NM,0.0
Zr2Te2-GaSe-NM,0.3348817766798094
FeO2-GeS2-NM,0.0
FeS2-GeS2-NM,0.0
FeF2-GeS2-NM,0.0
NiSe2-GeS2-NM,0.0
NiTe2-GeS2-NM,0.0
NiCl2-GeS2-NM,0.02419040206469436
CuTe2-GeS2-NM,0.0
CuF2-GeS2-NM,0.0
CuBr2-GeS2-NM,0.0
CuI2-GeS2-NM,0.0
ZnS2-GeS2-NM,0.0
ZnSe2-GeS2-NM,0.0
ZnF2-GeS2-NM,8.469063353695855
ZnCl2-GeS2-NM,7.108371484010086
ZnI2-GeS2-NM,4.0793373954707
GaSe2-GeS2-NM,0.0
GeS2-GeS2-NM,2.9101762972723777
GeSe2-GeS2-NM,1.7046701422901167
Cl2Ge-GeS2-NM,4.072449911677484
GeI2-GeS2-NM,2.809261436733124
RbTe2-GeS2-NM,0.0
RbI2-Undefined-NM,0.0
GaTe2-GeS2-NM,0.0
GeO2-GeS2-NM,5.907931828475604
GeTe2-GeS2-NM,0.4006453985052474
F2Ge-GeS2-NM,5.1823909319262835
Br2Ge-GeS2-NM,3.506179592086371
RbSe2-GeS2-NM,0.0
KSe2-GeS2-NM,0.0
KTe2-GeS2-NM,0.0
CaSe2-GeS2-NM,0.0
CaTe2-GeS2-NM,0.0
CaBr2-GeS2-NM,9.38194138620376
CaI2-GeS2-NM,7.584211043979388
ScS2-GeS2-NM,0.0
ScSe2-GeS2-NM,0.0
ScTe2-GeS2-NM,0.0
TiO2-GeS2-NM,6.039808791481638
TiS2-GeS2-NM,2.922899067380089
TiSe2-GeS2-NM,2.236061567364245
TiTe2-GeS2-NM,1.3217445282940514
VF2-GeS2-NM,0.0
MnS2-GeS2-NM,0.0
FeSe2-GeS2-NM,0.0
CoO2-GeS2-NM,0.0
CuSe2-GeS2-NM,0.0
CuCl2-GeS2-NM,0.0
ZnTe2-GeS2-NM,0.0
ZnBr2-GeS2-NM,5.61626968806878
GaS2-GeS2-NM,0.0
SrTe2-GeS2-NM,0.0
YTe2-GeS2-NM,0.0
YF2-GeS2-NM,0.0
YCl2-GeS2-NM,0.0
ZrO2-GeS2-NM,7.9210774391522865
ZrS2-GeS2-NM,4.160934214893332
ZrSe2-GeS2-NM,3.400137557116744
ZrTe2-GeS2-NM,2.1192011340350834
ZrF2-GeS2-NM,0.0
ZrCl2-GeS2-NM,0.0
NbS2-GeS2-NM,0.0
NbSe2-GeS2-NM,0.0
NbF2-GeS2-NM,0.0
NbCl2-GeS2-NM,0.0
NbBr2-GeS2-NM,0.0
MoO2-GeS2-NM,0.0
MoS2-GeS2-NM,0.0
MoSe2-GeS2-NM,0.0
RuO2-GeS2-NM,0.0
RuS2-GeS2-NM,0.0
RuSe2-GeS2-NM,0.0
RuF2-GeS2-NM,0.6435861951768098
RhO2-GeS2-NM,0.0
RhI2-GeS2-NM,0.0
PdSe2-GeS2-NM,0.0
PdTe2-GeS2-NM,0.0
PdCl2-GeS2-NM,0.0
PdBr2-GeS2-NM,0.0
PdI2-GeS2-NM,0.0
AgSe2-GeS2-NM,0.0
AgTe2-GeS2-NM,0.0
AgF2-Undefined-NM,0.0
AgCl2-GeS2-NM,0.0
AgBr2-GeS2-NM,0.0
AgI2-GeS2-NM,0.0
CdSe2-GeS2-NM,0.0
CdTe2-GeS2-NM,0.0
CdF2-GeS2-NM,7.657212536138548
CdCl2-GeS2-NM,6.424053850335065
CdBr2-GeS2-NM,5.276518430319341
CdI2-GeS2-NM,4.1410004419453585
InS2-GeS2-NM,0.0
InSe2-GeS2-NM,0.0
InTe2-GeS2-NM,0.0
SnO2-GeS2-NM,4.8628559576590416
SnS2-GeS2-NM,3.2301318904434657
SnSe2-GeS2-NM,2.1893673729036385
SnTe2-GeS2-NM,1.1523922296070501
SnF2-GeS2-NM,4.800845238827839
SnCl2-GeS2-NM,4.088343727814329
SnBr2-GeS2-NM,3.6217528091132922
SnI2-GeS2-NM,2.9151677139135015
S2Sb-GeS2-NM,0.0
SbSe2-GeS2-NM,0.0
BaTe2-GeS2-NM,0.0
HfO2-GeS2-NM,8.065611996582923
HfS2-GeS2-NM,4.401942179681922
HfSe2-GeS2-NM,3.5875128157320617
HfTe2-GeS2-NM,2.309235996516442
HfF2-GeS2-NM,0.0
HfCl2-GeS2-NM,0.0
HfBr2-GeS2-NM,0.0
HfI2-GeS2-NM,0.0
TaS2-GeS2-NM,0.0
TaSe2-GeS2-NM,0.0
TaTe2-GeS2-NM,0.0
TaF2-GeS2-NM,0.0
TaCl2-GeS2-NM,0.0
TaBr2-GeS2-NM,0.0
WO2-GeS2-NM,0.05795031827697095
WS2-GeS2-NM,0.0
ReS2-GeS2-NM,0.0
ReF2-GeS2-NM,0.0
OsF2-GeS2-NM,0.0
IrS2-GeS2-NM,0.0
IrTe2-GeS2-NM,0.0
PtO2-GeS2-NM,0.0
PtI2-GeS2-NM,0.0
AuTe2-GeS2-NM,0.0
AuCl2-GeS2-NM,0.0
AuBr2-GeS2-NM,0.0
AuI2-GeS2-NM,0.0
HgO2-GeS2-NM,0.14931676597910304
HgTe2-GeS2-NM,0.0
HgF2-GeS2-NM,4.625971734862538
HgCl2-GeS2-NM,4.403784907146314
HgBr2-GeS2-NM,3.645718435582061
HgI2-GeS2-NM,2.7977251757462387
TlSe2-GeS2-NM,0.0
TlTe2-GeS2-NM,0.0
TlF2-GeS2-NM,0.0
TlI2-GeS2-NM,0.0
PbO2-GeS2-NM,2.9422596761604964
PbS2-GeS2-NM,1.94147856537509
PbSe2-GeS2-NM,1.17641502871827
PbTe2-GeS2-NM,0.3746291783166673
PbF2-GeS2-NM,5.830683475928488
PbCl2-GeS2-NM,4.714338000230206
PbBr2-GeS2-NM,4.055137944205104
PbI2-GeS2-NM,3.2217053631696175
BiS2-GeS2-NM,0.0
BiSe2-GeS2-NM,0.0
BiF2-GeS2-NM,0.0
Cd2P2S6-MnPSe3-NM,3.770927364911504
Sc2P2S6-ScPSe3-NM,2.088538873159955
Sc2P2Te6-MnPSe3-NM,0.0
Fe2P2S6-MnPSe3-NM,1.5896692191446462
Fe2P2Se6-MnPSe3-NM,1.2429929245854603
Fe2P2Te6-MnPSe3-NM,1.1202112876341122
Co2P2Se6-MnPSe3-NM,0.0
Co2P2Te6-MnPSe3-NM,0.0
Cu2P2Se6-MnPSe3-NM,0.0
Ir2P2Te6-MnPSe3-NM,0.20860337229972348
Zn2P2Se6-MnPSe3-NM,2.541576718960423
Zn2P2Te6-MnPSe3-NM,1.332149956166433
Zr2P2S6-Undefined-NM,1.6813540596378005
Zr2P2Se6-Undefined-NM,1.1960763575549977
Zr2P2Te6-Undefined-NM,0.0
Mo2P2S6-Undefined-NM,0.5921783708177908
Mo2P2Se6-Undefined-NM,0.3378511312028485
Mo2P2Te6-Undefined-NM,0.3002277641560299
Ru2P2S6-MnPSe3-NM,1.1956015030406433
Ru2P2Se6-MnPSe3-NM,0.9567947549439519
Ru2P2Te6-MnPSe3-NM,1.0734110183116772
Rh2P2Se6-MnPSe3-NM,0.04795472128344458
Rh2P2Te6-MnPSe3-NM,0.0
Pd2P2S6-MnPSe3-NM,0.009765306763394932
Pd2P2Se6-MnPSe3-NM,0.03943813719473743
Pd2P2Te6-MnPSe3-NM,0.10207695870861799
Hg2P2Se6-MnPSe3-NM,1.5489002222742312
Co2P2S6-MnPSe3-NM,0.0
Rh2P2S6-MnPSe3-NM,0.0
Cd2P2Se6-MnPSe3-NM,2.615402366957573
Hf2P2S6-Undefined-NM,1.797590014728346
Hf2P2Se6-Undefined-NM,1.3002549181187957
Hf2P2Te6-Undefined-NM,0.3632235242409214
Ta2P2S6-Undefined-NM,0.05036973108352516
Ta2P2Se6-Undefined-NM,0.8184518286654006
W2P2S6-Undefined-NM,0.27989725895319584
W2P2Se6-Undefined-NM,0.0
Os2P2S6-ScPSe3-NM,0.4339506702031395
Os2P2Se6-MnPSe3-NM,0.0
Os2P2Te6-MnPSe3-NM,0.7314518612699343
Ir2P2S6-MnPSe3-NM,0.03433195821235935
Ir2P2Se6-MnPSe3-NM,0.025762544163987933
Pt2P2S6-MnPSe3-NM,0.04700782047182028
Pt2P2Se6-Undefined-NM,0.851654609696884
Pt2P2Te6-MnPSe3-NM,0.0
Hg2P2S6-MnPSe3-NM,2.397359854231966
Cu2P2S6-MnPSe3-NM,0.0
Cd2P2Te6-MnPSe3-NM,1.5905699533700437
Ge2P2Te6-Undefined-NM,1.5946385377454302
Cu2P2Te6-MnPSe3-NM,0.0
Ga2P2Se6-MnPSe3-NM,0.0
Ga2P2Te6-Undefined-NM,0.9213355970990045
Ge2P2S6-MnPSe3-NM,2.806587425069816
Ge2P2Se6-MnPSe3-NM,2.0321833188026033
In2P2S6-Undefined-NM,1.5062770162933243
In2P2Se6-MnPSe3-NM,0.0
In2P2Te6-MnPSe3-NM,0.0
Sn2P2S6-MnPSe3-NM,2.2768104083592458
Sn2P2Se6-MnPSe3-NM,1.5361379302831641
Sn2P2Te6-MnPSe3-NM,1.0016320469874609
P2Sb2Se6-ScPSe3-NM,1.7477957156747275
Tl2P2S6-MnPSe3-NM,0.0
Tl2P2Se6-MnPSe3-NM,0.0
Tl2P2Te6-MnPSe3-NM,0.0
Pb2P2S6-MnPSe3-NM,2.8430350259565316
Pb2P2Se6-MnPSe3-NM,2.125806379006794
Bi2P2S6-VPSe3-NM,1.5791779581304157
Bi2P2Se6-ScPSe3-NM,1.4250625537421833
Bi2P2Te6-ScPSe3-NM,0.927912144420496
Ag2P2S6-MnPSe3-NM,0.0
Ag2P2Se6-MnPSe3-NM,0.06474279928523563
Ag2P2Te6-MnPSe3-NM,0.0
Al2P2S6-ScPSe3-NM,2.8533464356646108
Al2P2Se6-ScPSe3-NM,1.6692722124388812
Al2P2Te6-MnPSe3-NM,0.0
Au2P2S6-Undefined-NM,0.0
Au2P2Se6-Undefined-NM,0.06044607783351985
Au2P2Te6-MnPSe3-NM,0.0
Sc2P2Se6-ScPSe3-NM,1.5164347265309748
Nb2P2Te6-Undefined-NM,0.0
P2Sb2Te6-ScPSe3-NM,1.115107592978898
Zn2P2S6-MnPSe3-NM,3.9519454370745075
Ta2P2Te6-Undefined-NM,0.5836774562208227
Pb2P2Te6-MnPSe3-NM,1.5359229141827515
Hg2P2Te6-MnPSe3-NM,0.8092619204416616
Ni2P2Te6-MnPSe3-NM,0.0
AgBr2-CdI2-NM,0.0
AgI2-CdI2-NM,0.0
AlBr2-CdI2-NM,0.0
AlCl2-CdI2-NM,0.0
AlI2-CdI2-NM,0.0
AuBr2-CdI2-NM,0.0
AuCl2-CdI2-NM,0.0
AuI2-CdI2-NM,0.0
BaBr2-CdI2-NM,9.032378519459817
BaCl2-CdI2-NM,10.469312642467962
BaI2-CdI2-NM,7.3041205044969715
CaCl2-CdI2-NM,10.30950797789539
CaI2-CdI2-NM,7.000080224386977
CdBr2-CdI2-NM,5.281101312380613
CdCl2-CdI2-NM,6.548297956556031
CdI2-CdI2-NM,3.83407150918659
CuI2-CdI2-NM,0.0
FeBr2-CdI2-NM,2.329609125662249
FeCl2-CdI2-NM,2.5399288107766904
FeI2-CdI2-NM,2.119439380163035
GaBr2-CdI2-NM,0.0
GaI2-CdI2-NM,0.0
Br2Ge-CdI2-NM,4.34308254455493
Cl2Ge-CdI2-NM,4.9597939457680065
GeI2-CdI2-NM,3.6027058139726305
HfBr2-CdI2-NM,0.0
HfCl2-CdI2-NM,0.0
HfI2-CdI2-NM,0.0
HgBr2-CdI2-NM,3.474772771092445
HgCl2-CdI2-NM,4.2748550783890185
HgI2-CdI2-NM,2.327608986989249
InCl2-CdI2-NM,0.0
InI2-CdI2-NM,0.0
IrBr2-CdI2-NM,0.0
IrI2-CdI2-NM,0.0
MgBr2-CdI2-NM,8.15138479594965
MgCl2-CdI2-NM,10.294334678906532
MgI2-CdI2-NM,6.400699658887029
MoBr2-CdI2-NM,0.0
MoCl2-CdI2-NM,0.0
NbBr2-CdI2-NM,0.0
NbCl2-CdI2-NM,0.0
NbI2-CdI2-NM,0.0
OsBr2-CdI2-NM,2.3850610980164326
OsCl2-CdI2-NM,2.6697288005114794
OsI2-CdI2-NM,2.182892621601635
PbBr2-CdI2-NM,4.466685169349216
PbCl2-CdI2-NM,5.273819740206612
PbI2-CdI2-NM,3.4819776894184242
PdI2-CdI2-NM,0.0
PtI2-CdI2-NM,0.0
ReCl2-CdI2-NM,0.0
RhI2-CdI2-NM,0.0
RuBr2-CdI2-NM,2.370984860745854
RuCl2-CdI2-NM,2.623245418542682
RuI2-CdI2-NM,2.174970078291389
ScBr2-CdI2-NM,0.0
ScCl2-CdI2-NM,0.0
ScI2-CdI2-NM,0.0
SnBr2-CdI2-NM,4.200465287010632
SnCl2-CdI2-NM,4.844532165846116
SnI2-CdI2-NM,3.4768698527864763
SrBr2-CdI2-NM,9.170507349500447
SrCl2-CdI2-NM,10.740545080906923
SrI2-CdI2-NM,7.415171321761207
TaBr2-CdI2-NM,0.0
TaCl2-CdI2-NM,0.0
TaI2-CdI2-NM,0.0
TiCl2-CdI2-NM,0.0
TlBr2-CdI2-NM,0.0
TlCl2-CdI2-NM,0.0
TlI2-CdI2-NM,0.0
WBr2-CdI2-NM,0.0
WCl2-CdI2-NM,0.0
WI2-CdI2-NM,0.0
YBr2-CdI2-NM,0.0
YCl2-CdI2-NM,0.0
YI2-CdI2-NM,0.0
ZnBr2-CdI2-NM,5.519585162825564
ZnCl2-CdI2-NM,7.210258082855252
ZnI2-CdI2-NM,3.227310850519973
ZrBr2-CdI2-NM,0.0
ZrCl2-CdI2-NM,0.0
ZrI2-CdI2-NM,0.0
SbTe2-CdI2-NM,0.0
MoSb2-CdI2-NM,0.0
NbAs2-CdI2-NM,0.0
Bi2Nb-CdI2-NM,0.0
SbSe2-CdI2-NM,0.0
MoAs2-CdI2-NM,0.0
NbSb2-CdI2-NM,0.0
AsBr2-CdI2-NM,0.0
AsSe2-CdI2-NM,0.0
AsS2-CdI2-NM,0.0
AsTe2-CdI2-NM,0.0
BiSe2-CdI2-NM,0.0
BiS2-CdI2-NM,0.0
BiTe2-CdI2-NM,0.0
CrAs2-CdI2-NM,0.0
HfAs2-CdI2-NM,0.0
Bi2Hf-CdI2-NM,0.0
HfSb2-CdI2-NM,0.0
S2Sb-CdI2-NM,0.0
TaAs2-CdI2-NM,0.0
TaSb2-CdI2-NM,0.0
TiAs2-CdI2-NM,0.0
Bi2Ti-CdI2-NM,0.0
TiSb2-CdI2-NM,0.0
VAs2-CdI2-NM,0.0
VSb2-CdI2-NM,0.0
WAs2-CdI2-NM,0.0
ZrAs2-CdI2-NM,0.0
Bi2Zr-CdI2-NM,0.0
ZrSb2-CdI2-NM,0.0
AgI2-MoS2-NM,0.0
AlI2-MoS2-NM,0.0
AuBr2-MoS2-NM,0.0
AuCl2-MoS2-NM,0.0
BaBr2-MoS2-NM,7.834686999923569
BaCl2-MoS2-NM,8.890967565923301
BaI2-MoS2-NM,6.352009217433127
Br2Ge-MoS2-NM,4.316155078630475
CaBr2-MoS2-NM,7.6956309521807125
CaCl2-MoS2-NM,8.769465296316042
CaI2-MoS2-NM,5.897662978380058
CdBr2-MoS2-NM,4.229112382227216
CdCl2-MoS2-NM,5.448649359245769
CdI2-MoS2-NM,2.9128417874738837
Cl2Ge-MoS2-NM,4.77037228342554
CuI2-MoS2-NM,0.0
GaBr2-MoS2-NM,0.0
GaCl2-MoS2-NM,0.0
GaI2-MoS2-NM,0.0
HfBr2-MoS2-NM,2.168476923893588
HfCl2-MoS2-NM,2.377917806469397
HfI2-MoS2-NM,1.8194101754971428
HgCl2-MoS2-NM,3.8667324860917374
HgI2-MoS2-NM,1.725380522986185
InBr2-MoS2-NM,0.0
InCl2-MoS2-NM,0.0
InI2-MoS2-NM,0.0
IrBr2-MoS2-NM,0.0
IrCl2-MoS2-NM,0.0
IrI2-MoS2-NM,0.0
MgBr2-MoS2-NM,6.580674442993661
MgCl2-MoS2-NM,8.451462469308012
MgI2-MoS2-NM,5.029639368262824
MoBr2-MoS2-NM,0.0
MoCl2-MoS2-NM,0.0
NbBr2-MoS2-NM,0.0
NbCl2-MoS2-NM,0.0
NbI2-MoS2-NM,0.0
OsI2-MoS2-NM,0.0
PbBr2-MoS2-NM,4.628431617626986
PbCl2-MoS2-NM,5.129392243067717
PbI2-MoS2-NM,3.4832779961960316
PdBr2-MoS2-NM,0.0
PdI2-MoS2-NM,0.0
PtBr2-MoS2-NM,0.0
PtCl2-MoS2-NM,0.0
PtI2-MoS2-NM,0.0
RhI2-MoS2-NM,0.0
SnBr2-MoS2-NM,4.144370891917852
SnCl2-MoS2-NM,4.478440367247197
SnI2-MoS2-NM,3.4529990825284944
SrBr2-MoS2-NM,8.080049714065883
SrCl2-MoS2-NM,9.20145702115718
SrI2-MoS2-NM,6.557485595932887
TaBr2-MoS2-NM,0.0
TaCl2-MoS2-NM,0.0
TaI2-MoS2-NM,0.0
TiBr2-MoS2-NM,1.207763397737806
TiCl2-MoS2-NM,1.5624602052040462
TiI2-MoS2-NM,0.7629302920028518
TlBr2-MoS2-NM,0.0
TlCl2-MoS2-NM,0.0
TlI2-MoS2-NM,0.0
WBr2-MoS2-NM,0.0
WCl2-MoS2-NM,0.0
WI2-MoS2-NM,0.0
ZnBr2-MoS2-NM,4.117658172441452
ZnCl2-MoS2-NM,5.678519732245654
ZnI2-MoS2-NM,2.3741317765461902
ZrBr2-MoS2-NM,2.0740342221568273
ZrCl2-MoS2-NM,2.200775285730737
ZrI2-MoS2-NM,1.7546762516455612
TiAs2-MoS2-NM,0.0
S2Sb-MoS2-NM,0.0
TaSb2-MoS2-NM,0.0
SbTe2-MoS2-NM,0.0
Bi2Ti-MoS2-NM,0.0
TaAs2-MoS2-NM,0.0
BiSe2-MoS2-NM,0.0
BiS2-MoS2-NM,0.0
BiTe2-MoS2-NM,0.0
CrAs2-MoS2-NM,0.0
HfAs2-MoS2-NM,0.0
Bi2Hf-MoS2-NM,0.0
HfSb2-MoS2-NM,0.0
MoAs2-MoS2-NM,0.0
MoSb2-MoS2-NM,0.0
NbAs2-MoS2-NM,0.0
Bi2Nb-MoS2-NM,0.0
NbSb2-MoS2-NM,0.0
SbSe2-MoS2-NM,0.0
TiSb2-MoS2-NM,0.0
VAs2-MoS2-NM,0.0
VSb2-MoS2-NM,0.0
WAs2-MoS2-NM,0.0
ZrAs2-MoS2-NM,0.0
Bi2Zr-MoS2-NM,0.0
ZrSb2-MoS2-NM,0.0
Ag2I6-BiI3-NM,0.0
Al2Br6-BiI3-NM,6.707414652591049
Al2Cl6-BiI3-NM,9.0838829896387
Al2I6-BiI3-NM,3.9092517718650335
As2Br6-BiI3-NM,4.137184209556068
As2I6-BiI3-NM,3.284788656750086
Au2I6-BiI3-NM,0.10812353503489547
Bi2Br6-BiI3-NM,3.9732141526875733
Bi2Cl6-BiI3-NM,4.458761312083617
Bi2I6-BiI3-NM,3.0669281098939396
Br6Sb2-BiI3-NM,4.002267510704107
Co2Br6-BiI3-NM,2.044177818026665
Co2Cl6-BiI3-NM,2.5002195426951546
Co2I6-BiI3-NM,1.0563744528179024
Cu2I6-BiI3-NM,0.0
Ga2Br6-BiI3-NM,4.331516756812299
Ga2Cl6-BiI3-NM,6.203526610600042
Ga2I6-BiI3-NM,2.117170855709977
Hf2Br6-BiI3-NM,0.0
Hf2Cl6-BiI3-NM,0.0
Hf2I6-BiI3-NM,0.0
I6Sb2-BiI3-NM,3.2675713487018534
In2Br6-BiI3-NM,4.839148378465847
In2Cl6-BiI3-NM,6.456038421707456
In2I6-BiI3-NM,2.942167942456443
Ir2Br6-BiI3-NM,2.762877117618639
Ir2Cl6-BiI3-NM,3.183636089862461
Ir2I6-BiI3-NM,2.3760719218698862
Os2I6-BiI3-NM,0.0
Rh2Br6-BiI3-NM,2.513534333757922
Rh2Cl6-BiI3-NM,2.8999156021544077
Rh2I6-BiI3-NM,1.6975925789085278
Ru2I6-BiI3-NM,0.054118771908170604
Sc2Br6-BiI3-NM,5.453154193697824
Sc2Cl6-BiI3-NM,6.796681938513106
Sc2I6-BiI3-NM,3.8065292633292502
Ta2Br6-BiI3-NM,0.0
Ta2Cl6-BiI3-NM,0.0
Ta2I6-BiI3-NM,0.0
Tl2Br6-BiI3-NM,3.0389225800234247
Tl2Cl6-BiI3-NM,4.207878250849665
Tl2I6-BiI3-NM,1.5663529612014226
W2Cl6-BiI3-NM,0.8554055829632041
Y2Br6-BiI3-NM,7.227739806320248
Y2Cl6-BiI3-NM,8.7672426502932
Y2I6-BiI3-NM,5.250068294768253
Ag2Br6-AgBr3-NM,0.0
Ag2I6-AgBr3-NM,0.0
Al2Br6-TiCl3-NM,4.8370678576143336
Al2Cl6-TiCl3-NM,6.988688982095584
Al2I6-TiCl3-NM,2.123646656079303
Au2Br6-AgBr3-NM,0.0
Au2Cl6-AgBr3-NM,0.0
Au2I6-AgBr3-NM,0.0
Bi2Br6-AgBr3-NM,3.819566930292905
Bi2Cl6-AgBr3-NM,4.6154068789246
Bi2I6-TiCl3-NM,2.6594119813214236
Cu2Br6-AgBr3-NM,0.0
Cu2I6-AgBr3-NM,0.0
Ga2Br6-TiCl3-NM,2.6375880294208733
Ga2Cl6-TiCl3-NM,4.451548026029374
Ga2I6-TiCl3-NM,0.45120970628635737
In2Br6-TiCl3-NM,3.6859473279457307
In2Cl6-AgBr3-NM,5.207273286658872
In2I6-TiCl3-NM,1.549702912497601
Ir2Br6-TiCl3-NM,0.2571824350529437
Ir2Cl6-Undefined-NM,0.8178551045086033
Ir2I6-TiCl3-NM,0.27580662993443994
Nb2Br6-TiCl3-NM,0.0
Nb2Cl6-TiCl3-NM,0.0
Os2I6-TiCl3-NM,0.0
Pd2Br6-AgBr3-NM,0.0
Pd2I6-AgBr3-NM,0.0
Pt2I6-AgBr3-NM,0.0
Re2Br6-TiCl3-NM,0.03706652619794992
Re2Cl6-TiCl3-NM,0.010815171582173155
Rh2Br6-Undefined-NM,0.8920023625228555
Rh2Cl6-Undefined-NM,0.9613039029870247
Rh2I6-TiCl3-NM,0.0
Ru2I6-TiCl3-NM,0.0
Sc2Br6-TiCl3-NM,4.803692135655469
Sc2Cl6-AgBr3-NM,5.84353733967722
Sc2I6-TiCl3-NM,3.5871821280685356
Ta2Br6-TiCl3-NM,0.0
Ta2Cl6-TiCl3-NM,0.0
Ta2I6-TiCl3-NM,0.0
Tl2Br6-TiCl3-NM,2.144542532862028
Tl2Cl6-AgBr3-NM,3.1500021902185127
Tl2I6-TiCl3-NM,0.4667440768176343
W2Br6-TiCl3-NM,0.3352385721633635
W2Cl6-TiCl3-NM,1.108515051133657
Y2Br6-AgBr3-NM,6.299648342865156
Y2Cl6-AgBr3-NM,7.815165753367969
Y2I6-TiCl3-NM,4.669313200017637
Cr2C-CdI2-NM,0.0
Hf2CF2-Ti2CO2-NM,0.0
Mo2CF2-Ti2CO2-NM,0.0
Nb2CF2-Ti2CO2-NM,0.0
Sc2CF2-Ti2CO2-NM,2.6100096179634904
Ta2CF2-Ti2CO2-NM,0.0
Ti2CF2-Ti2CO2-NM,0.0
W2CF2-Ti2CO2-NM,0.0
Y2CF2-Ti2CO2-NM,2.6438694387545887
Zr2CF2-Ti2CO2-NM,0.0
Mo2CH2O2-Ti2CH2O2-NM,0.0
Sc2CH2O2-Ti2CH2O2-NM,2.3260057376781846
Ti2CH2O2-Ti2CH2O2-NM,0.0
Y2CH2O2-Ti2CH2O2-NM,2.2988137668868136
Hf2C-CdI2-NM,0.0
Hf2CO2-Ti2CO2-NM,3.002861217214896
Mo2C-CdI2-NM,0.0
Mo2CO2-Ti2CO2-NM,0.0
Nb2C-CdI2-NM,0.0
Nb2CO2-Ti2CO2-NM,0.0
Sc2CO2-Ti2CO2-NM,0.0
Ta2CO2-Ti2CO2-NM,0.0
Ti2CO2-Ti2CO2-NM,1.4578035089077734
W2CO2-Ti2CO2-NM,0.0
Zr2CO2-Ti2CO2-NM,2.9112576329584314
Sc2C-CdI2-NM,0.0
Ta2C-CdI2-NM,0.0
V2C-CdI2-NM,0.0
W2C-CdI2-NM,0.0
Y2C-CdI2-NM,0.0
Y2N-CdI2-NM,0.0
Zr2H2NO2-Ti2CH2O2-NM,0.0
Zr2N-CdI2-NM,0.0
Zr2F2N-Ti2CO2-NM,0.0
Zr2NO2-Ti2CO2-NM,0.0
Hf2H2NO2-Ti2CH2O2-NM,0.0
Hf2NO2-Ti2CO2-NM,0.0
Hf2N-CdI2-NM,0.0
Mo2F2N-Ti2CO2-NM,0.0
Nb2NO2-Ti2CO2-NM,0.0
Nb2N-CdI2-NM,0.0
Sc2F2N-Ti2CO2-NM,0.0
Sc2NO2-Ti2CO2-NM,0.0
Sc2N-CdI2-NM,0.0
Ta2F2N-Ti2CO2-NM,0.0
Ta2NO2-Ti2CO2-NM,0.0
Ta2N-CdI2-NM,0.0
Ti2F2N-Ti2CO2-NM,0.0
Ti2NO2-Ti2CO2-NM,0.0
V2N-CdI2-NM,0.0
W2F2N-Ti2CO2-NM,0.0
Y2F2N-Ti2CO2-NM,0.0
Hf3C2F2-Ti3C2O2-NM,0.0
Mo3C2F2-Ti3C2O2-NM,0.0
Nb3C2F2-Ti3C2O2-NM,0.0
Sc3C2F2-Ti3C2O2-NM,0.0
Ta3C2F2-Ti3C2O2-NM,0.0
Ti3C2F2-Ti3C2O2-NM,0.0
W3C2F2-Ti3C2O2-NM,0.0
Zr3C2F2-Ti3C2O2-NM,0.0
Hf3C2H2O2-Ti3C2H2O2-NM,0.0
Mo3C2H2O2-Ti3C2H2O2-NM,0.0
Nb3C2H2O2-Ti3C2H2O2-NM,0.0
Sc3C2H2O2-Ti3C2H2O2-NM,0.0
Ta3C2H2O2-Ti3C2H2O2-NM,0.0
Ti3C2H2O2-Ti3C2H2O2-NM,0.0
W3C2H2O2-Ti3C2H2O2-NM,0.0
Zr3C2H2O2-Ti3C2H2O2-NM,0.0
Hf3C2O2-Ti3C2O2-NM,1.3183534509807422
Mo3C2-Ti3C2-NM,0.0
Mo3C2O2-Ti3C2O2-NM,0.0
Nb3C2-Ti3C2-NM,0.0
Nb3C2O2-Ti3C2O2-NM,0.0
Sc3C2O2-Ti3C2O2-NM,0.0
Ta3C2O2-Ti3C2O2-NM,0.0
Ti3C2O2-Ti3C2O2-NM,0.969352950055311
W3C2O2-Ti3C2O2-NM,0.0
Y3C2O2-Ti3C2O2-NM,0.0
Zr3C2O2-Ti3C2O2-NM,1.3338444393795688
Sc3C2-Ti3C2-NM,0.0
Ta3C2-Ti3C2-NM,0.0
V3C2-Ti3C2-NM,0.0
W3C2-Ti3C2-NM,0.0
Y3C2-Ti3C2-NM,0.0
Hf3F2N2-Ti3C2O2-NM,0.0
Hf3H2N2O2-Ti3C2H2O2-NM,0.0
Hf3N2O2-Ti3C2O2-NM,0.9705548191592483
Mo3F2N2-Ti3C2O2-NM,0.0
Nb3N2-Ti3C2-NM,0.0
Sc3F2N2-Ti3C2O2-NM,0.0
Sc3N2O2-Ti3C2O2-NM,0.0
Ta3F2N2-Ti3C2O2-NM,0.0
Ta3N2-Ti3C2-NM,0.0
Ti3N2O2-Ti3C2O2-NM,0.20675993252016084
Ti3N2-Ti3C2-NM,0.30704122899099795
W3F2N2-Ti3C2O2-NM,0.0
W3H2N2O2-Ti3C2H2O2-NM,0.0
W3N2O2-Ti3C2O2-NM,0.0
Y3F2N2-Ti3C2O2-NM,0.0
Zr3N2O2-Ti3C2O2-NM,1.0648868600359762
Hf4C3F2-Ti4C3O2-NM,0.0
Mo4C3F2-Ti4C3O2-NM,0.0
Nb4C3F2-Ti4C3O2-NM,0.0
Sc4C3F2-Ti4C3O2-NM,0.0
Ta4C3F2-Ti4C3O2-NM,0.0
Ti4C3F2-Ti4C3O2-NM,0.0
W4C3F2-Ti4C3O2-NM,0.0
Y4C3F2-Ti4C3O2-NM,0.0
Zr4C3F2-Ti4C3O2-NM,0.0
Mo4C3H2O2-Ti4C3H2O2-NM,0.0
Nb4C3H2O2-Ti4C3H2O2-NM,0.0
Sc4C3H2O2-Ti4C3H2O2-NM,0.0
Ti4C3H2O2-Ti4C3H2O2-NM,0.0
W4C3H2O2-Ti4C3H2O2-NM,0.0
Y4C3H2O2-Ti4C3H2O2-NM,0.0
Hf4C3-Ti4C3-NM,0.0
Hf4C3O2-Ti4C3O2-NM,0.0
Mo4C3-Ti4C3-NM,0.0
Mo4C3O2-Ti4C3O2-NM,0.0
Nb4C3-Ti4C3-NM,0.0
Nb4C3O2-Ti4C3O2-NM,0.0
Sc4C3O2-Ti4C3O2-NM,0.0
Ta4C3O2-Ti4C3O2-NM,0.0
Ti4C3O2-Ti4C3O2-NM,0.0
W4C3O2-Ti4C3O2-NM,0.0
Y4C3O2-Ti4C3O2-NM,0.0
Zr4C3O2-Ti4C3O2-NM,0.0
Sc4C3-Ti4C3-NM,0.0
Ta4C3-Ti4C3-NM,0.0
W4C3-Ti4C3-NM,0.0
Y4C3-Ti4C3-NM,0.0
Hf4F2N3-Ti4C3O2-NM,0.0
Hf4H2N3O2-Ti4C3H2O2-NM,0.0
Hf4N3O2-Ti4C3O2-NM,0.0
Hf4N3-Ti4C3-NM,0.0
Mo4F2N3-Ti4C3O2-NM,0.0
Mo4N3-Ti4C3-NM,0.0
Nb4N3-Ti4C3-NM,0.0
Sc4F2N3-Ti4C3O2-NM,0.0
Sc4N3O2-Ti4C3O2-NM,0.0
Ta4H2N3O2-Ti4C3H2O2-NM,0.0
Ti4F2N3-Ti4C3O2-NM,0.0
Ti4N3O2-Ti4C3O2-NM,0.0
W4N3-Ti4C3-NM,0.0
Y4F2N3-Ti4C3O2-NM,0.0
Y4N3O2-Ti4C3O2-NM,0.0
Zr4F2N3-Ti4C3O2-NM,0.0
Zr4N3O2-Ti4C3O2-NM,0.0
Zr4N3-Ti4C3-NM,0.0
CrAsSb-MoSSe-NM,0.0
CrSeTe-MoSSe-NM,0.7942752168554355
CrSSe-MoSSe-NM,1.0202105981341627
CrSTe-MoSSe-NM,0.7313797837818041
BiHfAs-MoSSe-NM,0.0
HfAsSb-MoSSe-NM,0.0
BiHfSb-MoSSe-NM,0.0
HfBrCl-MoSSe-NM,2.269715761321242
HfBrI-MoSSe-NM,2.018379101121453
HfClI-MoSSe-NM,2.1292630931145373
HfSeTe-MoSSe-NM,1.1234357142175018
HfSSe-MoSSe-NM,2.135799024929433
HfSTe-MoSSe-NM,0.9856307569574598
BiMoAs-MoSSe-NM,0.0
MoAsSb-MoSSe-NM,0.0
BiMoSb-MoSSe-NM,0.0
MoBrCl-MoSSe-NM,0.0
MoClI-MoSSe-NM,0.0
MoSeTe-MoSSe-NM,1.6715140690693597
MoSTe-MoSSe-NM,1.6950890007510702
BiNbAs-MoSSe-NM,0.0
NbAsSb-MoSSe-NM,0.0
BiNbSb-MoSSe-NM,0.0
NbBrCl-MoSSe-NM,0.0
NbBrI-MoSSe-NM,0.0
NbClI-MoSSe-NM,0.0
NbSeTe-MoSSe-NM,0.0
NbSSe-MoSSe-NM,0.0
NbSTe-MoSSe-NM,0.0
BiTaAs-MoSSe-NM,0.0
TaAsSb-MoSSe-NM,0.0
BiTaSb-MoSSe-NM,0.0
TaBrCl-MoSSe-NM,0.0
TaBrI-MoSSe-NM,0.0
TaClI-MoSSe-NM,0.0
TaSeTe-MoSSe-NM,0.0
TaSSe-MoSSe-NM,0.0
TaSTe-MoSSe-NM,0.0
BiTiAs-MoSSe-NM,0.0
TiAsSb-MoSSe-NM,0.0
BiTiSb-MoSSe-NM,0.0
TiBrCl-MoSSe-NM,1.3777175089589409
TiBrI-MoSSe-NM,0.9741183072465032
TiClI-MoSSe-NM,1.1303603281053878
TiSeTe-MoSSe-NM,0.8848606960020986
TiSSe-MoSSe-NM,1.5722582068932947
TiSTe-MoSSe-NM,0.9077090854233973
BiVAs-MoSSe-NM,0.0
VAsSb-MoSSe-NM,0.0
BiVSb-MoSSe-NM,0.0
BiWAs-MoSSe-NM,0.0
WAsSb-MoSSe-NM,0.0
BiWSb-MoSSe-NM,0.0
WBrCl-MoSSe-NM,0.0
WBrI-MoSSe-NM,0.0
WClI-MoSSe-NM,0.0
WSeTe-MoSSe-NM,1.5524579416034596
WSSe-MoSSe-NM,2.000942112247726
WSTe-MoSSe-NM,1.7295840473807114
BiZrAs-MoSSe-NM,0.0
ZrAsSb-MoSSe-NM,0.0
BiZrSb-MoSSe-NM,0.0
ZrBrCl-MoSSe-NM,2.138106354540575
ZrBrI-MoSSe-NM,1.9697372958223212
ZrClI-MoSSe-NM,2.061980845254814
ZrSeTe-MoSSe-NM,1.1666239071741635
ZrSSe-MoSSe-NM,2.149349536632167
ZrSTe-MoSSe-NM,1.1006275509912857
AsClTe-MoSSe-NM,2.611193812986447
BiBrS-MoSSe-NM,2.9582634773870886
BiClS-MoSSe-NM,3.2212663022062316
BiClSe-MoSSe-NM,2.754504206811751
BiIS-MoSSe-NM,1.6990168865287212
BiClTe-MoSSe-NM,1.611730062140569
BrSSb-MoSSe-NM,3.0572428367545506
ClSbSe-MoSSe-NM,3.152262136000966
BrSbTe-MoSSe-NM,2.491908810670524
ClSSb-MoSSe-NM,3.269644491826008
ISbSe-MoSSe-NM,2.2079238299770836
ClSbTe-MoSSe-NM,2.667824469361304
BiISe-MoSSe-NM,1.7809171763619889
BiBrTe-MoSSe-NM,1.6461917059494064
BiITe-MoSSe-NM,1.4808803766078984
BrSbSe-MoSSe-NM,2.8953013829840284
ISSb-MoSSe-NM,2.2365185218941406
ISbTe-MoSSe-NM,1.9526313375179258
AsBrS-MoSSe-NM,2.9177928155560373
AsClS-MoSSe-NM,3.3158602563513035
AsBrSe-MoSSe-NM,2.7490089751958267
AsClSe-MoSSe-NM,3.1222294688946297
AsISe-MoSSe-NM,1.3151425883449583
AsIS-MoSSe-NM,1.1926946619701342
AsBrTe-MoSSe-NM,2.326013529410461
AsITe-MoSSe-NM,1.1925244195969804
BiBrSe-MoSSe-NM,2.5690248727608607
Ge2S2-SnS-NM,3.2393023983030744
Ge2Se2-SnS-NM,1.9214822703319023
Ge2Te2-SnS-NM,1.3831021121776637
P4-P-NM,1.7465884927345203
Pb2S2-PbS-NM,2.4742107788574854
Pb2Se2-PbS-NM,1.8288869283780154
Pb2Te2-PbS-NM,1.3751174373138968
S2Si2-SnS-NM,2.7764920727997486
Se2Si2-SnS-NM,2.5631814962697748
Si2Te2-SnS-NM,0.644083195010011
Sn2S2-SnS-NM,2.7626924587292967
Sn2Se2-SnS-NM,1.8061143200498622
Sn2Te2-PbS-NM,1.2079104852744753
As4-P-NM,1.6465768674893302
Al2S2-PbSe-NM,0.0
Al2Se2-PbSe-NM,0.0
Al2Te2-PbSe-NM,0.0
Bi2S2-PbSe-NM,0.0
Bi2Se2-PbSe-NM,0.0
Bi2Te2-PbSe-NM,0.0
Cd2S2-PbSe-NM,0.0
Cd2Se2-PbSe-NM,0.0
Cd2Te2-PbSe-NM,0.0
Ga2S2-PbSe-NM,0.0
Ga2Se2-PbSe-NM,0.0
Ga2Te2-PbSe-NM,0.0
Ge2S2-PbSe-NM,0.0064476889569964335
Ge2Se2-PbSe-NM,0.08270697762407009
Ge2Te2-PbSe-NM,0.0
In2S2-PbSe-NM,0.0
In2Se2-PbSe-NM,0.0
In2Te2-PbSe-NM,0.0
Pb2S2-PbSe-NM,0.4511439482030035
Pb2Se2-PbSe-NM,0.24302132619121797
Pb2Te2-PbSe-NM,0.005087057034736997
S2Sb2-PbSe-NM,0.0
S2Si2-PbSe-NM,0.0
Sb2Se2-PbSe-NM,0.0
Sb2Te2-PbSe-NM,0.0
Se2Si2-PbSe-NM,0.0
Si2Te2-PbSe-NM,0.0
Zn2S2-PbSe-NM,0.0
Zn2Se2-PbSe-NM,0.0
Zn2Te2-PbSe-NM,0.0
Ag2S4-PdS2-NM,0.0
Ag2Se4-PdS2-NM,0.0
Ag2Te4-PdS2-NM,0.0
Al2S4-WTe2-NM,0.0
Al2Se4-WTe2-NM,0.0
Al2Te4-CdI2-NM,0.0
Au2S4-PdS2-NM,0.0
Au2Se4-PdS2-NM,0.0
Au2Te4-PdS2-NM,0.0
Bi2S4-WTe2-NM,0.0
Bi2Te4-WTe2-NM,0.0
Cd2S4-PdS2-NM,3.1737158104032277
Cd2Se4-WTe2-NM,2.791861190521966
Cd2Te4-WTe2-NM,2.1866924348976426
Cu2S4-PdS2-NM,0.0
Cu2Se4-PdS2-NM,0.0
Cu2Te4-PdS2-NM,0.0
Ga2Se4-MnS2-NM,0.0
Ga2Te4-PdS2-NM,0.0
Ge2S4-WTe2-NM,1.3488660527455358
Ge2Se4-WTe2-NM,0.7079897770622499
Ge2Te4-MnS2-NM,0.2020209275406617
In2S4-Undefined-NM,1.6605422566467203
In2Se4-MnS2-NM,0.0
In2Te4-MnS2-NM,0.0
Ir2S4-PdS2-NM,0.0
Ir2Se4-PdS2-NM,0.0
Ir2Te4-PdS2-NM,0.0
Ni2S4-PdS2-NM,2.1571095408071916
Ni2Se4-PdS2-NM,2.0422415021428466
Ni2Te4-PdS2-NM,1.8388784886278686
Os2S4-MnS2-NM,0.17089125430748764
Os2Se4-MnS2-NM,0.2614578008953128
Os2Te4-MnS2-NM,0.24037892305009345
Pb2S4-WTe2-NM,2.5842032082456505
Pb2Se4-WTe2-NM,1.9501688620695208
Pb2Te4-WTe2-NM,0.8455261309304845
Pd2S4-PdS2-NM,2.4006157073830403
Pd2Se4-PdS2-NM,2.2532698726067086
Pd2Te4-PdS2-NM,1.9686311761234871
Pt2S4-PdS2-NM,3.067118777933656
Pt2Se4-PdS2-NM,2.6809339393562626
Pt2Te4-PdS2-NM,2.3204677041796224
Rh2S4-PdS2-NM,0.0
Rh2Se4-PdS2-NM,0.0
Rh2Te4-PdS2-NM,0.0
Ru2S4-MnS2-NM,0.2360127603837059
Ru2Se4-MnS2-NM,0.18734821348436625
Ru2Te4-MnS2-NM,0.3010955130505395
S4Sb2-WTe2-NM,0.0
Sb2Te4-PdS2-NM,0.0
Sc2Te4-MnS2-NM,0.0
Sn2Se4-WTe2-NM,1.512121184549118
Sn2Te4-WTe2-NM,0.0
Tl2S4-WTe2-NM,0.0
Tl2Se4-WTe2-NM,0.0
Tl2Te4-WTe2-NM,0.0
Zn2S4-PdS2-NM,3.4578173126174687
Zn2Se4-PdS2-NM,2.7651264341089257
Zn2Te4-PdS2-NM,2.0920140038246218
Br4C16Cl4Ge2H48N4-PbA2I4-NM,2.370322815479108
Br4C16Cl4Ge2H48N4-PbA2I4-NM-2,4.127803011193617
Br4C16Ge2H48I4N4-PbA2I4-NM,3.0460756099748103
Br4C16Ge2H48I4N4-PbA2I4-NM-2,1.792388632341288
Br8C16Ge2H48N4-PbA2I4-NM,2.9272741962008313
C16Cl4Ge2H48I4N4-PbA2I4-NM,3.9299938360918816
C16Cl4Ge2H48I4N4-PbA2I4-NM-2,1.6969556283928773
C16Cl8Ge2H48N4-PbA2I4-NM,4.060367841018371
C16Ge2H48I8N4-PbA2I4-NM,1.8047835945602002
Pb2Br4C16Cl4H48N4-PbA2I4-NM,3.1274635195743814
Pb2Br4C16Cl4H48N4-PbA2I4-NM-2,3.7405879099807393
Pb2Br4C16H48I4N4-PbA2I4-NM,3.0385516216814485
Pb2Br4C16H48I4N4-PbA2I4-NM-2,2.3115494847443276
Pb2Br8C16H48N4-PbA2I4-NM,3.122408972350737
Pb2C16Cl4H48I4N4-PbA2I4-NM,3.3756539954867684
Pb2C16Cl4H48I4N4-PbA2I4-NM-2,2.2712643912609747
Pb2C16Cl8H48N4-PbA2I4-NM,3.8413797577789133
Pb2C16H48I8N4-PbA2I4-NM,2.408288022413039
Sn2Br4C16Cl4H48N4-PbA2I4-NM,2.3952723411018084
Sn2Br4C16Cl4H48N4-PbA2I4-NM-2,3.1539882215240365
Sn2Br4C16H48I4N4-PbA2I4-NM,2.3345923718286805
Sn2Br4C16H48I4N4-PbA2I4-NM-2,1.7171346296702614
Sn2Br8C16H48N4-PbA2I4-NM,2.3986901911742553
Sn2C16Cl4H48I4N4-PbA2I4-NM,3.1125830726010677
Sn2C16Cl4H48I4N4-PbA2I4-NM-2,1.686663137123026
Sn2C16Cl8H48N4-PbA2I4-NM,3.273278771018574
Sn2C16H48I8N4-PbA2I4-NM,1.8302953769354549
Co4S8-ReS2-NM,0.42331935296803636
Co4Se8-CdI2-NM,0.0
In4Br8-Undefined-NM,2.8134587291861393
Ir4S8-ReS2-NM,1.40434639911995
Ir4Se8-ReS2-NM,1.451147083830343
Ir4Te8-ReS2-NM,0.7918767592630949
Nb4O8-Undefined-NM,1.2529407285544116
Re4O8-ReS2-NM,1.9716965306796799
Re4S8-ReS2-NM,1.9074812988273901
Re4Se8-ReS2-NM,1.6820094834893375
Re4Te8-ReS2-NM,1.425702646370748
Rh4S8-ReS2-NM,1.1819597495926657
Rh4Se8-ReS2-NM,0.8922373473323448
Ta4O8-Undefined-NM,1.3778258097236507
AuO2-CdI2-NM,0.0
AuS2-CdI2-NM,0.0
AuS2-MoS2-NM,0.0
AuSe2-CdI2-NM,0.0
AuSe2-MoS2-NM,0.0
AuTe2-CdI2-NM,0.0
AuTe2-MoS2-NM,0.0
CoS2-CdI2-NM,0.0
CoS2-MoS2-NM,0.0
CoSe2-CdI2-NM,0.0
CoSe2-MoS2-NM,0.0
CoTe2-CdI2-NM,0.0
CoTe2-MoS2-NM,0.0
CrO2-MoS2-NM,1.484432980864483
CrS2-CdI2-NM,0.0
CrS2-MoS2-NM,1.1232301511009268
CrSe2-CdI2-NM,0.0
CrSe2-MoS2-NM,0.9086499423997031
CrTe2-MoS2-NM,0.6626677121663246
CuS2-CdI2-NM,0.0
CuS2-MoS2-NM,0.0
CuSe2-CdI2-NM,0.0
CuSe2-MoS2-NM,0.0
CuTe2-CdI2-NM,0.0
CuTe2-MoS2-NM,0.0
GeO2-CdI2-NM,6.638609695869528
GeO2-MoS2-NM,3.429150360302577
GeS2-CdI2-NM,1.8612378925673054
GeS2-MoS2-NM,0.0
GeSe2-CdI2-NM,0.6610365289823528
GeSe2-MoS2-NM,0.0
GeTe2-CdI2-NM,0.0
GeTe2-MoS2-NM,0.0
HfO2-CdI2-NM,8.081882341669523
HfO2-MoS2-NM,4.352438062189544
HfS2-CdI2-NM,3.2190058692791683
HfS2-MoS2-NM,2.5202135122220297
HfSe2-CdI2-NM,2.078600696381362
HfSe2-MoS2-NM,2.0682526981664053
HfTe2-CdI2-NM,0.0
HfTe2-MoS2-NM,1.067654577010288
HgO2-CdI2-NM,0.0
HgS2-MoS2-NM,0.0
HgSe2-CdI2-NM,0.0
HgSe2-MoS2-NM,0.05805402358781331
HgTe2-CdI2-NM,0.0
HgTe2-MoS2-NM,0.0
IrO2-CdI2-NM,0.0
IrS2-CdI2-NM,0.0
IrS2-MoS2-NM,0.0
IrSe2-CdI2-NM,0.0
IrSe2-MoS2-NM,0.0
IrTe2-CdI2-NM,0.0
IrTe2-MoS2-NM,0.0
MoO2-CdI2-NM,0.0
MoO2-MoS2-NM,2.0322193122949375
MoS2-CdI2-NM,0.0
MoS2-MoS2-NM,2.2084299346974587
MoSe2-CdI2-NM,0.0
MoSe2-MoS2-NM,1.882521232662759
MoTe2-CdI2-NM,0.14551964170486448
MoTe2-MoS2-NM,1.4072094524201797
NbO2-MoS2-NM,0.0
NbS2-CdI2-NM,0.0
NbS2-MoS2-NM,0.0
NbSe2-CdI2-NM,0.0
NbSe2-MoS2-NM,0.0
NbTe2-CdI2-NM,0.0
NbTe2-MoS2-NM,0.0
NiO2-CdI2-NM,2.619511885589083
NiS2-CdI2-NM,1.193994589259069
NiS2-MoS2-NM,0.0
NiSe2-CdI2-NM,0.6762142026497469
NiSe2-MoS2-NM,0.0
NiTe2-CdI2-NM,0.0
NiTe2-MoS2-NM,0.0
OsS2-CdI2-NM,0.0
OsS2-MoS2-NM,0.0
OsSe2-CdI2-NM,0.0
OsSe2-MoS2-NM,0.0
OsTe2-CdI2-NM,0.0
OsTe2-MoS2-NM,0.0
PbO2-MoS2-NM,1.3979913723246051
PbS2-CdI2-NM,1.6272344864763069
PbS2-MoS2-NM,3.3137828371633806
PbSe2-CdI2-NM,0.6805063918951135
PbSe2-MoS2-NM,2.621178565282893
PbTe2-CdI2-NM,0.0
PbTe2-MoS2-NM,0.0
PdO2-CdI2-NM,2.848539505465178
PdO2-MoS2-NM,0.0
PdS2-CdI2-NM,1.9650340562493493
PdS2-MoS2-NM,0.11141414316719533
PdSe2-CdI2-NM,1.2159542043350906
PdSe2-MoS2-NM,0.3171335699378308
PdTe2-CdI2-NM,0.0
PdTe2-MoS2-NM,0.0
PtO2-CdI2-NM,3.2442450976766866
PtS2-CdI2-NM,2.7652969677732333
PtS2-MoS2-NM,0.0
PtSe2-CdI2-NM,1.9891075234277118
PtSe2-MoS2-NM,0.0
PtTe2-CdI2-NM,1.1165858211689075
PtTe2-MoS2-NM,0.0
ReO2-CdI2-NM,0.0
ReO2-MoS2-NM,0.0
ReS2-CdI2-NM,0.0
ReS2-MoS2-NM,0.0
ReSe2-CdI2-NM,0.0
ReSe2-MoS2-NM,0.0
ReTe2-CdI2-NM,0.0
ReTe2-MoS2-NM,0.0
RhO2-CdI2-NM,0.0
RhS2-CdI2-NM,0.0
RhS2-MoS2-NM,0.0
RhSe2-CdI2-NM,0.0
RhSe2-MoS2-NM,0.0
RhTe2-CdI2-NM,0.0
RhTe2-MoS2-NM,0.0
RuO2-CdI2-NM,0.0
RuO2-MoS2-NM,0.0
RuS2-MoS2-NM,0.0
RuSe2-MoS2-NM,0.0
RuTe2-CdI2-NM,0.0
RuTe2-MoS2-NM,0.0
ScS2-CdI2-NM,0.0
ScSe2-CdI2-NM,0.0
ScTe2-CdI2-NM,0.0
ScTe2-MoS2-NM,0.0
SnO2-CdI2-NM,5.665551831425553
SnO2-MoS2-NM,2.7532632272991204
SnS2-CdI2-NM,3.0500605592568584
SnS2-MoS2-NM,1.9149907348715889
SnSe2-CdI2-NM,1.8311996147322422
SnSe2-MoS2-NM,0.7475227388917447
SnTe2-CdI2-NM,0.0
SnTe2-MoS2-NM,0.0
TaO2-CdI2-NM,0.0
TaO2-MoS2-NM,0.0
TaS2-CdI2-NM,0.0
TaS2-MoS2-NM,0.0
TaSe2-CdI2-NM,0.0
TaSe2-MoS2-NM,0.0
TaTe2-CdI2-NM,0.0
TaTe2-MoS2-NM,0.0
TiO2-CdI2-NM,4.9448953534019315
TiO2-MoS2-NM,2.9802341066666536
TiS2-CdI2-NM,0.9486720038059224
TiS2-MoS2-NM,1.966321893971068
TiSe2-CdI2-NM,0.0
TiSe2-MoS2-NM,1.5739896241571296
TiTe2-CdI2-NM,0.0
TiTe2-MoS2-NM,0.8032621130468292
VS2-CdI2-NM,0.0
VSe2-CdI2-NM,0.0
WO2-CdI2-NM,0.0
WO2-MoS2-NM,2.084740223340412
WS2-CdI2-NM,0.0
WS2-MoS2-NM,2.158895417420065
WSe2-CdI2-NM,0.0
WSe2-MoS2-NM,1.788084771122914
WTe2-CdI2-NM,0.15485387703733122
WTe2-MoS2-NM,1.1439797962119362
ZrO2-CdI2-NM,7.812655839148756
ZrO2-MoS2-NM,4.095050173579625
ZrS2-CdI2-NM,3.002553104226331
ZrS2-MoS2-NM,2.354112654095301
ZrSe2-CdI2-NM,1.8662272706975713
ZrSe2-MoS2-NM,2.017707344646417
ZrTe2-CdI2-NM,0.0
ZrTe2-MoS2-NM,1.087463512565416
AgH2-MoS2-NM,0.0
AgLi2-MoS2-NM,0.0
AuH2-MoS2-NM,0.0
AuLi2-MoS2-NM,0.0
CoH2-MoS2-NM,0.0
CrLi2-MoS2-NM,0.0
CuH2-MoS2-NM,0.0
CuLi2-MoS2-NM,0.0
HfH2-MoS2-NM,0.192212924167126
HfLi2-MoS2-NM,0.0
IrH2-MoS2-NM,0.0
IrLi2-MoS2-NM,0.0
MoH2-MoS2-NM,0.0
Li2Mo-MoS2-NM,0.0
Li2Nb-MoS2-NM,0.0
NiH2-MoS2-NM,0.0
Li2Ni-MoS2-NM,0.0
OsH2-MoS2-NM,0.0
Li2Os-MoS2-NM,0.0
Li2Pb-MoS2-NM,0.0
PtH2-MoS2-NM,0.0
Li2Pt-MoS2-NM,0.0
ReH2-MoS2-NM,0.0
Li2Re-MoS2-NM,0.0
RhH2-MoS2-NM,0.0
Li2Rh-MoS2-NM,0.0
RuH2-MoS2-NM,0.0
Li2Ru-MoS2-NM,0.0
TaH2-MoS2-NM,0.0
TiH2-MoS2-NM,0.6067676688905475
Li2Ti-MoS2-NM,0.0
VH2-MoS2-NM,0.0
Li2V-MoS2-NM,0.0
WH2-MoS2-NM,0.0
Li2W-MoS2-NM,0.0
ZrH2-MoS2-NM,0.031023607931011554
Li2Zr-MoS2-NM,0.0
CrMo3S8-CrW3S8-NM,1.5902313245527084
CrW3S8-CrW3S8-NM,1.5257189117644097
CrW3Se8-CrW3S8-NM,1.223054337179858
Mo2W2S8-CrWS4-NM,2.1600894438741403
Mo2W2Se8-CrWS4-NM,1.8270815090434156
Mo2W2Te8-CrWS4-NM,1.3048017505317913
Mo3WS8-CrW3S8-NM,2.183512535623346
Mo3WSe8-CrW3S8-NM,1.8549661826495645
Mo3WTe8-CrW3S8-NM,1.3562624169820146
MoW3S8-CrW3S8-NM,2.160452684926512
MoW3Se8-CrW3S8-NM,1.81284073363924
MoW3Te8-CrW3S8-NM,1.2347212409056307
Hf2Ti2S8-CrWS4-NM,1.9104853526267997
Hf2Ti2Se8-CrWS4-NM,1.4622352360870998
Hf2Ti2Te8-CrWS4-NM,0.4710421992380962
Ti2Zr2S8-CrWS4-NM,1.8501980499470365
Ti2Zr2Se8-CrWS4-NM,1.4661646125307413
Ti2Zr2Te8-CrWS4-NM,0.5567620427920146
HfTi3S8-CrW3S8-NM,1.8386747672498616
HfTi3Se8-CrW3S8-NM,1.306990679224711
HfTi3Te8-CrW3S8-NM,0.4652668301691576
Ti3ZrS8-CrW3S8-NM,1.8208351820467144
Ti3ZrSe8-CrW3S8-NM,1.3533941869803487
Ti3ZrTe8-CrW3S8-NM,0.49879576535370607
Hf3TiS8-CrW3S8-NM,2.091770017850092
Hf3TiSe8-CrW3S8-NM,1.5954170216109205
Hf3TiTe8-CrW3S8-NM,0.527041308758015
TiZr3S8-CrW3S8-NM,2.1166210416681195
TiZr3Se8-CrW3S8-NM,1.6072499544818157
TiZr3Te8-CrW3S8-NM,0.6652801076491153
Hf2Zr2S8-CrWS4-NM,2.4033723709699557
Hf2Zr2Se8-CrWS4-NM,1.8300855868082055
Hf2Zr2Te8-CrWS4-NM,0.650361971392386
HfZr3S8-CrW3S8-NM,2.4002182940818857
HfZr3Se8-CrW3S8-NM,1.8167087339830972
HfZr3Te8-CrW3S8-NM,0.7060689911843805
Hf3ZrS8-CrW3S8-NM,2.388906955725692
Hf3ZrSe8-CrW3S8-NM,1.8173561720435392
Hf3ZrTe8-CrW3S8-NM,0.610484491946516
Ag2Br2N2-FeOCl-NM,0.0
Ag2Br2O2-FeOCl-NM,0.0
Ag2Br2S2-FeOCl-NM,0.0
Ag2Br2Se2-FeOCl-NM,0.0
Ag2Cl2N2-FeOCl-NM,0.0
Ag2Cl2O2-FeOCl-NM,0.0
Ag2Cl2S2-FeOCl-NM,0.0
Ag2Cl2Se2-FeOCl-NM,0.0
Ag2I2N2-FeOCl-NM,0.0
Ag2I2O2-FeOCl-NM,0.0
Ag2I2S2-FeOCl-NM,0.0
Ag2I2Se2-FeOCl-NM,0.0
Al2Br2N2-FeOCl-NM,0.0
Al2Br2O2-FeOCl-NM,7.1459949128780735
Al2Br2S2-FeOCl-NM,4.040566781193011
Al2Br2Se2-FeOCl-NM,3.0230418275704682
Al2Cl2N2-FeOCl-NM,0.0
Al2Cl2O2-FeOCl-NM,9.54528579604481
Al2Cl2S2-FeOCl-NM,4.115913342951451
Al2Cl2Se2-FeOCl-NM,2.9438902149588584
Al2I2O2-FeOCl-NM,3.9439296193267115
Al2I2S2-FeOCl-NM,3.058929119121821
Al2I2Se2-FeOCl-NM,2.823684450429223
Au2Br2N2-FeOCl-NM,0.0
Au2Br2O2-FeOCl-NM,0.0
Au2Br2S2-FeOCl-NM,0.0
Au2Br2Se2-FeOCl-NM,0.0
Au2Cl2N2-FeOCl-NM,0.0
Au2Cl2O2-FeOCl-NM,0.0
Au2Cl2Se2-FeOCl-NM,0.0
Au2I2N2-FeOCl-NM,0.0
Au2I2O2-FeOCl-NM,0.0
Au2I2S2-FeOCl-NM,0.0
Au2I2Se2-FeOCl-NM,0.0
Bi2Br2N2-FeOCl-NM,0.0
Bi2Br2O2-FeOCl-NM,3.553836381195545
Bi2Br2S2-FeOCl-NM,2.3560776677969724
Bi2Br2Se2-FeOCl-NM,1.7616614121321916
Bi2Cl2N2-FeOCl-NM,0.0
Bi2Cl2O2-FeOCl-NM,4.038289485541933
Bi2Cl2S2-FeOCl-NM,2.4659778773067673
Bi2Cl2Se2-FeOCl-NM,1.8111219116062713
Bi2I2N2-FeOCl-NM,0.0
Bi2I2O2-FeOCl-NM,2.7923999558063644
Bi2I2S2-FeOCl-NM,2.061078714775005
Bi2I2Se2-FeOCl-NM,1.6714156268928084
Br2Ge2N2-FeOCl-NM,2.8284301063269277
Br2Ge2O2-FeOCl-NM,0.0
Br2Ge2S2-FeOCl-NM,0.0
Br2Ge2Se2-FeOCl-NM,0.0
Cl2Ge2N2-FeOCl-NM,3.2615484106901036
Cl2Ge2O2-FeOCl-NM,0.0
Cl2Ge2S2-FeOCl-NM,0.0
Cl2Ge2Se2-FeOCl-NM,0.0
Co2Br2N2-FeOCl-NM,0.0
Co2Br2O2-FeOCl-NM,0.7926808400435159
Co2Br2S2-FeOCl-NM,0.0686986645075982
Co2Br2Se2-FeOCl-NM,0.0
Co2Cl2N2-FeOCl-NM,0.0
Co2Cl2O2-FeOCl-NM,0.9409294941037252
Co2Cl2S2-FeOCl-NM,0.04379253875742606
Co2Cl2Se2-FeOCl-NM,0.0
Co2I2N2-FeOCl-NM,0.0
Co2I2O2-FeOCl-NM,0.06031384356321068
Co2I2S2-FeOCl-NM,0.0
Co2I2Se2-FeOCl-NM,0.0
Cu2Br2N2-FeOCl-NM,0.0
Cu2Br2O2-FeOCl-NM,0.0
Cu2Cl2O2-FeOCl-NM,0.0
Cu2Cl2Se2-FeOCl-NM,0.0
Cu2I2N2-FeOCl-NM,0.0
Cu2I2O2-FeOCl-NM,0.0
Cu2I2S2-FeOCl-NM,0.0
Cu2I2Se2-FeOCl-NM,0.0
Cu2Cl2S2-FeOCl-NM,0.0
Cu2Br2Se2-FeOCl-NM,0.0
Fe2I2S2-FeOCl-NM,0.0
Ga2Br2N2-FeOCl-NM,0.0
Ga2Br2O2-FeOCl-NM,4.1944294428368245
Ga2Br2S2-FeOCl-NM,2.5750403490717386
Ga2Br2Se2-FeOCl-NM,1.6417550886548633
Ga2Cl2N2-FeOCl-NM,0.0
Ga2Cl2O2-FeOCl-NM,5.9054774452280565
Ga2Cl2S2-FeOCl-NM,2.5620088117147066
Ga2Cl2Se2-FeOCl-NM,1.537595565296403
Ga2I2N2-FeOCl-NM,0.0
Ga2I2O2-FeOCl-NM,2.014176387692661
Ga2I2S2-FeOCl-NM,1.4873783115128716
Ga2I2Se2-FeOCl-NM,1.5741964100267212
Ge2I2N2-FeOCl-NM,0.19311822195105877
Ge2I2O2-FeOCl-NM,0.0
Ge2I2S2-FeOCl-NM,0.0
Ge2I2Se2-FeOCl-NM,0.0
Hf2Br2N2-FeOCl-NM,3.72229011157938
Hf2Br2O2-FeOCl-NM,0.0
Hf2Br2S2-FeOCl-NM,0.0
Hf2Br2Se2-FeOCl-NM,0.0
Hf2Cl2N2-FeOCl-NM,3.765491033604614
Hf2Cl2O2-FeOCl-NM,0.0
Hf2Cl2S2-FeOCl-NM,0.0
Hf2Cl2Se2-FeOCl-NM,0.0
Hf2I2N2-FeOCl-NM,2.994611694394928
Hf2I2O2-FeOCl-NM,0.0
Hf2I2S2-FeOCl-NM,0.0
Hf2I2Se2-FeOCl-NM,0.0
Hg2Br2N2-FeOCl-NM,0.0
Hg2Cl2N2-FeOCl-NM,0.0
Hg2Cl2S2-FeOCl-NM,0.0
Hg2Cl2Se2-FeOCl-NM,0.0
Hg2I2N2-FeOCl-NM,0.0
Hg2I2O2-FeOCl-NM,0.0
Hg2I2S2-FeOCl-NM,0.0
Hg2Br2Se2-FeOCl-NM,0.0
Hg2I2Se2-FeOCl-NM,0.0
In2Br2N2-FeOCl-NM,0.0
In2Br2O2-FeOCl-NM,4.092787562674526
In2Br2S2-FeOCl-NM,3.3418147925826007
In2Br2Se2-FeOCl-NM,2.280178756264586
In2Cl2N2-FeOCl-NM,0.0
In2Cl2O2-FeOCl-NM,5.0330807478518
In2Cl2S2-FeOCl-NM,3.250394065393002
In2Cl2Se2-FeOCl-NM,2.0909000780591853
In2I2N2-FeOCl-NM,0.0
In2I2O2-FeOCl-NM,2.3511124965604324
In2I2S2-FeOCl-NM,2.6576461720057756
In2I2Se2-FeOCl-NM,2.332608724358851
Ir2Br2N2-FeOCl-NM,0.0
Ir2Br2O2-FeOCl-NM,0.9837270478729218
Ir2Br2S2-FeOCl-NM,0.7596767199795036
Ir2Br2Se2-FeOCl-NM,0.2584191027267173
Ir2Cl2N2-FeOCl-NM,0.0
Ir2Cl2O2-FeOCl-NM,1.08608238378282
Ir2Cl2S2-FeOCl-NM,0.7603100150471076
Ir2Cl2Se2-FeOCl-NM,0.24229941305779867
Ir2I2N2-FeOCl-NM,0.0
Ir2I2O2-FeOCl-NM,0.49769089891913015
Ir2I2S2-FeOCl-NM,0.6519112841231305
Ir2I2Se2-FeOCl-NM,0.24469827549457546
Mo2Br2N2-FeOCl-NM,0.0
Mo2Br2O2-FeOCl-NM,0.0
Mo2Br2S2-FeOCl-NM,0.0
Mo2Br2Se2-FeOCl-NM,0.0
Mo2Cl2N2-FeOCl-NM,0.0
Mo2Cl2O2-FeOCl-NM,0.0
Mo2I2N2-FeOCl-NM,0.0
Mo2I2O2-FeOCl-NM,0.0
Mo2I2Se2-FeOCl-NM,0.0
Nb2Br2N2-FeOCl-NM,0.0
Nb2Br2O2-FeOCl-NM,0.0
Nb2Br2S2-FeOCl-NM,0.0
Nb2Br2Se2-FeOCl-NM,0.0
Nb2Cl2N2-FeOCl-NM,0.0
Nb2Cl2O2-FeOCl-NM,0.0
Nb2Cl2S2-FeOCl-NM,0.0
Nb2Cl2Se2-FeOCl-NM,0.0
Nb2I2N2-FeOCl-NM,0.0
Nb2I2O2-FeOCl-NM,0.0
Nb2I2S2-FeOCl-NM,0.0
Nb2I2Se2-FeOCl-NM,0.0
Ni2Br2S2-FeOCl-NM,0.0
Ni2Br2Se2-FeOCl-NM,0.0
Ni2Cl2N2-FeOCl-NM,0.0
Ni2Cl2S2-FeOCl-NM,0.0
Ni2I2N2-FeOCl-NM,0.0
Ni2I2S2-FeOCl-NM,0.0
Ni2I2Se2-FeOCl-NM,0.0
Ni2Br2N2-FeOCl-NM,0.0
Ni2Cl2Se2-FeOCl-NM,0.0
Os2Br2N2-FeOCl-NM,0.0
Os2Br2O2-FeOCl-NM,0.0
Os2Br2S2-FeOCl-NM,0.0
Os2Br2Se2-FeOCl-NM,0.0
Os2Cl2N2-FeOCl-NM,0.0
Os2Cl2O2-FeOCl-NM,0.0
Os2Cl2S2-FeOCl-NM,0.0
Os2Cl2Se2-FeOCl-NM,0.0
Os2I2O2-FeOCl-NM,0.0
Os2I2S2-FeOCl-NM,0.0
Os2I2Se2-FeOCl-NM,0.0
Pb2Br2N2-FeOCl-NM,0.0
Pb2Br2O2-FeOCl-NM,0.0
Pb2Br2S2-FeOCl-NM,0.0
Pb2Cl2N2-FeOCl-NM,0.0
Pb2Cl2O2-FeOCl-NM,0.0
Pb2Cl2S2-FeOCl-NM,0.0
Pb2Cl2Se2-FeOCl-NM,0.0
Pb2I2N2-FeOCl-NM,0.13209995227401494
Pb2I2O2-FeOCl-NM,0.0
Pb2I2S2-FeOCl-NM,0.0
Pb2I2Se2-FeOCl-NM,0.0
Pb2Br2Se2-FeOCl-NM,0.0
Pd2Br2N2-FeOCl-NM,0.0
Pd2Br2O2-FeOCl-NM,0.0
Pd2Br2S2-FeOCl-NM,0.0
Pd2Cl2N2-FeOCl-NM,0.0
Pd2Cl2O2-FeOCl-NM,0.0
Pd2Cl2S2-FeOCl-NM,0.0
Pd2Cl2Se2-FeOCl-NM,0.0
Pd2I2N2-FeOCl-NM,0.0
Pd2I2O2-FeOCl-NM,0.0
Pd2I2S2-FeOCl-NM,0.0
Pd2I2Se2-FeOCl-NM,0.0
Pt2Br2N2-FeOCl-NM,0.5867404686663931
Pt2Br2O2-FeOCl-NM,0.0
Pt2Br2S2-FeOCl-NM,0.0
Pt2Br2Se2-FeOCl-NM,0.0
Pt2Cl2N2-FeOCl-NM,0.8024509257133947
Pt2Cl2O2-FeOCl-NM,0.0
Pt2Cl2S2-FeOCl-NM,0.0
Pt2Cl2Se2-FeOCl-NM,0.0
Pt2I2N2-FeOCl-NM,0.0
Pt2I2O2-FeOCl-NM,0.0
Pt2I2S2-FeOCl-NM,0.0
Pt2I2Se2-FeOCl-NM,0.0
Rh2Br2N2-FeOCl-NM,0.0
Rh2Br2O2-FeOCl-NM,0.48955168973300456
Rh2Br2S2-FeOCl-NM,0.22886897570517384
Rh2Br2Se2-FeOCl-NM,0.0
Rh2Cl2N2-FeOCl-NM,0.0
Rh2Cl2O2-FeOCl-NM,0.5936063490132346
Rh2Cl2Se2-FeOCl-NM,0.0
Rh2I2N2-FeOCl-NM,0.0
Rh2I2O2-FeOCl-NM,0.0
Rh2I2S2-FeOCl-NM,0.20915751578519282
Rh2I2Se2-FeOCl-NM,0.0
Rh2Cl2S2-FeOCl-NM,0.21330792433115153
Ru2Br2N2-FeOCl-NM,0.0
Ru2Br2O2-FeOCl-NM,0.0
Ru2Br2S2-FeOCl-NM,0.0
Ru2Br2Se2-FeOCl-NM,0.0
Ru2Cl2N2-FeOCl-NM,0.0
Ru2Cl2O2-FeOCl-NM,0.0
Ru2Cl2S2-FeOCl-NM,0.0
Ru2Cl2Se2-FeOCl-NM,0.0
Ru2I2S2-FeOCl-NM,0.0
Ru2I2Se2-FeOCl-NM,0.0
Ru2I2N2-FeOCl-NM,0.0
Sc2Br2N2-FeOCl-NM,0.0
Sc2Br2O2-FeOCl-NM,5.813115433386628
Sc2Br2S2-FeOCl-NM,3.9454175271284413
Sc2Br2Se2-FeOCl-NM,2.9939938992562363
Sc2Cl2N2-FeOCl-NM,0.0
Sc2Cl2O2-FeOCl-NM,7.373903742208093
Sc2Cl2S2-FeOCl-NM,3.9415116481399024
Sc2Cl2Se2-FeOCl-NM,2.9266428085104113
Sc2I2N2-FeOCl-NM,0.0
Sc2I2O2-FeOCl-NM,3.6105496953035074
Sc2I2S2-FeOCl-NM,3.2719432481613695
Sc2I2Se2-FeOCl-NM,2.7944551562458093
Sn2Br2N2-FeOCl-NM,2.665601954178696
Sn2Br2O2-FeOCl-NM,0.0
Sn2Br2S2-FeOCl-NM,0.0
Sn2Br2Se2-FeOCl-NM,0.0
Sn2Cl2N2-FeOCl-NM,2.7122863004883984
Sn2Cl2O2-FeOCl-NM,0.0
Sn2Cl2S2-FeOCl-NM,0.0
Sn2Cl2Se2-FeOCl-NM,0.0
Sn2I2N2-FeOCl-NM,1.978719484910206
Sn2I2O2-FeOCl-NM,0.0
Sn2I2S2-FeOCl-NM,0.0
Sn2I2Se2-FeOCl-NM,0.0
Ta2Br2O2-FeOCl-NM,0.0
Ta2Br2S2-FeOCl-NM,0.0
Ta2Br2Se2-FeOCl-NM,0.0
Ta2Cl2N2-FeOCl-NM,0.0
Ta2Cl2O2-FeOCl-NM,0.0
Ta2Cl2S2-FeOCl-NM,0.0
Ta2Cl2Se2-FeOCl-NM,0.0
Ta2I2N2-FeOCl-NM,0.0
Ta2I2O2-FeOCl-NM,0.0
Ta2I2S2-FeOCl-NM,0.0
Ta2I2Se2-FeOCl-NM,0.0
Ta2Br2N2-FeOCl-NM,0.0
Ti2Br2N2-FeOCl-NM,1.656534653508304
Ti2Br2O2-FeOCl-NM,0.0
Ti2Br2S2-FeOCl-NM,0.0
Ti2Cl2N2-FeOCl-NM,1.6659970375460271
Ti2I2N2-FeOCl-NM,0.2581658408576333
Ti2I2O2-FeOCl-NM,0.0
Ti2I2S2-FeOCl-NM,0.0
Tl2Br2N2-FeOCl-NM,0.0
Tl2Br2O2-FeOCl-NM,2.040504986738192
Tl2Cl2N2-FeOCl-NM,0.0
Tl2Cl2O2-FeOCl-NM,2.458231133252546
Tl2I2N2-FeOCl-NM,0.0
Tl2I2O2-FeOCl-NM,0.8389891543029115
Tl2I2S2-FeOCl-NM,0.7471496752784001
V2Br2N2-FeOCl-NM,0.0
V2Cl2N2-FeOCl-NM,0.0
W2Br2N2-FeOCl-NM,0.0
W2Br2O2-FeOCl-NM,0.0
W2Br2Se2-FeOCl-NM,0.0
W2Cl2N2-FeOCl-NM,0.0
W2Cl2O2-FeOCl-NM,0.0
W2Cl2S2-FeOCl-NM,0.0
W2Cl2Se2-FeOCl-NM,0.0
W2I2N2-FeOCl-NM,0.0
W2I2O2-FeOCl-NM,0.0
W2I2Se2-FeOCl-NM,0.0
Zr2Br2N2-FeOCl-NM,3.509807780719326
Zr2Br2O2-FeOCl-NM,0.0
Zr2Br2S2-FeOCl-NM,0.0
Zr2Br2Se2-FeOCl-NM,0.0
Zr2Cl2N2-FeOCl-NM,3.5411894178020233
Zr2Cl2O2-FeOCl-NM,0.0
Zr2Cl2Se2-FeOCl-NM,0.0
Zr2I2N2-FeOCl-NM,2.527085167413278
Zr2I2O2-FeOCl-NM,0.0
Zr2I2S2-FeOCl-NM,0.0
Zr2I2Se2-FeOCl-NM,0.0
Zr2Cl2S2-FeOCl-NM,0.0
Al2O2-GaS-NM,2.563745595577828
Al2S2-GaS-NM,4.313252896239034
Al2Se2-GaS-NM,4.154415784260732
Al2Te2-GaS-NM,3.6761652997975114
Au2O2-GaS-NM,0.0
Au2S2-GaS-NM,0.0
Au2Se2-GaS-NM,0.0
Au2Te2-GaS-NM,0.10406699381641515
Bi2O2-GaS-NM,1.5549731848353932
Bi2S2-GaS-NM,0.740556893275417
Bi2Se2-GaS-NM,0.4045522828921687
Bi2Te2-GaS-NM,0.0
Co2O2-GaS-NM,0.0
Co2S2-GaS-NM,0.0
Co2Se2-GaS-NM,0.0
Co2Te2-GaS-NM,0.0
Cu2S2-GaS-NM,0.0
Cu2Se2-GaS-NM,0.0
Cu2Te2-GaS-NM,0.09649615500675979
Fe2O2-GaS-NM,0.0
Fe2S2-GaS-NM,0.0
Fe2Se2-GaS-NM,0.0
Ga2O2-GaS-NM,3.5488993286487163
Ga2S2-GaS-NM,3.84744202082322
Ga2Se2-GaS-NM,2.961557612695986
Ga2Te2-GaS-NM,2.392540958667755
Hf2O2-GaS-NM,0.0
Hf2S2-GaS-NM,0.0
Hf2Se2-GaS-NM,0.0
Hf2Te2-GaS-NM,0.0
In2O2-GaS-NM,2.088247701775256
In2S2-GaS-NM,3.0511956324088567
In2Se2-GaS-NM,2.5217972967201163
In2Te2-GaS-NM,2.166005073063676
Ir2O2-GaS-NM,0.23072340291946936
Ir2S2-GaS-NM,0.7095263648536255
Ir2Se2-GaS-NM,1.03189888493375
Ir2Te2-GaS-NM,0.0
Mo2O2-GaS-NM,0.0
Mo2S2-GaS-NM,0.0
Mo2Se2-GaS-NM,0.0
Mo2Te2-GaS-NM,0.0
Nb2O2-GaS-NM,0.0
Nb2S2-GaS-NM,0.0
Nb2Se2-GaS-NM,0.0
Nb2Te2-GaS-NM,0.0
Ni2S2-GaS-NM,0.0
Ni2Se2-GaS-NM,0.0
Ni2Te2-GaS-NM,0.0
Os2O2-GaS-NM,0.0
Os2S2-GaS-NM,0.0
Os2Se2-GaS-NM,0.0
Os2Te2-GaS-NM,0.0
Pd2O2-GaS-NM,0.0
Pd2S2-GaS-NM,0.0
Pd2Se2-GaS-NM,0.0
Pd2Te2-GaS-NM,0.0
Pt2O2-GaS-NM,0.0
Pt2S2-GaS-NM,0.0
Pt2Se2-GaS-NM,0.0
Pt2Te2-GaS-NM,0.0
Re2O2-GaS-NM,0.3391899670528191
Re2S2-GaS-NM,0.0
Re2Se2-GaS-NM,0.0
Re2Te2-GaS-NM,0.0
Rh2O2-GaS-NM,0.06115495931181014
Rh2S2-GaS-NM,0.0
Rh2Se2-GaS-NM,0.0
Rh2Te2-GaS-NM,0.0
Ru2O2-GaS-NM,0.0
Ru2S2-GaS-NM,0.0
Ru2Se2-GaS-NM,0.0
Ru2Te2-GaS-NM,0.0
Sc2O2-GaS-NM,1.5330621277226788
Sc2S2-GaS-NM,1.2362633925200235
Sc2Se2-GaS-NM,1.1551871880851254
Sc2Te2-GaS-NM,0.82523244535063
Ta2O2-GaS-NM,0.0
Ta2S2-GaS-NM,0.0
Ta2Se2-GaS-NM,0.0
Ti2O2-GaS-NM,0.0
Ti2S2-GaS-NM,0.0
Ti2Se2-GaS-NM,0.0
Ti2Te2-GaS-NM,0.5000824586052377
Tl2O2-GaS-NM,0.5956489009562231
Tl2S2-GaS-NM,1.3502236995456003
Tl2Se2-GaS-NM,1.0136706223058765
Tl2Te2-GaS-NM,0.7500480201614508
V2S2-GaS-NM,0.6523534234481327
V2Se2-GaS-NM,0.7642987538152854
V2Te2-GaS-NM,0.7304522479939057
W2O2-GaS-NM,0.19751835574202414
W2S2-GaS-NM,0.0
W2Se2-GaS-NM,0.0
W2Te2-GaS-NM,0.032054688524092434
Zr2O2-GaS-NM,0.0
Zr2S2-GaS-NM,0.0
Zr2Se2-GaS-NM,0.6287644927430849
Zr2Te2-GaS-NM,0.8488430950325299
Co2S6-Undefined-NM,0.0
Co2Se6-Undefined-NM,0.0
Fe2Te6-VTe3-NM,0.0
Hf2O6-TiS3-NM,6.318469279370246
Hf2S6-TiS3-NM,2.192679067420225
Hf2Se6-TiS3-NM,1.206221835180148
Hf2Te6-TiS3-NM,0.0
Ir2S6-Undefined-NM,0.0
Ir2Se6-VTe3-NM,0.0
Ir2Te6-VTe3-NM,0.0
Nb2S6-TiS3-NM,0.0
Os2Se6-VTe3-NM,0.0
W2S6-TiS3-NM,0.0
C2F2-CH-NM,5.07030095511856
C2H2-CH-NM,7.324722277982493
F2Ge2-CH-NM,0.1617191260837929
Ge2H2-CH-NM,1.4810308042266978
F2Si2-CH-NM,1.7029137525138616
H2Si2-CH-NM,3.597809644575756
CF2Si-CH2Si-NM,3.775414755807828
CH2Si-CH2Si-NM,7.810685967878559
Sn2F2-CH-NM,0.41433478803416346
Sn2H2-CH-NM,0.6222740796146078
Hf4Cl4S4-HfBrS-NM,0.0
Hf4Cl4Se4-HfBrS-NM,0.0
Hf4I4Se4-HfBrS-NM,0.0
Zr4Br4Se4-HfBrS-NM,0.0
Zr4Cl4Se4-HfBrS-NM,0.0
Zr4I4S4-HfBrS-NM,0.0
