Ag2O2-AuSe-NM,0.16404518986948569
Ag2S2-AuSe-NM,0.9615952254143036
Ag2Se2-AuSe-NM,0.7507151143459239
Ag2Te2-AuSe-NM,0.47829837444801093
Au2O2-AuSe-NM,0.17549336136906168
Au2S2-AuSe-NM,1.2177889981467143
Au2Se2-AuSe-NM,0.956756790618174
Au2Te2-AuSe-NM,0.6221541948368916
Co2O2-AuSe-FM,0.0
Co2S2-NiSe-FM,0.0
Co2S2-NiSe-NM,0.0
Co2Se2-NiSe-FM,0.0
Cr2O2-RhO-FM,0.0
Cr2S2-NiSe-AFM,0.0
Cr2Se2-NiSe-AFM,0.0
Cu2O2-AuSe-NM,0.0
Cu2S2-AuSe-NM,0.6235929360811756
Cu2Se2-AuSe-NM,0.44733035259349574
Cu2Te2-NiSe-NM,0.0
Fe2O2-AuSe-FM,0.0
Fe2S2-NiSe-FM,0.0
Fe2Se2-NiSe-FM,0.0
Hf2O2-AuSe-FM,0.0
Hf2O2-AuSe-NM,0.0
Hf2S2-AuSe-FM,0.0
Hf2S2-AuSe-NM,0.0
Hf2Se2-NiSe-NM,0.0
Hf2Te2-NiSe-NM,0.0
Ir2O2-AuSe-NM,0.0
Ir2S2-NiSe-NM,0.0
Ir2Te2-NiSe-NM,0.0
Mn2S2-NiSe-AFM,0.0
Mn2Se2-NiSe-FM,0.0
Mn2Te2-NiSe-FM,0.0
Mo2O2-RhO-FM,0.0
Mo2O2-RhO-NM,0.0
Mo2S2-Undefined-NM,0.0
Mo2Se2-Undefined-NM,0.0
Mo2Te2-Undefined-NM,0.0
Nb2O2-RhO-NM,0.0
Nb2S2-NiSe-NM,0.0
Nb2Se2-NiSe-NM,0.0
Nb2Te2-NiSe-NM,0.0
Ni2O2-AuSe-FM,0.0
Ni2O2-AuSe-NM,0.0
Ni2Se2-NiSe-FM,0.0
Ni2Te2-NiSe-FM,0.0
Os2O2-RhO-NM,0.0
Os2S2-RhO-NM,0.0
Os2Se2-RhO-NM,0.0
Os2Te2-Undefined-NM,0.0
Pb2Te2-AuSe-NM,0.0
Pt2O2-AuSe-NM,0.0
Pt2S2-AuSe-NM,0.0
Pt2Se2-NiSe-NM,0.0
Pt2Te2-NiSe-NM,0.0
Re2O2-RhO-NM,0.0
Re2S2-RhO-NM,0.0
Re2Te2-Undefined-NM,0.0
Rh2O2-RhO-NM,0.0
Rh2S2-AuSe-NM,0.0
Rh2Se2-AuSe-NM,0.0
Rh2Te2-NiSe-NM,0.0
Ru2O2-RhO-NM,0.0
Ru2S2-RhO-NM,0.0
Ru2Se2-RhO-NM,0.0
Ru2Te2-Undefined-NM,0.0
Sc2O2-AuSe-FM,0.0
Sc2O2-AuSe-NM,0.0
Sc2S2-AuSe-NM,0.0
Sc2Se2-NiSe-FM,0.0
Sc2Se2-NiSe-NM,0.0
Sc2Te2-NiSe-FM,0.0
Sc2Te2-NiSe-NM,0.0
Ta2O2-RhO-NM,0.0
Ta2S2-NiSe-NM,0.0
Ta2Se2-NiSe-NM,0.0
Ta2Te2-NiSe-NM,0.0
Ti2O2-AuSe-FM,0.0
Ti2O2-AuSe-NM,0.0
Ti2S2-NiSe-NM,0.0
Ti2Se2-NiSe-NM,0.0
V2O2-RhO-NM,0.0
V2S2-NiSe-FM,0.0
V2S2-NiSe-NM,0.0
V2S2-NiSe-AFM,0.0
V2Se2-NiSe-NM,0.0
V2Se2-NiSe-AFM,0.0
V2Te2-NiSe-FM,0.0
V2Te2-NiSe-NM,0.0
W2O2-AuSe-NM,0.0
W2S2-AuSe-NM,0.0
W2Se2-NiSe-NM,0.0
W2Te2-NiSe-NM,0.0
Zr2O2-AuSe-FM,0.0
Zr2O2-AuSe-NM,0.0
Zr2S2-NiSe-NM,0.0
Zr2Se2-NiSe-NM,0.0
Zr2Te2-NiSe-NM,0.0
AlAs-BN-NM,1.237286521153964
AlN-BN-NM,2.8925403511090266
AlSb-GeSe-NM,1.4532327705459531
AsB-BN-NM,0.756502950155413
BN-BN-NM,4.666851527655789
BP-BN-NM,0.8982029615220604
BSb-BN-NM,0.313964267465364
GaAs-GeSe-NM,1.093558343233171
GaN-BN-NM,1.8765379810832519
GaP-GeSe-NM,1.5832469661585473
GeO-GeSe-NM,2.079948511636611
GeS-GeSe-NM,2.4467494432513845
GeSe-GeSe-NM,2.2191455884964126
GeTe-GeSe-NM,1.4676334776239564
HgO-BN-NM,0.30189917776435005
HgS-BN-NM,0.0
HgSe-GeSe-NM,0.0
HgTe-GeSe-NM,0.15584280002521922
InAs-GeSe-NM,0.6845443211663884
InN-BN-NM,0.6155402894073023
InP-GeSe-NM,1.0636797128864321
InSb-GeSe-NM,0.47100186912646036
PbO-GeSe-NM,1.7001881973859048
PbS-GeSe-NM,1.8330156567780835
PbSe-GeSe-NM,1.5179359932450849
PbTe-GeSe-NM,0.91005873895682
SnO-GeSe-NM,1.6745388324595565
SnS-GeSe-NM,2.2879253857436073
SnSe-GeSe-NM,2.151801718861842
SnTe-GeSe-NM,1.5575810495043005
AsBrS-BiTeI-NM,1.3873173619193622
AsClS-BiTeI-NM,1.5351246590285408
AsBrSe-BiTeI-NM,1.228199692335881
AsClSe-BiTeI-NM,1.3737008297686186
AsISe-BiTeI-NM,1.152030853987336
AsIS-BiTeI-NM,1.3375496979702954
AsBrTe-BiTeI-NM,1.2378003221316032
AsClTe-BiTeI-NM,1.4789805382514338
AsITe-BiTeI-NM,0.9838076263233938
BiBrS-BiTeI-NM,0.9294774142020779
BiClS-BiTeI-NM,1.0376621985801235
BiBrSe-BiTeI-NM,0.7697933446805485
BiClSe-BiTeI-NM,0.8847813486221847
BiISe-BiTeI-NM,0.6481338333238784
BiIS-BiTeI-NM,0.8198681174060809
BiBrTe-BiTeI-NM,0.6299037238390031
BiClTe-BiTeI-NM,0.6367883667457845
BiITe-BiTeI-NM,0.4507131656605545
BrSSb-BiTeI-NM,1.219742456259983
ClSSb-BiTeI-NM,1.3182554779599074
BrSbSe-BiTeI-NM,1.0717386664833835
ClSbSe-BiTeI-NM,1.1735489197605564
ISbSe-BiTeI-NM,1.0158953125726586
ISSb-BiTeI-NM,1.2231120604280834
BrSbTe-BiTeI-NM,1.0553246775197538
ClSbTe-BiTeI-NM,1.2580010461490512
ISbTe-BiTeI-NM,0.8440408710143759
BiWSb-BiTeI-NM,0.0
WBrI-BiTeI-NM,0.0
WSeTe-BiTeI-NM,0.0
WSSe-BiTeI-NM,0.0
BiZrAs-BiTeI-NM,0.0
ZrAsSb-BiTeI-NM,0.0
ZrBrCl-BiTeI-NM,0.0
ZrBrI-BiTeI-NM,0.0
ZrSeTe-BiTeI-NM,0.0
ZrSSe-BiTeI-NM,0.6132168975560026
ZrSTe-BiTeI-NM,0.0
BiCrAs-BiTeI-NM,0.034657501694922765
CrAsSb-BiTeI-FM,0.0
CrAsSb-BiTeI-NM,0.0
BiCrSb-BiTeI-FM,0.0
CrBrCl-BiTeI-FM,0.0
CrBrI-BiTeI-FM,0.0
CrClI-BiTeI-FM,0.0
CrSeTe-BiTeI-NM,0.0
CrSSe-BiTeI-NM,0.0
CrSTe-BiTeI-NM,0.0
BiHfAs-BiTeI-NM,0.0
HfAsSb-BiTeI-NM,0.0
BiHfSb-BiTeI-NM,0.0
HfBrCl-BiTeI-NM,0.0
HfBrI-BiTeI-NM,0.0
HfClI-BiTeI-NM,0.0
HfSeTe-BiTeI-NM,0.0
HfSSe-BiTeI-NM,0.6824394247511676
HfSTe-BiTeI-NM,0.0
BiMoAs-BiTeI-NM,0.0
MoAsSb-BiTeI-NM,0.0
BiMoSb-BiTeI-NM,0.0
MoBrCl-BiTeI-NM,0.0
MoBrI-BiTeI-NM,0.0
MoClI-BiTeI-NM,0.0
MoSeTe-BiTeI-NM,0.0
MoSSe-BiTeI-NM,0.0
MoSTe-BiTeI-NM,0.20400724197629383
BiNbAs-BiTeI-NM,0.0
NbAsSb-BiTeI-NM,0.0
BiNbSb-BiTeI-NM,0.0
NbBrCl-BiTeI-NM,0.0
NbBrI-BiTeI-NM,0.0
NbClI-BiTeI-NM,0.0
NbSeTe-BiTeI-NM,0.0
NbSSe-BiTeI-NM,0.0
NbSTe-BiTeI-NM,0.0
BiTaAs-BiTeI-NM,0.0
TaAsSb-BiTeI-NM,0.0
BiTaSb-BiTeI-NM,0.0
TaBrCl-BiTeI-NM,0.0
TaBrI-BiTeI-NM,0.0
TaClI-BiTeI-NM,0.0
TaSeTe-BiTeI-NM,0.0
TaSSe-BiTeI-NM,0.0
TaSTe-BiTeI-NM,0.0
BiTiAs-BiTeI-NM,0.0
TiAsSb-BiTeI-NM,0.0
BiTiSb-BiTeI-NM,0.0
TiBrCl-BiTeI-FM,0.0
TiBrCl-BiTeI-NM,0.0
TiBrI-BiTeI-FM,0.0
TiClI-BiTeI-FM,0.0
TiSeTe-BiTeI-NM,0.0
TiSSe-BiTeI-NM,0.0
TiSTe-BiTeI-NM,0.0
BiVAs-BiTeI-NM,0.0
VAsSb-BiTeI-NM,0.0
BiVSb-BiTeI-FM,0.0
BiVSb-BiTeI-NM,0.0
VBrCl-BiTeI-FM,1.2895142246887987
VBrI-BiTeI-FM,1.188745899679884
VClI-BiTeI-FM,1.099915257269754
VSeTe-BiTeI-FM,0.0
VSSe-BiTeI-FM,0.0
VSSe-BiTeI-NM,0.0
VSTe-BiTeI-FM,0.0
BiWAs-BiTeI-NM,0.0
WAsSb-BiTeI-NM,0.0
WBrCl-BiTeI-NM,0.0
WClI-BiTeI-NM,0.0
WSTe-BiTeI-NM,0.20314076824282595
BiZrSb-BiTeI-NM,0.0
ZrClI-BiTeI-NM,0.0
As2-C-NM,1.4832875404725574
C2-C-NM,0.00030006851143049573
Ge2-C-NM,0.02506291135927219
Si2-C-NM,0.0015991418242595756
Sn2-C-NM,0.06465870774177551
As2C6-C3N-NM,0.0
As2Ge6-C3N-NM,0.0
As2Si6-C3N-NM,0.0
Bi2C6-C3N-NM,0.0
Bi2Ge6-C3N-NM,0.0
Bi2Pb6-C3N-NM,0.0
Bi2Si6-C3N-NM,0.0
Bi2Sn6-C3N-NM,0.0
C6N2-C3N-NM,0.39586765465439927
C6P2-C3N-NM,0.0
C6Sb2-C3N-NM,0.0
Ge6N2-C3N-NM,0.0
Ge6P2-C3N-NM,0.0
Ge6Sb2-C3N-NM,0.0
N2Si6-C3N-NM,0.0
P2Si6-C3N-NM,0.0
Pb6As2-C3N-NM,0.0
Pb6N2-C3N-NM,0.0
Pb6P2-C3N-NM,0.0
Pb6Sb2-C3N-NM,0.0
Sb2Si6-C3N-NM,0.0
Sn6As2-C3N-NM,0.0
Sn6N2-C3N-NM,0.0
Sn6P2-C3N-NM,0.0
Sn6Sb2-C3N-NM,0.0
Sc2S2-CH-FM,0.0
Sc2S2-CH-NM,0.0
Sc2Se2-CH-FM,0.0
Sc2Se2-CH-NM,0.0
Sc2Te2-CH-FM,0.0
Sc2F2-CH-FM,0.0
Sc2I2-CH-FM,0.0
Ti2S2-CH-NM,0.053631602763604014
Ti2Se2-CH-NM,0.0
Ti2Te2-CH-FM,0.0
Ti2F2-CH-NM,0.0
Ti2Cl2-CH-NM,0.012818478541740008
Ti2Br2-CH-NM,0.0
Ti2Br2-CH-AFM,0.2424554305107437
Ti2I2-CH-FM,0.0
Ti2I2-CH-NM,0.0
V2S2-CH-NM,0.0
V2Se2-CH-NM,0.0
V2Te2-CH-NM,0.0
V2Te2-CH-AFM,0.0
V2F2-CH-NM,0.0
V2I2-CH-NM,0.0
V2I2-CH-AFM,0.07839744620547273
Cr2S2-CH-FM,0.0
Cr2Se2-CH-FM,0.0
Cr2Se2-CH-AFM,0.0
Cr2Te2-CH-AFM,0.0
Cr2F2-CH-NM,0.0
Cr2Cl2-CH-AFM,0.6466452412908767
Cr2Br2-CH-AFM,0.6125206044371176
Cr2I2-CH-FM,0.0
Cr2I2-CH-AFM,0.6529511310173383
Mn2S2-CH-AFM,0.4084542400800184
Mn2Se2-CH-AFM,0.614190868194058
Mn2Te2-CH-AFM,0.4956556519470213
Mn2Br2-CH-AFM,1.1238714025503325
Fe2S2-CH-AFM,0.0
Fe2Se2-CH-FM,0.0
Fe2Se2-CH-AFM,0.0
Fe2Te2-CH-FM,0.0
Fe2F2-CH-AFM,0.29559890897288454
Fe2Cl2-CH-FM,0.0
Fe2Cl2-CH-AFM,0.32127097894198314
Fe2Br2-CH-FM,0.0
Fe2Br2-CH-AFM,0.14089497027719083
Fe2I2-CH-FM,0.0
Co2S2-CH-NM,0.0
Co2Se2-CH-NM,0.0
Co2Te2-CH-NM,0.0
Co2F2-CH-FM,0.0
Co2F2-CH-AFM,0.0
Co2Cl2-CH-FM,0.0
Co2Cl2-CH-AFM,0.0
Co2Br2-CH-FM,0.06485133648291846
Co2Br2-CH-AFM,0.0
Co2I2-CH-FM,0.0
Ni2S2-CH-NM,0.0
Ni2Se2-CH-NM,0.0
Ni2Te2-CH-NM,0.0
Ni2F2-CH-FM,0.0
Ni2F2-CH-AFM,0.3551921351739167
Ni2Cl2-CH-FM,0.0
Ni2Br2-CH-FM,0.0
Ni2I2-CH-FM,0.0
Cu2S2-CH-NM,0.0
Cu2Se2-CH-NM,0.0
Cu2Te2-CH-NM,0.0
Cu2F2-CH-FM,0.0
Cu2F2-CH-NM,0.0
Cu2Cl2-CH-NM,1.2275983874185166
Cu2Br2-CH-NM,1.5215971080568398
Cu2I2-CH-NM,1.787080901243654
Zn2S2-CH-NM,2.557009094672684
Zn2Se2-CH-NM,1.621475472721278
Zn2Te2-CH-NM,0.5444694273236493
Zn2F2-CH-NM,0.0
Zn2Cl2-CH-NM,0.0
Zn2Br2-CH-NM,0.0
Ga2Te2-CH-NM,0.0
Br2Ge2-CH-NM,0.0
Ge2I2-CH-NM,0.0
Zr2S2-CH-NM,0.13221181451216701
Zr2Se2-CH-NM,0.01971695290238156
Zr2Te2-CH-NM,0.0
Zr2F2-CH-NM,0.0
Zr2Cl2-CH-NM,0.036873110909041995
Zr2Br2-CH-NM,0.04507394515897889
Zr2I2-CH-NM,0.0
Nb2S2-CH-NM,0.0
Nb2Se2-CH-NM,0.0
Nb2Te2-CH-NM,0.0
Nb2I2-ISb-NM,0.0
Mo2S2-CH-NM,0.0
Mo2Se2-CH-NM,0.0
Mo2Te2-CH-NM,0.0
Mo2F2-CH-NM,0.0
Mo2Cl2-CH-NM,0.0
Mo2Br2-CH-NM,0.0
Ru2S2-CH-NM,0.0
Ru2Se2-CH-NM,0.0
Ru2Te2-CH-NM,0.0
Ru2F2-GaSe-NM,0.0
Ru2Cl2-CH-NM,0.0
Rh2S2-CH-NM,0.0
Rh2Se2-CH-NM,0.0
Rh2Te2-CH-NM,0.0
Rh2F2-CH-FM,0.0
Rh2Cl2-CH-FM,0.0
Rh2Br2-CH-FM,0.0
Rh2I2-CH-NM,0.0
Pd2S2-CH-NM,0.0
Pd2Se2-CH-NM,0.0
Pd2Te2-CH-NM,0.0
Pd2F2-GaSe-NM,0.8649103554127868
Pd2Cl2-CH-NM,0.0
Pd2Br2-CH-NM,0.0
Pd2I2-CH-NM,0.0
Ag2Se2-CH-NM,0.0
Ag2Te2-CH-NM,0.0
Ag2F2-Undefined-NM,0.4974432242782525
Ag2Cl2-CH-NM,1.5685107878611904
Ag2Br2-CH-NM,1.7235717934577146
Ag2I2-CH-NM,1.7685758141218209
Cd2S2-CH-NM,1.7858080116984572
Cd2Se2-CH-NM,1.4023847514827665
Cd2Te2-CH-NM,0.6325069939876036
Cd2F2-CH-NM,0.0
Cd2Cl2-CH-NM,0.0
Cd2Br2-CH-NM,0.0
In2S2-CH-NM,0.0
In2Te2-CH-NM,0.0
In2I2-CH-NM,0.9885668402990555
Sn2Cl2-CH-NM,0.0
Sn2Br2-CH-NM,0.0
Sn2I2-CH-NM,0.0
S2Sb2-CH-NM,0.3616768198494784
Sb2Se2-CH-NM,0.23641389184125983
Sb2Te2-CH-NM,0.0
F2Sb2-Undefined-NM,0.0
Cl2Sb2-CH-NM,0.43435415324858395
Br2Sb2-CH-NM,0.4420647095170298
I2Sb2-ISb-NM,0.5837693574922291
Hf2S2-CH-NM,0.13366304119692213
Hf2Se2-CH-NM,0.041991262200301555
Hf2Te2-CH-FM,0.0
Hf2Te2-CH-NM,0.0
Hf2F2-CH-NM,0.0
Hf2Cl2-CH-NM,0.0
Hf2Br2-CH-NM,0.0
Hf2I2-CH-NM,0.0
Ta2S2-CH-NM,0.0
Ta2Se2-CH-NM,0.0
Ta2Te2-CH-NM,0.0
Ta2I2-CH-NM,0.0
W2S2-CH-NM,0.0
W2Se2-CH-NM,0.0
W2F2-CH-NM,0.0
W2Cl2-CH-NM,0.0
Re2S2-CH-NM,0.2375182824390255
Re2Cl2-CH-NM,0.0
Os2S2-CH-NM,0.0
Ir2S2-CH-NM,0.0
Ir2Se2-CH-NM,0.0
Ir2Te2-CH-NM,0.0
Ir2F2-Undefined-NM,0.0
Ir2Cl2-ISb-NM,0.0
Pt2S2-CH-NM,0.0
Pt2Se2-CH-NM,0.0
Pt2Te2-CH-NM,0.0
Pt2Cl2-GaSe-NM,1.3120389597368987
Au2Se2-CH-NM,0.0
Au2Te2-CH-NM,0.0
Au2Br2-CH-NM,0.4859087621659204
Au2I2-CH-NM,0.8271034633997005
Hg2Se2-CH-NM,0.0
Hg2Te2-CH-NM,0.08479304469874327
Hg2F2-CH-NM,0.0
Hg2Cl2-CH-NM,0.1288164598155248
Hg2Br2-CH-NM,0.18807885478550324
Hg2I2-GaSe-NM,1.276615213259293
Tl2Se2-CH-NM,0.0
Tl2Te2-CH-NM,0.0
Tl2Cl2-CH-NM,3.6506760016913535
Tl2Br2-ISb-NM,3.0803381611944025
Tl2I2-CH-NM,2.4164255098165737
Pb2Te2-CH-NM,0.4576977315266775
Pb2F2-CH-NM,0.11622944245866962
Pb2Cl2-CH-NM,0.40927331307109505
Pb2Br2-CH-NM,0.44535635524706063
Bi2S2-CH-NM,0.3442509616091277
Bi2Se2-CH-NM,0.23021672293786508
Bi2Te2-CH-NM,0.05031934463891935
Bi2F2-CH-NM,0.0
Bi2Cl2-CH-NM,0.8953273608079799
Bi2Br2-CH-NM,0.8645038156472689
Bi2I2-CH-NM,0.7899637262679182
Fe2Br2-FeSe-FM,0.0
Co2O2-PbSe-AFM,0.0
Co2O2-FeSe-FM,0.0
Co2S2-FeSe-FM,0.0
Co2Se2-FeSe-FM,0.0
Co2Se2-FeSe-NM,0.0
Co2Te2-FeSe-NM,0.0
Cr2O2-FeSe-AFM,0.40898602026226016
Cr2O2-FeSe-FM,0.0
Cr2S2-FeSe-AFM,0.0
Cr2S2-FeSe-FM,0.0
Cr2Se2-FeSe-AFM,0.0
Cr2Se2-FeSe-FM,0.0
Cr2Te2-FeSe-AFM,0.0
Cr2Te2-FeSe-FM,0.0
Fe2O2-PbSe-AFM,0.0
Fe2S2-FeSe-NM,0.0
Fe2Se2-FeSe-AFM,0.0
Fe2Te2-FeSe-AFM,0.0
Fe2Te2-FeSe-FM,0.0
Hf2O2-FeSe-NM,0.0
Hf2S2-FeSe-NM,0.0
Hf2Se2-FeSe-NM,0.0
Hf2Te2-FeSe-NM,0.0
Ir2O2-FeSe-FM,0.0
Ir2O2-FeSe-NM,0.0
Ir2S2-FeSe-NM,0.0
Ir2Se2-FeSe-NM,0.0
Ir2Te2-FeSe-NM,0.0
Mn2O2-FeSe-AFM,1.0594265835962196
Mn2O2-FeSe-FM,0.0
Mn2S2-FeSe-AFM,0.7803825595653351
Mn2S2-FeSe-FM,0.0
Mn2Se2-FeSe-AFM,0.8979489453541953
Mn2Se2-FeSe-FM,0.0
Mn2Te2-FeSe-AFM,0.6943161333933916
Mn2Te2-FeSe-FM,0.0
Mo2O2-FeSe-NM,0.0
Mo2S2-FeSe-NM,0.0
Mo2Se2-FeSe-NM,0.0
Mo2Te2-FeSe-NM,0.0
Nb2O2-FeSe-NM,0.0
Nb2S2-FeSe-NM,0.0
Nb2Se2-FeSe-NM,0.0
Nb2Te2-FeSe-NM,0.0
Ni2O2-PbSe-AFM,0.0
Ni2O2-PbSe-FM,0.0
Ni2S2-FeSe-NM,0.0
Ni2Se2-FeSe-NM,0.0
Ni2Te2-FeSe-FM,0.0
Ni2Te2-FeSe-NM,0.0
Os2O2-FeSe-NM,0.0
Os2S2-FeSe-NM,0.0
Os2Se2-FeSe-NM,0.0
Os2Te2-FeSe-NM,0.0
Pb2O2-FeSe-NM,0.24196978882858744
Pb2S2-FeSe-NM,0.16966405287237407
Pb2Se2-FeSe-NM,0.0
Pb2Te2-FeSe-NM,0.050055148794145854
Pt2O2-FeSe-NM,0.4322816482077747
Pt2S2-FeSe-NM,0.0
Pt2Se2-FeSe-NM,0.0
Pt2Te2-FeSe-NM,0.0
Re2O2-FeSe-NM,0.0
Re2S2-FeSe-NM,0.0
Re2Se2-FeSe-NM,0.0
Re2Te2-FeSe-NM,0.0
Rh2O2-FeSe-NM,0.0
Rh2S2-FeSe-FM,0.0
Rh2S2-FeSe-NM,0.0
Rh2Se2-FeSe-NM,0.0
Rh2Te2-FeSe-NM,0.0
Ru2O2-FeSe-NM,0.0
Ru2S2-FeSe-NM,0.0
Ru2Se2-FeSe-NM,0.0
Ru2Te2-FeSe-NM,0.0
Sc2O2-FeSe-NM,0.0
Sc2S2-FeSe-NM,0.0
Sc2Se2-FeSe-NM,0.0
Sc2Te2-FeSe-NM,0.0
Ta2O2-FeSe-NM,0.0
Ta2S2-FeSe-NM,0.0
Ta2Se2-FeSe-NM,0.0
Ta2Te2-FeSe-NM,0.0
Ti2O2-FeSe-NM,0.0
Ti2S2-FeSe-NM,0.0
Ti2Se2-FeSe-NM,0.0
Ti2Te2-FeSe-FM,0.0
Ti2Te2-FeSe-NM,0.0
V2O2-FeSe-NM,0.0
V2S2-FeSe-FM,0.0
V2S2-FeSe-NM,0.0
V2Se2-FeSe-FM,0.0
V2Se2-FeSe-NM,0.0
V2Te2-FeSe-AFM,0.0
V2Te2-FeSe-NM,0.0
W2O2-FeSe-NM,0.0
W2S2-FeSe-NM,0.0
W2Se2-FeSe-NM,0.0
W2Te2-FeSe-NM,0.0
Zr2O2-FeSe-NM,0.0
Zr2S2-FeSe-NM,0.0
Zr2Se2-FeSe-NM,0.0
Zr2Te2-FeSe-NM,0.0
Fe2I2-FeSe-FM,0.0
Ca2F2-PbSe-NM,0.0
Ca2Br2-FeSe-NM,0.0
Sc2Br2-FeSe-FM,0.0
Ti2I2-FeSe-NM,0.0
V2Cl2-FeSe-FM,0.0
V2Cl2-FeSe-NM,0.0
V2Cl2-FeSe-AFM,0.0
V2I2-FeSe-FM,0.0
V2I2-FeSe-NM,0.0
Cr2Cl2-FeSe-AFM,0.35064834925361066
Mn2F2-FeSe-FM,0.0
Mn2Br2-FeSe-FM,0.0
Mn2Br2-FeSe-AFM,0.0
Fe2Cl2-FeSe-FM,0.0
K2Br2-FeSe-NM,4.3740132915880485
Ca2Cl2-FeSe-NM,0.0
Ca2I2-FeSe-FM,0.1354929591696875
Sc2I2-FeSe-FM,0.0
Ti2Cl2-FeSe-NM,0.0
V2F2-FeSe-FM,0.0
V2F2-FeSe-AFM,0.0
V2Br2-FeSe-FM,0.0
V2Br2-FeSe-NM,0.0
Cr2F2-FeSe-FM,0.0
Cr2Br2-FeSe-AFM,0.39497457757264565
Mn2Cl2-FeSe-FM,0.0
Mn2Cl2-FeSe-AFM,0.0
Co2F2-FeSe-FM,0.0
Co2F2-FeSe-AFM,0.0
Fe2F2-FeSe-FM,0.0
Fe2F2-FeSe-AFM,0.0
K2F2-FeSe-NM,4.964089548845289
K2Cl2-FeSe-NM,4.881860265198265
K2I2-FeSe-NM,3.8850264192209822
Ti2Br2-FeSe-NM,0.0
Cr2I2-FeSe-AFM,0.6784011324115446
Co2Cl2-FeSe-FM,0.0
Co2Cl2-FeSe-AFM,0.0
Co2Br2-FeSe-FM,0.0
Ni2F2-FeSe-AFM,0.0
Ni2Cl2-FeSe-AFM,0.0
Ni2Br2-FeSe-FM,0.0
Ni2Br2-FeSe-AFM,0.0
Ni2I2-FeSe-FM,0.0
Cu2F2-FeSe-NM,0.0
Cu2Cl2-FeSe-NM,1.446579652855591
Cu2Br2-FeSe-NM,1.4961285754193832
Cu2I2-FeSe-NM,1.866194528174605
Zn2I2-FeSe-FM,0.0
Ga2Cl2-FeSe-NM,2.396171521014767
Ga2I2-FeSe-NM,1.7856831610746076
Rb2F2-FeSe-NM,4.556502848119537
Rb2Cl2-FeSe-NM,4.651041832200118
Rb2Br2-FeSe-NM,4.180143385410845
Rb2I2-FeSe-NM,3.713640628904921
Sr2F2-PbSe-NM,0.0
Sr2Br2-FeSe-NM,0.0
Sr2I2-FeSe-FM,0.0
Y2Cl2-FeSe-FM,0.0
Y2Br2-FeSe-FM,0.0
Y2I2-FeSe-FM,0.0
Zr2F2-FeSe-NM,0.0
Zr2Cl2-FeSe-NM,0.0
Zr2Br2-FeSe-NM,0.0
Zr2I2-FeSe-NM,0.0
Nb2Cl2-FeSe-FM,0.0
Nb2Cl2-FeSe-AFM,0.0
Mo2F2-FeSe-AFM,0.0
Ru2F2-FeSe-NM,0.0
Pd2Cl2-FeSe-NM,0.0
Pd2Br2-FeSe-FM,0.0
Pd2Br2-FeSe-NM,0.0
Ag2F2-FeSe-NM,0.5554241595271989
Ag2Cl2-FeSe-NM,2.000395362798301
Ag2Br2-FeSe-NM,1.834454557959172
Ag2I2-FeSe-NM,1.8752836273301723
Cd2F2-FeSe-NM,0.0
In2Cl2-FeSe-NM,2.298897930964324
In2I2-FeSe-NM,1.786814210491237
Sn2Br2-FeSe-NM,0.0
Cs2F2-FeSe-NM,4.150640933791443
Cs2Cl2-FeSe-NM,4.459479347178204
Cs2Br2-FeSe-NM,4.080422813763693
Ba2Cl2-FeSe-NM,0.0
Ba2Br2-FeSe-NM,0.0
Ba2I2-FeSe-NM,0.0
Hf2Cl2-FeSe-NM,0.0
Hf2Br2-FeSe-NM,0.0
Hf2I2-FeSe-NM,0.0
Ta2Cl2-FeSe-FM,0.0
Au2Cl2-FeSe-NM,0.020167878473261958
Au2Br2-FeSe-NM,0.36364730564606385
Au2I2-FeSe-NM,0.7824317261704004
Hg2Br2-FeSe-NM,0.0
Hg2I2-FeSe-FM,0.0
Tl2Br2-FeSe-NM,2.425992290254073
Tl2I2-FeSe-NM,2.093276718223098
Ag2Te2-GaSe-NM,0.0
Al2S2-GaSe-NM,2.1417178359491573
Al2Se2-GaSe-NM,2.1378219533344094
Al2Te2-GaSe-NM,1.9542325289856979
Au2S2-GaSe-NM,0.0
Au2Se2-GaSe-NM,0.0
Au2Te2-GaSe-NM,0.0
Bi2S2-GaSe-NM,0.0
Bi2Se2-GaSe-NM,0.37520303537876565
Bi2Te2-GaSe-NM,0.3289133123832517
Co2S2-GaSe-NM,0.0
Co2Se2-GaSe-FM,0.0
Co2Se2-GaSe-NM,0.0
Co2Te2-GaSe-FM,0.0
Cu2Se2-GaSe-NM,0.0
Cu2Te2-GaSe-FM,0.0
Cu2Te2-GaSe-NM,0.0
Fe2S2-GaSe-NM,0.0
Fe2Se2-GaSe-FM,0.0
Fe2Se2-GaSe-NM,0.0
Fe2Te2-GaSe-FM,0.0
Fe2Te2-GaSe-NM,0.0
Ga2S2-GaSe-NM,2.179787927163596
Ga2Se2-GaSe-NM,1.6438260528992954
Ga2Te2-GaSe-NM,1.2690945448054696
Hf2S2-GaSe-FM,0.0
Hf2S2-GaSe-NM,0.0
Hf2Se2-GaSe-FM,0.0
Hf2Te2-GaSe-NM,0.0
In2S2-GaSe-NM,1.603945750935078
In2Se2-GaSe-NM,1.3210660620007306
In2Te2-GaSe-NM,1.1444524304323778
Ir2S2-GaSe-NM,0.0
Ir2Se2-GaSe-NM,0.1343637816971366
Ir2Te2-GaSe-NM,0.0
Mn2S2-GaSe-FM,0.0
Mn2S2-GaSe-NM,0.0
Mn2Se2-GaSe-AFM,0.0
Mn2Se2-GaSe-FM,0.0
Mn2Te2-GaSe-AFM,0.0
Mn2Te2-GaSe-FM,0.0
Mo2Se2-CH-NM-2,0.0
Nb2S2-GaSe-FM,0.0
Nb2S2-GaSe-NM,0.0
Nb2Se2-GaSe-FM,0.0
Nb2Se2-GaSe-NM,0.0
Nb2Te2-GaSe-NM,0.0
Ni2S2-GaSe-FM,0.0
Ni2S2-GaSe-NM,0.0
Ni2Se2-GaSe-NM,0.0
Ni2Te2-GaSe-NM,0.0
Os2S2-GaSe-NM,0.0
Pd2S2-GaSe-NM,0.0
Pd2Se2-GaSe-NM,0.0
Pd2Te2-GaSe-NM,0.0
Pt2S2-GaSe-NM,0.0
Pt2Se2-GaSe-NM,0.0
Pt2Te2-GaSe-NM,0.0
Rh2S2-GaSe-NM,0.0
Rh2Se2-GaSe-NM,0.0
Rh2Te2-GaSe-NM,0.0
Ru2S2-GaSe-NM,0.0
Ru2Se2-GaSe-NM,0.0
S2Sb2-GaSe-NM,0.0
Sb2Se2-GaSe-NM,0.4405060074068936
Sc2S2-GaSe-NM,0.0
Sc2Se2-GaSe-NM,0.0
Sc2Te2-GaSe-NM,0.0
Ta2S2-GaSe-FM,0.0
Ta2S2-GaSe-NM,0.0
Ta2Se2-GaSe-NM,0.0
Ti2S2-GaSe-FM,0.0
Ti2S2-GaSe-NM,0.0
Ti2Se2-GaSe-FM,0.0
Ti2Te2-GaSe-NM,0.10869481230069439
Tl2S2-GaSe-NM,0.6252195327796242
Tl2Se2-GaSe-NM,0.4464136728327621
Tl2Te2-GaSe-NM,0.2940036611609742
V2S2-GaSe-AFM,0.0
V2S2-GaSe-NM,0.0
V2Se2-GaSe-NM,0.0
W2S2-GaSe-NM,0.0
W2Se2-CH-NM-2,0.0
W2Te2-GaSe-NM,0.0
Zr2S2-GaSe-NM,0.0
Zr2Se2-GaSe-NM,0.0
Zr2Te2-GaSe-NM,0.206814882590942
VI2-GeS2-FM,0.0
CrS2-GeS2-FM,0.0
CrSe2-GeS2-FM,0.0
CrF2-GeS2-FM,0.0
CrCl2-GeS2-FM,0.0
CrI2-GeS2-FM,0.0
MnO2-GeS2-FM,0.0
MnSe2-GeS2-FM,0.0
MnCl2-GeS2-FM,2.024827410944816
MnBr2-GeS2-FM,1.7752863309684381
FeO2-GeS2-NM,0.0
FeS2-GeS2-NM,0.0
FeTe2-GeS2-FM,0.0
FeF2-GeS2-NM,0.13470718024746997
FeBr2-GeS2-FM,0.0
FeI2-GeS2-FM,0.0
CoF2-GeS2-FM,0.30175873093869265
CoCl2-GeS2-FM,0.16751882649021166
CoI2-GeS2-FM,0.0
NiO2-GeS2-FM,0.0
NiSe2-GeS2-FM,0.0
NiSe2-GeS2-NM,0.0
NiTe2-GeS2-FM,0.0
NiTe2-GeS2-NM,0.0
NiCl2-GeS2-NM,0.0
NiBr2-GeS2-FM,0.0
CuO2-GeS2-FM,0.0
CuTe2-GeS2-NM,0.0
CuF2-GeS2-NM,0.0
CuBr2-GeS2-NM,0.0
CuI2-GeS2-NM,0.0
ZnS2-GeS2-NM,0.0
ZnSe2-GeS2-NM,0.0
ZnF2-GeS2-NM,4.4245046246920445
ZnCl2-GeS2-NM,4.213050291403338
ZnI2-GeS2-NM,2.431688075270548
GaO2-GeS2-FM,0.0
GaSe2-GeS2-NM,0.0
GeS2-GeS2-NM,1.344472358259505
GeSe2-GeS2-NM,0.563609501647881
Cl2Ge-GeS2-NM,1.373051228290747
GeI2-GeS2-NM,1.0114009067296998
RbTe2-GeS2-NM,0.0
RbI2-Undefined-NM,0.0
GaTe2-GeS2-NM,0.0
GeO2-GeS2-NM,3.0064734862334426
GeTe2-GeS2-NM,0.0
F2Ge-GeS2-NM,1.5988307726720041
Br2Ge-GeS2-NM,1.3019128604319632
RbSe2-GeS2-NM,0.0
KSe2-GeS2-NM,0.0
KTe2-GeS2-NM,0.0
KI2-Undefined-NM,0.0
CaSe2-GeS2-NM,0.0
CaTe2-GeS2-NM,0.0
CaF2-GeS2-NM,6.450903624566633
CaCl2-GeS2-NM,5.5300703462555525
CaBr2-GeS2-NM,4.741231931928475
CaI2-GeS2-NM,3.9729199009001457
ScS2-GeS2-NM,0.0
ScSe2-GeS2-NM,0.0
ScTe2-GeS2-NM,0.0
ScBr2-GeS2-FM,0.0
ScI2-GeS2-FM,0.0
TiO2-GeS2-NM,3.4805437608320515
TiS2-GeS2-NM,1.2661084734183006
TiSe2-GeS2-NM,0.8776115380334142
TiTe2-GeS2-NM,0.3723294963712953
TiCl2-GeS2-FM,0.0
TiBr2-GeS2-FM,0.0
TiI2-GeS2-FM,0.0
VO2-GeS2-FM,0.0
VS2-GeS2-FM,0.0
VSe2-GeS2-FM,0.0
VTe2-GeS2-FM,0.0
VF2-GeS2-NM,0.0
VCl2-GeS2-FM,0.0
VBr2-GeS2-FM,0.0
CrO2-GeS2-FM,0.0
CrTe2-GeS2-FM,0.0
CrBr2-GeS2-FM,0.0
MnS2-GeS2-FM,0.0
MnS2-GeS2-NM,0.0
MnF2-GeS2-FM,0.0
MnI2-GeS2-FM,1.2234993866845811
FeSe2-GeS2-NM,0.0
FeCl2-GeS2-FM,0.0
CoO2-GeS2-NM,0.0
CoBr2-GeS2-FM,0.17366559944775473
NiF2-GeS2-FM,0.0
NiI2-GeS2-FM,0.0
CuSe2-GeS2-NM,0.0
CuCl2-GeS2-FM,0.0
CuCl2-GeS2-NM,0.0
ZnTe2-GeS2-NM,0.0
ZnBr2-GeS2-NM,3.2724414589784105
GaS2-GeS2-NM,0.0
SrTe2-GeS2-NM,0.0
SrF2-GeS2-NM,6.020569307197841
SrCl2-GeS2-NM,5.266653421488429
SrBr2-GeS2-NM,4.568732067939915
SrI2-GeS2-NM,3.914765686062288
YS2-GeS2-FM,0.0
YSe2-GeS2-NM,0.0
YTe2-GeS2-NM,0.0
YF2-GeS2-FM,0.0
YF2-GeS2-NM,0.0
YCl2-GeS2-NM,0.0
YBr2-GeS2-FM,0.0
YI2-GeS2-FM,0.0
ZrO2-GeS2-NM,4.368747239493178
ZrS2-GeS2-NM,1.9275664431912922
ZrSe2-GeS2-NM,1.4455332716063745
ZrTe2-GeS2-NM,0.7851397424261524
ZrF2-GeS2-NM,0.0
ZrCl2-GeS2-NM,0.0
ZrI2-GeS2-FM,0.0
NbO2-GeS2-FM,0.0
NbS2-GeS2-NM,0.0
NbSe2-GeS2-FM,0.0
NbSe2-GeS2-NM,0.0
NbTe2-GeS2-FM,0.0
NbF2-GeS2-NM,0.0
NbCl2-GeS2-NM,0.0
NbBr2-GeS2-NM,0.0
NbI2-GeS2-FM,0.0
MoO2-GeS2-NM,0.0
MoS2-GeS2-NM,0.0
MoSe2-GeS2-FM,0.0
MoSe2-GeS2-NM,0.0
RuO2-GeS2-NM,0.0
RuS2-GeS2-NM,0.0
RuSe2-GeS2-NM,0.0
RuF2-GeS2-NM,0.0
RhO2-GeS2-NM,0.0
RhF2-GeS2-FM,0.0
RhI2-GeS2-NM,0.0
PdSe2-GeS2-NM,0.0
PdTe2-GeS2-NM,0.0
PdF2-GeS2-FM,0.027161920278319762
PdCl2-GeS2-NM,0.0
PdBr2-GeS2-NM,0.0
PdI2-GeS2-NM,0.0
AgO2-GeS2-FM,0.0
AgSe2-GeS2-NM,0.0
AgTe2-GeS2-NM,0.0
AgF2-Undefined-NM,0.0
AgCl2-GeS2-NM,0.0
AgBr2-GeS2-NM,0.0
AgI2-GeS2-NM,0.0
CdSe2-GeS2-NM,0.0
CdTe2-GeS2-NM,0.0
CdF2-GeS2-NM,3.791353288151759
CdCl2-GeS2-NM,3.6157931525443696
CdBr2-GeS2-NM,2.925361291205905
CdI2-GeS2-NM,2.336091842725856
InS2-GeS2-NM,0.0
InSe2-GeS2-NM,0.0
InTe2-GeS2-NM,0.0
SnO2-GeS2-NM,2.1010483782218827
SnS2-GeS2-NM,1.4381200577597704
SnSe2-GeS2-NM,0.8598281002022081
SnTe2-GeS2-NM,0.3853956534562182
SnF2-GeS2-NM,1.6418072119555234
SnCl2-GeS2-NM,1.4527814084313455
SnBr2-GeS2-NM,1.270074158519534
SnI2-GeS2-NM,1.0933254748185002
S2Sb-GeS2-NM,0.0
SbSe2-GeS2-NM,0.0
Br2Sb-GeS2-FM,0.0
I2Sb-GeS2-FM,0.0
CsF2-Undefined-FM,0.0
BaTe2-GeS2-NM,0.0
BaF2-GeS2-NM,5.654484311001211
BaCl2-GeS2-NM,5.191828076695295
BaBr2-GeS2-NM,4.5587148868709795
BaI2-GeS2-NM,3.9571320297940593
HfO2-GeS2-NM,4.476619083386957
HfS2-GeS2-NM,2.09342685819586
HfSe2-GeS2-NM,1.684573608697488
HfTe2-GeS2-NM,0.9812046874770826
HfF2-GeS2-NM,0.0
HfCl2-GeS2-NM,0.0
HfBr2-GeS2-NM,0.0
HfI2-GeS2-NM,0.0
TaO2-GeS2-FM,0.5563775376895002
TaS2-GeS2-NM,0.0
TaSe2-GeS2-FM,0.0
TaSe2-GeS2-NM,0.0
TaTe2-GeS2-FM,0.0
TaTe2-GeS2-NM,0.0
TaF2-GeS2-NM,0.0
TaCl2-GeS2-NM,0.0
TaBr2-GeS2-NM,0.0
WO2-GeS2-NM,0.0
WS2-GeS2-NM,0.0
WF2-GeS2-FM,0.0
ReS2-GeS2-NM,0.0
ReF2-GeS2-NM,0.0
OsF2-GeS2-FM,0.0
OsF2-GeS2-NM,0.0
IrS2-GeS2-NM,0.0
IrTe2-GeS2-NM,0.0
IrF2-GeS2-FM,0.0
PtO2-GeS2-NM,0.0
PtF2-GeS2-FM,0.0
PtI2-GeS2-NM,0.0
AuTe2-GeS2-NM,0.0
AuF2-GeS2-FM,0.0
AuCl2-GeS2-NM,0.0
AuBr2-GeS2-NM,0.0
AuI2-GeS2-NM,0.0
HgO2-GeS2-NM,0.0
HgTe2-GeS2-NM,0.0
HgF2-GeS2-NM,2.087521061040012
HgCl2-GeS2-NM,2.4672951927477187
HgBr2-GeS2-NM,2.006352813694693
HgI2-GeS2-NM,1.5407898415740298
TlSe2-GeS2-NM,0.0
TlTe2-GeS2-NM,0.0
TlF2-GeS2-NM,0.0
TlI2-GeS2-NM,0.0
PbO2-GeS2-NM,1.1251503062224506
PbS2-GeS2-NM,0.6715787275194338
PbSe2-GeS2-NM,0.294584133401937
PbTe2-GeS2-NM,0.12327745492891617
PbF2-GeS2-NM,2.586112292686304
PbCl2-GeS2-NM,1.948845204103447
PbBr2-GeS2-NM,1.6711598143866389
PbI2-GeS2-NM,1.3051291552034
BiO2-GeS2-NM,0.0
BiS2-GeS2-NM,0.0
BiSe2-GeS2-NM,0.0
BiF2-GeS2-NM,0.0
BiI2-GeS2-FM,0.0
Cd2P2S6-MnPSe3-NM,1.8866601501938811
Sc2P2S6-ScPSe3-NM,0.8266451346527635
Sc2P2Te6-MnPSe3-NM,0.0
Ti2P2S6-MnPSe3-FM,0.0
Ti2P2S6-MnPSe3-NM,0.0
Ti2P2S6-MnPSe3-AFM,0.0
Ti2P2Se6-MnPSe3-FM,0.0
Ti2P2Se6-MnPSe3-AFM,0.0
Ti2P2Te6-MnPSe3-FM,0.0
Ti2P2Te6-MnPSe3-AFM,0.0
V2P2Se6-VPSe3-FM,0.11989054389261034
V2P2Se6-MnPSe3-AFM,0.5935158822238119
V2P2Te6-Undefined-FM,0.0
V2P2Te6-MnPSe3-AFM,0.279539280118294
Cr2P2S6-MnPSe3-FM,0.0
Cr2P2S6-MnPSe3-AFM,0.0
Cr2P2Se6-ScPSe3-FM,0.4304407842571041
Cr2P2Se6-ScPSe3-AFM,0.45378333652066516
Cr2P2Te6-MnPSe3-FM,0.0
Cr2P2Te6-MnPSe3-AFM,0.0
Mn2P2Se6-MnPSe3-FM,0.0
Mn2P2Se6-MnPSe3-AFM,0.9187923845229642
Mn2P2Te6-MnPSe3-FM,0.0
Mn2P2Te6-Undefined-AFM,0.0
Fe2P2S6-MnPSe3-NM,0.34609893618650733
Fe2P2Se6-MnPSe3-NM,0.1306384942329477
Fe2P2Te6-MnPSe3-NM,0.0
Co2P2Se6-MnPSe3-NM,0.0
Co2P2Te6-MnPSe3-NM,0.0
Ni2P2S6-MnPSe3-FM,0.0
Ni2P2S6-MnPSe3-AFM,0.8745006822498771
Ni2P2Se6-MnPSe3-FM,0.0
Ni2P2Se6-MnPSe3-AFM,0.5987930442134324
Cu2P2Se6-MnPSe3-NM,0.0
Ir2P2Te6-MnPSe3-NM,0.2147970364046946
Zn2P2Se6-MnPSe3-NM,1.3066456148829528
Zn2P2Te6-MnPSe3-NM,0.5942909129843877
Zr2P2S6-Undefined-NM,0.7596522860593198
Zr2P2Se6-Undefined-NM,0.39360918536994416
Zr2P2Te6-Undefined-NM,0.0
Nb2P2S6-MnPSe3-NM,0.5086466580977835
Nb2P2S6-MnPSe3-AFM,0.5362269545927408
Nb2P2Se6-Undefined-NM,0.0
Mo2P2S6-Undefined-NM,0.0
Mo2P2Se6-Undefined-NM,0.0
Mo2P2Te6-Undefined-NM,0.0
Ru2P2S6-MnPSe3-NM,0.3259297863074557
Ru2P2Se6-MnPSe3-NM,0.09971941891681779
Ru2P2Te6-MnPSe3-NM,0.19963751751000092
Rh2P2Se6-MnPSe3-NM,0.031003115331019404
Rh2P2Te6-MnPSe3-NM,0.10511112108072906
Pd2P2S6-MnPSe3-NM,0.0
Pd2P2Se6-MnPSe3-NM,0.0
Pd2P2Te6-MnPSe3-NM,0.0
Hg2P2Se6-MnPSe3-NM,0.6058335084984716
Co2P2S6-MnPSe3-NM,0.0
Rh2P2S6-MnPSe3-NM,0.0
Cd2P2Se6-MnPSe3-NM,1.2708733343005625
Hf2P2S6-Undefined-NM,0.8617748292008327
Hf2P2Se6-Undefined-NM,0.4709267705949751
Hf2P2Te6-Undefined-NM,0.0
Ta2P2S6-Undefined-NM,0.0
Ta2P2Se6-Undefined-NM,0.292033780766933
W2P2S6-Undefined-NM,0.0
W2P2Se6-Undefined-NM,0.0
Os2P2S6-ScPSe3-NM,0.0
Os2P2Se6-MnPSe3-NM,0.0
Os2P2Te6-MnPSe3-NM,0.0
Ir2P2S6-MnPSe3-NM,0.05678066291789108
Ir2P2Se6-MnPSe3-NM,0.05898469153235797
Pt2P2S6-MnPSe3-NM,0.0
Pt2P2Se6-Undefined-NM,0.4139288804477498
Pt2P2Te6-MnPSe3-NM,0.0
Hg2P2S6-MnPSe3-NM,1.0194469490667664
Cu2P2S6-MnPSe3-FM,0.0
Cu2P2S6-MnPSe3-NM,0.0
Cd2P2Te6-MnPSe3-NM,0.8122509938899518
Ge2P2Te6-Undefined-NM,0.8189835136354562
Cu2P2Te6-MnPSe3-NM,0.0
Ga2P2Se6-MnPSe3-NM,0.0
Ga2P2Te6-Undefined-NM,0.2855733026773948
Ge2P2S6-MnPSe3-NM,1.4057067168504753
Ge2P2Se6-MnPSe3-NM,0.9838942295142887
In2P2S6-Undefined-NM,0.8392932173801497
In2P2Se6-MnPSe3-NM,0.0
In2P2Te6-MnPSe3-NM,0.0
Sn2P2S6-MnPSe3-NM,1.0378826631130598
Sn2P2Se6-MnPSe3-NM,0.7189892366206259
Sn2P2Te6-MnPSe3-NM,0.4402049609470763
P2Sb2Se6-ScPSe3-NM,0.9750199436660364
Tl2P2S6-MnPSe3-NM,0.0
Tl2P2Se6-MnPSe3-NM,0.0
Tl2P2Te6-MnPSe3-NM,0.0
Pb2P2S6-MnPSe3-NM,1.4830499972505364
Pb2P2Se6-MnPSe3-NM,1.0037706320078212
Bi2P2S6-VPSe3-NM,0.67043012614616
Bi2P2Se6-ScPSe3-NM,0.7095296413580039
Bi2P2Te6-ScPSe3-NM,0.40928971544911186
Ag2P2S6-MnPSe3-NM,0.0
Ag2P2Se6-MnPSe3-NM,0.0
Ag2P2Te6-MnPSe3-NM,0.0
Al2P2S6-ScPSe3-NM,1.30521226084598
Al2P2Se6-ScPSe3-NM,0.6022772060138056
Al2P2Te6-MnPSe3-NM,0.0
Au2P2S6-Undefined-NM,0.0
Au2P2Se6-Undefined-NM,0.0
Au2P2Te6-MnPSe3-NM,0.0
Sc2P2Se6-ScPSe3-NM,0.6835726797964731
Nb2P2Te6-Undefined-NM,0.0
P2Sb2Te6-ScPSe3-NM,0.5080541984604755
V2P2S6-MnPSe3-FM,0.0
V2P2S6-MnPSe3-AFM,1.071122777737416
Zn2P2S6-MnPSe3-NM,2.0860070164768656
Ta2P2Te6-Undefined-NM,0.17971638594518258
Pb2P2Te6-MnPSe3-NM,0.7479304461702666
Hg2P2Te6-MnPSe3-NM,0.361924283611223
Ni2P2Te6-MnPSe3-FM,0.0
Ni2P2Te6-MnPSe3-NM,0.0
AgBr2-CdI2-FM,0.0
AgBr2-CdI2-NM,0.0
AgCl2-CdI2-FM,0.0
AgI2-CdI2-NM,0.0
AlBr2-CdI2-FM,0.0
AlBr2-CdI2-NM,0.0
AlCl2-CdI2-FM,0.0
AlCl2-CdI2-NM,0.0
AlI2-CdI2-NM,0.0
AuBr2-CdI2-FM,0.0
AuBr2-CdI2-NM,0.0
AuCl2-CdI2-FM,0.0
AuCl2-CdI2-NM,0.0
AuI2-CdI2-FM,0.0
AuI2-CdI2-NM,0.0
BaBr2-CdI2-NM,4.902112602626162
BaCl2-CdI2-NM,5.618229366763851
BaI2-CdI2-NM,3.8728610404507666
CaBr2-CdI2-NM,4.86266145281569
CaCl2-CdI2-NM,5.783509188690631
CaI2-CdI2-NM,3.537080409441465
CdBr2-CdI2-NM,3.0691561777441967
CdCl2-CdI2-NM,3.868284768414446
CdI2-CdI2-NM,2.1357347190124476
CoBr2-CdI2-FM,0.3478017693952564
CoCl2-CdI2-FM,0.3509199720523215
CoI2-CdI2-FM,0.0
CrBr2-CdI2-FM,0.0
CrCl2-CdI2-FM,0.0
CrI2-CdI2-FM,0.0
CuBr2-CdI2-FM,0.0
CuCl2-CdI2-FM,0.0
CuI2-CdI2-NM,0.0
FeBr2-CdI2-NM,0.7330125131300039
FeCl2-CdI2-NM,0.8430112954124325
FeI2-CdI2-NM,0.6867257520253286
GaBr2-CdI2-NM,0.0
GaCl2-CdI2-FM,0.0
GaCl2-CdI2-NM,0.0
GaI2-CdI2-NM,0.0
Br2Ge-CdI2-NM,2.300947904894435
Cl2Ge-CdI2-NM,2.617476173435082
GeI2-CdI2-NM,1.9539583637002713
HfBr2-CdI2-NM,0.0
HfCl2-CdI2-NM,0.0
HfI2-CdI2-NM,0.0
HgBr2-CdI2-NM,1.9816689705898085
HgCl2-CdI2-NM,2.4473333594552034
HgI2-CdI2-NM,1.199179091188244
InBr2-CdI2-NM,0.0
InCl2-CdI2-NM,0.0
InI2-CdI2-NM,0.0
IrBr2-CdI2-FM,0.0
IrBr2-CdI2-NM,0.0
IrCl2-CdI2-FM,0.0
IrI2-CdI2-NM,0.0
MgBr2-CdI2-NM,4.5881064576724455
MgCl2-CdI2-NM,5.941182341360375
MgI2-CdI2-NM,3.272822082490986
MnBr2-CdI2-FM,1.476963132838241
MnCl2-CdI2-FM,1.7973927795522058
MnI2-CdI2-FM,0.8773370741518419
MoBr2-CdI2-NM,0.0
MoCl2-CdI2-NM,0.0
MoI2-CdI2-FM,0.0
NbBr2-CdI2-NM,0.0
NbCl2-CdI2-NM,0.0
NbI2-CdI2-NM,0.0
NiBr2-CdI2-FM,0.8749157255337976
NiCl2-CdI2-FM,1.2185772093531013
NiI2-CdI2-FM,0.0
OsBr2-CdI2-NM,1.1567048598974714
OsCl2-CdI2-NM,1.3298989915948618
OsI2-CdI2-NM,1.100271165035652
PbBr2-CdI2-NM,2.004139518828108
PbCl2-CdI2-NM,2.36657878990584
PbI2-CdI2-NM,1.4994499199914022
PdBr2-CdI2-FM,0.1974404776841867
PdCl2-CdI2-FM,0.4623803945998448
PdI2-CdI2-NM,0.0
PtBr2-CdI2-FM,0.14951455006487735
PtCl2-CdI2-FM,0.404662124648024
PtI2-CdI2-FM,0.0
PtI2-CdI2-NM,0.0
ReBr2-CdI2-FM,0.0
ReCl2-CdI2-NM,0.0
ReI2-CdI2-FM,0.0
RhBr2-CdI2-FM,0.0
RhCl2-CdI2-FM,0.0
RhI2-CdI2-FM,0.0
RhI2-CdI2-NM,0.0
RuBr2-CdI2-NM,1.0452996636176588
RuCl2-CdI2-NM,1.181257203914047
RuI2-CdI2-NM,1.0223540873749322
ScBr2-CdI2-NM,0.0
ScCl2-CdI2-NM,0.0
ScI2-CdI2-NM,0.0
SnBr2-CdI2-NM,2.0968721473050658
SnCl2-CdI2-NM,2.3238551772777027
SnI2-CdI2-NM,1.8366183797033835
SrBr2-CdI2-NM,4.928634518843714
SrCl2-CdI2-NM,5.7380332987159814
SrI2-CdI2-NM,3.9838389498119344
TaBr2-CdI2-NM,0.0
TaCl2-CdI2-NM,0.0
TaI2-CdI2-NM,0.0
TiBr2-CdI2-FM,0.0
TiCl2-CdI2-NM,0.0
TiI2-CdI2-FM,0.0
TlBr2-CdI2-NM,0.0
TlCl2-CdI2-NM,0.0
TlI2-CdI2-NM,0.0
VBr2-CdI2-FM,1.251545630807707
VCl2-CdI2-FM,1.3537333608200999
VI2-CdI2-FM,1.203522145593376
WBr2-CdI2-NM,0.0
WCl2-CdI2-NM,0.0
WI2-CdI2-NM,0.0
YBr2-CdI2-NM,0.0
YCl2-CdI2-NM,0.0
YI2-CdI2-NM,0.0
ZnBr2-CdI2-NM,3.3527861978765503
ZnCl2-CdI2-NM,4.452870715551237
ZnI2-CdI2-NM,1.7490021812175285
ZrBr2-CdI2-NM,0.0
ZrCl2-CdI2-NM,0.0
ZrI2-CdI2-NM,0.0
SbTe2-CdI2-NM,0.0
MoSb2-CdI2-NM,0.0
NbAs2-CdI2-NM,0.0
Bi2Nb-CdI2-NM,0.0
I2Sb-CdI2-FM,0.017206344182924938
SbSe2-CdI2-NM,0.0
MoAs2-CdI2-NM,0.0
NbSb2-CdI2-NM,0.0
AsBr2-CdI2-NM,0.0
AsCl2-CdI2-FM,0.0
AsSe2-CdI2-NM,0.0
AsS2-CdI2-NM,0.0
AsTe2-CdI2-NM,0.0
BiI2-CdI2-FM,0.0
BiSe2-CdI2-NM,0.0
BiS2-CdI2-NM,0.0
BiTe2-CdI2-NM,0.0
CrAs2-CdI2-FM,0.0
CrAs2-CdI2-NM,0.0
CrSb2-CdI2-FM,0.0
HfAs2-CdI2-NM,0.0
Bi2Hf-CdI2-NM,0.0
HfSb2-CdI2-NM,0.0
S2Sb-CdI2-NM,0.0
TaAs2-CdI2-NM,0.0
TaSb2-CdI2-NM,0.0
TiAs2-CdI2-NM,0.0
Bi2Ti-CdI2-NM,0.0
TiSb2-CdI2-NM,0.0
VAs2-CdI2-NM,0.0
VSb2-CdI2-NM,0.0
WAs2-CdI2-NM,0.0
ZrAs2-CdI2-NM,0.0
Bi2Zr-CdI2-NM,0.0
ZrSb2-CdI2-NM,0.0
AgBr2-MoS2-FM,0.0
AgCl2-MoS2-FM,0.0
AgI2-MoS2-NM,0.0
AlCl2-MoS2-FM,0.0
AlI2-MoS2-NM,0.0
AuBr2-MoS2-FM,0.0
AuBr2-MoS2-NM,0.0
AuCl2-MoS2-FM,0.0
AuCl2-MoS2-NM,0.0
AuI2-MoS2-FM,0.0
BaBr2-MoS2-NM,4.157127248758922
BaCl2-MoS2-NM,4.746599335450477
BaI2-MoS2-NM,3.3323879224827664
Br2Ge-MoS2-NM,2.5364321620087633
CaBr2-MoS2-NM,4.127673820148678
CaCl2-MoS2-NM,4.770564915798849
CaI2-MoS2-NM,2.946218825245201
CdBr2-MoS2-NM,2.368673573505005
CdCl2-MoS2-NM,3.097698381140551
CdI2-MoS2-NM,1.490086992967985
Cl2Ge-MoS2-NM,2.95480757537647
CoBr2-MoS2-FM,0.0
CoCl2-MoS2-FM,0.0
CoI2-MoS2-FM,0.0
CrBr2-MoS2-FM,0.0
CrCl2-MoS2-FM,0.0
CrI2-MoS2-FM,0.0
CuBr2-MoS2-FM,0.0
CuCl2-MoS2-FM,0.0
CuI2-MoS2-FM,0.0
CuI2-MoS2-NM,0.0
FeBr2-MoS2-FM,0.2631989734070679
FeCl2-MoS2-FM,0.3509700852153952
FeI2-MoS2-FM,0.14377865100745435
GaBr2-MoS2-NM,0.0
GaCl2-MoS2-FM,0.0
GaI2-MoS2-NM,0.0
HfBr2-MoS2-NM,0.732131101839666
HfCl2-MoS2-NM,0.908001551026496
HfI2-MoS2-NM,0.629699692521186
HgBr2-MoS2-NM,1.573188327275576
HgCl2-MoS2-NM,2.083546990939744
HgI2-MoS2-NM,0.7042529613151862
InBr2-MoS2-FM,0.0
InBr2-MoS2-NM,0.0
InCl2-MoS2-NM,0.0
InI2-MoS2-NM,0.0
IrBr2-MoS2-NM,0.0
IrCl2-MoS2-FM,0.0
IrCl2-MoS2-NM,0.0
IrI2-MoS2-NM,0.0
MgBr2-MoS2-NM,3.5697292908075
MgCl2-MoS2-NM,4.761514145990557
MgI2-MoS2-NM,2.5659204883693287
MnBr2-MoS2-FM,1.586427910466947
MnCl2-MoS2-FM,1.7132180920615576
MnI2-MoS2-FM,1.0468929066268484
MoBr2-MoS2-FM,0.0
MoBr2-MoS2-NM,0.0
MoCl2-MoS2-FM,0.0
MoCl2-MoS2-NM,0.0
MoI2-MoS2-FM,0.0
NbBr2-MoS2-NM,0.0
NbCl2-MoS2-NM,0.0
NbI2-MoS2-NM,0.0
NiBr2-MoS2-FM,0.0
NiCl2-MoS2-FM,0.0
NiI2-MoS2-FM,0.0
OsBr2-MoS2-FM,0.0
OsCl2-MoS2-FM,0.0
OsI2-MoS2-FM,0.0
OsI2-MoS2-NM,0.0
PbBr2-MoS2-NM,2.2748645531750893
PbCl2-MoS2-NM,2.7754084899303058
PbI2-MoS2-NM,1.5770685538707827
PdBr2-MoS2-NM,0.0
PdCl2-MoS2-FM,0.0
PdI2-MoS2-NM,0.0
PtBr2-MoS2-NM,0.0
PtCl2-MoS2-FM,0.0
PtCl2-MoS2-NM,0.0
PtI2-MoS2-NM,0.0
ReBr2-MoS2-FM,0.0
ReCl2-MoS2-FM,0.0
ReI2-MoS2-FM,0.0
RhBr2-MoS2-FM,0.0
RhCl2-MoS2-FM,0.0
RhI2-MoS2-FM,0.0
RhI2-MoS2-NM,0.0
RuBr2-MoS2-FM,0.2782951717623121
RuCl2-MoS2-FM,0.4628197881707192
RuI2-MoS2-FM,0.0
ScBr2-MoS2-FM,0.15716287542613966
ScCl2-MoS2-FM,0.10749783408656421
ScI2-MoS2-FM,0.10564501019356483
SnBr2-MoS2-NM,2.499415372443366
SnCl2-MoS2-NM,2.745101403268346
SnI2-MoS2-NM,1.9258382175304272
SrBr2-MoS2-NM,4.313491129148897
SrCl2-MoS2-NM,4.944465310193843
SrI2-MoS2-NM,3.4180640150980874
TaBr2-MoS2-NM,0.0
TaCl2-MoS2-NM,0.0
TaI2-MoS2-NM,0.0
TiBr2-MoS2-NM,0.7578801598060121
TiCl2-MoS2-NM,0.9025427349940005
TiI2-MoS2-NM,0.5962779713958815
TlBr2-MoS2-NM,0.0
TlCl2-MoS2-NM,0.0
TlI2-MoS2-NM,0.0
VBr2-MoS2-FM,0.0
VCl2-MoS2-FM,0.0
VI2-MoS2-FM,0.0
WBr2-MoS2-NM,0.0
WCl2-MoS2-NM,0.0
WI2-MoS2-NM,0.0
YBr2-MoS2-FM,0.3442503364859686
YCl2-MoS2-FM,0.37387574862540296
YI2-MoS2-FM,0.1424363163540683
ZnBr2-MoS2-NM,2.4106735095274496
ZnCl2-MoS2-NM,3.433529802450715
ZnI2-MoS2-NM,0.8975917076768316
ZrBr2-MoS2-NM,0.8282377002964232
ZrCl2-MoS2-NM,0.9805987984608554
ZrI2-MoS2-NM,0.6871043544938837
TiAs2-MoS2-NM,0.0
S2Sb-MoS2-NM,0.0
TaSb2-MoS2-NM,0.0
SbTe2-MoS2-NM,0.0
Bi2Ti-MoS2-NM,0.0
TaAs2-MoS2-NM,0.0
BiSe2-MoS2-NM,0.0
BiS2-MoS2-NM,0.0
BiTe2-MoS2-NM,0.0
CrAs2-MoS2-FM,0.0
CrAs2-MoS2-NM,0.0
HfAs2-MoS2-NM,0.0
Bi2Hf-MoS2-NM,0.0
HfSb2-MoS2-NM,0.0
MoAs2-MoS2-NM,0.0
MoSb2-MoS2-NM,0.0
NbAs2-MoS2-NM,0.0
Bi2Nb-MoS2-NM,0.0
NbSb2-MoS2-NM,0.0
SbSe2-MoS2-NM,0.0
TiSb2-MoS2-NM,0.0
VAs2-MoS2-NM,0.0
Bi2V-MoS2-FM,0.0
VSb2-MoS2-NM,0.0
WAs2-MoS2-NM,0.0
ZrAs2-MoS2-NM,0.0
Bi2Zr-MoS2-NM,0.0
ZrSb2-MoS2-NM,0.0
Ag2Br6-BiI3-AFM,0.13774852734009269
Ag2Br6-BiI3-FM,0.0
Ag2Cl6-BiI3-AFM,0.34674657142002374
Ag2Cl6-BiI3-FM,0.2671604368698821
Ag2I6-BiI3-FM,0.0
Ag2I6-BiI3-NM,0.0
Al2Br6-BiI3-NM,3.8967766532235943
Al2Cl6-BiI3-NM,5.48742026527927
Al2I6-BiI3-NM,2.093213854365533
As2Br6-BiI3-NM,2.4767749625964015
As2I6-BiI3-NM,1.911370053903287
Au2Br6-BiI3-AFM,0.2235598162150958
Au2Br6-BiI3-FM,0.08216427583347974
Au2Cl6-BiI3-AFM,0.3305211225591731
Au2Cl6-BiI3-FM,0.20761899341471812
Au2I6-BiI3-FM,0.0
Au2I6-BiI3-NM,0.10917240911765536
Bi2Br6-BiI3-NM,1.953819221805451
Bi2Cl6-BiI3-NM,2.3599466806998923
Bi2I6-BiI3-NM,1.3769780431671599
Br6Sb2-BiI3-NM,2.332987320411064
Co2Br6-BiI3-NM,0.9617757836633025
Co2Cl6-BiI3-NM,1.129741886519683
Co2I6-BiI3-NM,0.5262604761897005
Cr2Br6-BiI3-AFM,1.6595809163236908
Cr2Br6-BiI3-FM,1.5095584261634563
Cr2Cl6-BiI3-AFM,1.895277023269104
Cr2Cl6-BiI3-FM,1.7352043586110715
Cr2I6-BiI3-AFM,1.0054244082931276
Cr2I6-BiI3-FM,0.8906930450962043
Cu2Br6-BiI3-AFM,0.2295086330423035
Cu2Br6-BiI3-FM,0.0
Cu2Cl6-BiI3-AFM,0.49732467182783147
Cu2Cl6-BiI3-FM,0.42637788543935784
Cu2I6-BiI3-AFM,0.0
Cu2I6-BiI3-FM,0.0
Cu2I6-BiI3-NM,0.0
Fe2Br6-BiI3-FM,0.04183926480438549
Fe2Cl6-BiI3-FM,0.01330707766615502
Fe2I6-BiI3-AFM,0.0
Fe2I6-BiI3-FM,0.0
Ga2Br6-BiI3-NM,2.5937846130772906
Ga2Cl6-BiI3-NM,3.82958771843525
Ga2I6-BiI3-NM,1.1525031155826697
Hf2Br6-BiI3-FM,0.0
Hf2Br6-BiI3-NM,0.0
Hf2Cl6-BiI3-FM,0.0
Hf2Cl6-BiI3-NM,0.0
Hf2I6-BiI3-FM,0.0
Hf2I6-BiI3-NM,0.0
I6Sb2-BiI3-NM,1.8256443291130469
In2Br6-BiI3-NM,2.7448821876954934
In2Cl6-BiI3-NM,3.760520915533917
In2I6-BiI3-NM,1.5971855437730393
Ir2Br6-BiI3-NM,1.5667560024213891
Ir2Cl6-BiI3-NM,1.8225461291892946
Ir2I6-BiI3-NM,1.3583279291195134
Mn2Br6-BiI3-AFM,0.0
Mn2Br6-BiI3-FM,0.0
Mn2Cl6-BiI3-FM,0.03892009169839872
Mn2I6-BiI3-AFM,0.029458020490884085
Mn2I6-BiI3-FM,0.011662597958039811
Mo2Br6-BiI3-AFM,1.585221237202378
Mo2Cl6-BiI3-AFM,1.651336452335982
Mo2I6-BiI3-AFM,1.3724479252648334
Mo2I6-BiI3-FM,0.9765348231297575
Nb2Br6-BiI3-FM,0.0
Nb2Cl6-BiI3-FM,0.0
Nb2I6-BiI3-FM,0.0
Ni2Br6-BiI3-AFM,0.0
Ni2Br6-BiI3-FM,0.0
Ni2Cl6-BiI3-FM,0.0
Ni2I6-BiI3-FM,0.0
Os2Br6-BiI3-FM,0.0
Os2Cl6-BiI3-FM,0.0635231124066582
Os2I6-BiI3-FM,0.0
Os2I6-BiI3-NM,0.0
Pd2Br6-BiI3-FM,0.0
Pd2Cl6-BiI3-FM,0.0
Pd2I6-BiI3-FM,0.0
Pt2Br6-BiI3-FM,0.0
Pt2Cl6-BiI3-FM,0.0
Pt2I6-BiI3-FM,0.0
Re2Br6-BiI3-FM,0.13432043279103167
Re2Cl6-BiI3-FM,0.0
Re2I6-BiI3-FM,0.134801981762519
Rh2Br6-BiI3-NM,1.3439295136088374
Rh2Cl6-BiI3-NM,1.5902587402081998
Rh2I6-BiI3-NM,0.9910661198756727
Ru2Br6-BiI3-FM,0.0
Ru2Cl6-BiI3-FM,0.0
Ru2I6-BiI3-FM,0.0
Ru2I6-BiI3-NM,0.0
Sc2Br6-BiI3-NM,2.9754655416590285
Sc2Cl6-BiI3-NM,3.9223677273026354
Sc2I6-BiI3-NM,1.8510389533497167
Ta2Br6-BiI3-FM,0.0
Ta2Br6-BiI3-NM,0.0
Ta2Cl6-BiI3-FM,0.0
Ta2Cl6-BiI3-NM,0.0
Ta2I6-BiI3-AFM,0.0
Ta2I6-BiI3-FM,0.0
Ta2I6-BiI3-NM,0.0
Ti2Cl6-BiI3-FM,0.0
Tl2Br6-BiI3-NM,1.6613201618321707
Tl2Cl6-BiI3-NM,2.4251058255204847
Tl2I6-BiI3-NM,0.772464584851634
V2Br6-BiI3-FM,0.0
V2Cl6-BiI3-FM,0.0
V2I6-BiI3-FM,0.0
W2Br6-BiI3-AFM,1.1569226795851986
W2Cl6-BiI3-AFM,0.7190470160327083
W2Cl6-BiI3-NM,0.48718592743937617
W2I6-BiI3-AFM,1.080523765224904
W2I6-BiI3-FM,0.7053828109482648
Y2Br6-BiI3-NM,4.086510250660233
Y2Cl6-BiI3-NM,5.112617176874007
Y2I6-BiI3-NM,2.755744607005278
Zr2Br6-BiI3-FM,0.0
Zr2Cl6-BiI3-FM,0.0
Zr2I6-BiI3-FM,0.0
Ag2Br6-AgBr3-FM,0.0
Ag2Br6-AgBr3-NM,0.0
Ag2Cl6-AgBr3-FM,0.0
Ag2Cl6-AgBr3-NM,0.0
Ag2I6-AgBr3-NM,0.0
Al2Br6-TiCl3-NM,2.5044492083892056
Al2Cl6-TiCl3-NM,3.8417434757868616
Al2I6-TiCl3-NM,0.7991295415041046
Au2Br6-AgBr3-NM,0.0
Au2Cl6-AgBr3-FM,0.0
Au2Cl6-AgBr3-NM,0.0
Au2I6-AgBr3-NM,0.0
Bi2Br6-AgBr3-NM,1.7434210527686709
Bi2Cl6-AgBr3-NM,2.180891380146096
Bi2I6-TiCl3-NM,1.101798670962765
Co2Br6-AgBr3-AFM,0.0
Co2Br6-AgBr3-FM,0.02671576492669958
Co2Cl6-AgBr3-AFM,0.0
Co2Cl6-AgBr3-FM,0.0
Co2I6-AgBr3-AFM,0.0
Co2I6-AgBr3-FM,0.0
Cr2Br6-TiCl3-AFM,0.670187042566269
Cr2Br6-TiCl3-FM,0.305376478867025
Cr2Cl6-TiCl3-AFM,0.7898810233975269
Cr2Cl6-TiCl3-FM,0.4303612458665391
Cr2I6-TiCl3-AFM,0.4493346674686869
Cr2I6-TiCl3-FM,0.14281682999847933
Cu2Br6-AgBr3-FM,0.0
Cu2Br6-AgBr3-NM,0.0
Cu2Cl6-AgBr3-FM,0.0
Cu2Cl6-AgBr3-NM,0.0
Cu2I6-AgBr3-FM,0.0
Cu2I6-AgBr3-NM,0.0
Fe2Br6-TiCl3-AFM,0.41692241576180455
Fe2Br6-TiCl3-FM,0.0
Fe2Cl6-AgBr3-AFM,0.6581509472160052
Fe2Cl6-TiCl3-FM,0.3747448870869068
Fe2I6-TiCl3-AFM,0.0
Fe2I6-TiCl3-FM,0.0
Ga2Br6-TiCl3-NM,1.3499298335830763
Ga2Cl6-TiCl3-NM,2.5238793020129124
Ga2I6-TiCl3-NM,0.0
Hf2Br6-TiCl3-FM,0.0
Hf2Cl6-TiCl3-FM,0.0
Hf2I6-TiCl3-FM,0.0
In2Br6-TiCl3-NM,2.011350070205433
In2Cl6-AgBr3-NM,2.862967355683717
In2I6-TiCl3-NM,0.6570581393958039
Ir2Br6-TiCl3-NM,0.0
Ir2Cl6-Undefined-NM,0.2672766778085278
Ir2I6-TiCl3-NM,0.0
Mn2Br6-AgBr3-AFM,0.0
Mn2Br6-AgBr3-FM,0.0
Mn2Cl6-AgBr3-AFM,0.0
Mn2Cl6-AgBr3-FM,0.0
Mn2I6-AgBr3-AFM,0.0
Mn2I6-AgBr3-FM,0.0
Mo2Br6-TiCl3-AFM,0.6033262888642804
Mo2Cl6-TiCl3-AFM,0.5181539986238921
Mo2Cl6-TiCl3-NM,0.5074732864204583
Mo2I6-TiCl3-AFM,0.5419994902469699
Nb2Br6-TiCl3-NM,0.0
Nb2Cl6-TiCl3-NM,0.0
Nb2I6-TiCl3-AFM,0.0
Nb2I6-TiCl3-NM,0.0
Ni2Br6-AgBr3-AFM,0.0
Ni2Br6-AgBr3-FM,0.0
Ni2Cl6-AgBr3-AFM,0.0
Ni2Cl6-AgBr3-FM,0.0
Ni2I6-TiCl3-FM,0.0
Os2Br6-AgBr3-FM,0.0
Os2Cl6-AgBr3-FM,0.0
Os2I6-TiCl3-FM,0.0
Os2I6-TiCl3-NM,0.0
Pd2Br6-AgBr3-FM,0.0
Pd2Br6-AgBr3-NM,0.0
Pd2Cl6-AgBr3-FM,0.0
Pd2I6-AgBr3-NM,0.0
Pt2Br6-AgBr3-FM,0.0
Pt2Br6-AgBr3-NM,0.0
Pt2Cl6-AgBr3-FM,0.0
Pt2I6-AgBr3-NM,0.0
Re2Br6-TiCl3-FM,0.0
Re2Br6-TiCl3-NM,0.0
Re2Cl6-TiCl3-FM,0.0
Re2Cl6-TiCl3-NM,0.04249713827826074
Re2I6-AgBr3-AFM,0.31108171635475823
Re2I6-AgBr3-NM,0.14121195115649288
Rh2Br6-Undefined-NM,0.27074628856089067
Rh2Cl6-Undefined-NM,0.22010293906119394
Rh2I6-TiCl3-NM,0.0
Ru2Br6-AgBr3-FM,0.0
Ru2Cl6-AgBr3-FM,0.0
Ru2I6-TiCl3-FM,0.0
Ru2I6-TiCl3-NM,0.0
Sc2Br6-TiCl3-NM,2.6401841907032084
Sc2Cl6-AgBr3-NM,3.2334779130776092
Sc2I6-TiCl3-NM,1.8629343433650267
Ta2Br6-TiCl3-FM,0.0
Ta2Br6-TiCl3-NM,0.0
Ta2Cl6-TiCl3-FM,0.0
Ta2Cl6-TiCl3-NM,0.0
Ta2I6-TiCl3-NM,0.0
Ti2Br6-TiCl3-AFM,0.23772839804150037
Ti2Br6-TiCl3-FM,0.17039505607729888
Ti2Cl6-TiCl3-AFM,0.2826708282441919
Ti2Cl6-TiCl3-FM,0.0
Ti2I6-TiCl3-AFM,0.18518383982732334
Ti2I6-TiCl3-FM,0.20921330501797053
Tl2Br6-TiCl3-NM,1.092200741238841
Tl2Cl6-AgBr3-NM,1.6826999705172283
Tl2I6-TiCl3-NM,0.09241075693329437
V2Br6-AgBr3-AFM,0.0
V2Br6-AgBr3-FM,0.0
V2Cl6-AgBr3-AFM,0.0
V2Cl6-AgBr3-FM,0.0
V2I6-TiCl3-AFM,0.0
V2I6-TiCl3-FM,0.0
W2Br6-TiCl3-NM,0.1987867667260619
W2Cl6-TiCl3-NM,0.7060960203070297
W2I6-TiCl3-AFM,0.13670718558943246
W2I6-TiCl3-NM,0.223139257462644
Y2Br6-AgBr3-NM,3.4959446323194063
Y2Cl6-AgBr3-NM,4.4199289205721914
Y2I6-TiCl3-NM,2.5744383496752676
Zr2Br6-TiCl3-FM,0.0
Zr2Cl6-TiCl3-FM,0.0
Zr2I6-TiCl3-FM,0.0
Cr2C-CdI2-FM,0.0
Cr2C-CdI2-NM,0.0
Cr2CF2-Ti2CO2-AFM,1.1663736559169955
Cr2CF2-Ti2CO2-FM,0.0
Cr2CO2-Ti2CO2-AFM,0.0
Cr2CO2-Ti2CO2-FM,0.0
Hf2CF2-Ti2CO2-NM,0.0
Mn2CF2-Ti2CO2-FM,0.0
Mo2CF2-Ti2CO2-NM,0.0
Nb2CF2-Ti2CO2-NM,0.0
Sc2CF2-Ti2CO2-NM,1.0195431544119868
Ta2CF2-Ti2CO2-NM,0.0
Ti2CF2-Ti2CO2-NM,0.0
V2CF2-Ti2CO2-NM,0.0
W2CF2-Ti2CO2-NM,0.0
Y2CF2-Ti2CO2-NM,1.1174946837087223
Zr2CF2-Ti2CO2-NM,0.0
Cr2CH2O2-Ti2CH2O2-AFM,0.5166156811514806
Cr2CH2O2-Ti2CH2O2-FM,0.0
Hf2CH2O2-Ti2CH2O2-NM,0.0
Mn2CH2O2-Ti2CH2O2-FM,0.0
Mo2CH2O2-Ti2CH2O2-NM,0.0
Nb2CH2O2-Ti2CH2O2-NM,0.0
Sc2CH2O2-Ti2CH2O2-NM,0.42427794641099914
Ta2CH2O2-Ti2CH2O2-NM,0.0
Ti2CH2O2-Ti2CH2O2-NM,0.0
V2CH2O2-Ti2CH2O2-NM,0.0
W2CH2O2-Ti2CH2O2-NM,0.0
Y2CH2O2-Ti2CH2O2-NM,0.4559933264408942
Zr2CH2O2-Ti2CH2O2-NM,0.0
Hf2C-CdI2-NM,0.0
Hf2CO2-Ti2CO2-NM,0.9379540178303922
Mn2CO2-Ti2CO2-AFM,0.6872298397340879
Mn2CO2-Ti2CO2-FM,0.29569613509744874
Mo2C-CdI2-NM,0.0
Mo2CO2-Ti2CO2-NM,0.0
Nb2C-CdI2-NM,0.0
Nb2CO2-Ti2CO2-NM,0.0
Sc2CO2-Ti2CO2-FM,0.0
Sc2CO2-Ti2CO2-NM,0.0
Ta2CO2-Ti2CO2-NM,0.0
Ti2CO2-Ti2CO2-NM,0.3245814741653782
V2CO2-Ti2CO2-NM,0.0
W2CO2-Ti2CO2-NM,0.0
Y2CO2-Ti2CO2-FM,0.0
Zr2CO2-Ti2CO2-NM,0.950477054107755
Sc2C-CdI2-NM,0.0
Ta2C-CdI2-NM,0.0
Ti2C-CdI2-AFM,0.19229658042227604
Ti2C-CdI2-FM,0.0
V2C-CdI2-NM,0.0
W2C-CdI2-NM,0.0
Y2C-CdI2-NM,0.0
Zr2C-CdI2-AFM,0.14490605113295446
Zr2C-CdI2-FM,0.0
Y2N-CdI2-NM,0.0
Zr2H2NO2-Ti2CH2O2-NM,0.0
Zr2N-CdI2-FM,0.0
Zr2N-CdI2-NM,0.0
Zr2N-CdI2-AFM,0.0
Y2NO2-Ti2CO2-FM,0.0
Zr2F2N-Ti2CO2-NM,0.0
Zr2NO2-Ti2CO2-NM,0.0
Cr2F2N-Ti2CO2-FM,0.0
Cr2H2NO2-Ti2CH2O2-FM,0.0
Cr2NO2-Ti2CO2-FM,0.0
Cr2NO2-Ti2CO2-AFM,0.0
Hf2H2NO2-Ti2CH2O2-NM,0.0
Hf2NO2-Ti2CO2-NM,0.0
Hf2N-CdI2-FM,0.0
Hf2N-CdI2-NM,0.0
Mn2F2N-Ti2CO2-FM,0.0
Mn2H2NO2-Ti2CH2O2-FM,0.0
Mn2NO2-Ti2CO2-FM,0.0
Mn2NO2-Ti2CO2-AFM,0.0
Mo2F2N-Ti2CO2-NM,0.0
Nb2H2NO2-Ti2CH2O2-NM,0.0
Nb2NO2-Ti2CO2-NM,0.0
Nb2N-CdI2-NM,0.0
Sc2F2N-Ti2CO2-NM,0.0
Sc2H2NO2-Ti2CH2O2-NM,0.0
Sc2NO2-Ti2CO2-NM,0.0
Sc2N-CdI2-NM,0.0
Ta2F2N-Ti2CO2-NM,0.0
Ta2H2NO2-Ti2CH2O2-NM,0.0
Ta2NO2-Ti2CO2-NM,0.0
Ta2N-CdI2-NM,0.0
Ti2F2N-Ti2CO2-NM,0.0
Ti2H2NO2-Ti2CH2O2-NM,0.0
Ti2NO2-Ti2CO2-NM,0.0
Ti2N-CdI2-FM,0.0
Ti2N-CdI2-AFM,0.0
V2F2N-Ti2CO2-AFM,0.0
V2H2NO2-Ti2CH2O2-NM,0.0
V2H2NO2-Ti2CH2O2-AFM,0.0
V2NO2-Ti2CO2-AFM,0.0
V2N-CdI2-NM,0.0
W2F2N-Ti2CO2-NM,0.0
W2H2NO2-Ti2CH2O2-NM,0.0
Y2F2N-Ti2CO2-NM,0.0
Y2H2NO2-Ti2CH2O2-NM,0.0
Cr3C2-Ti3C2-FM,0.0
Cr3C2F2-Ti3C2O2-FM,0.0
Cr3C2O2-Ti3C2O2-FM,0.0
Hf3C2F2-Ti3C2O2-NM,0.0
Mn3C2F2-Ti3C2O2-FM,0.0
Mo3C2F2-Ti3C2O2-NM,0.0
Nb3C2F2-Ti3C2O2-NM,0.0
Sc3C2F2-Ti3C2O2-FM,0.0
Sc3C2F2-Ti3C2O2-NM,0.0
Ta3C2F2-Ti3C2O2-NM,0.0
Ti3C2F2-Ti3C2O2-NM,0.0
V3C2F2-Ti3C2O2-NM,0.0
W3C2F2-Ti3C2O2-NM,0.0
Y3C2F2-Ti3C2O2-FM,0.0
Y3C2F2-Ti3C2O2-NM,0.0
Zr3C2F2-Ti3C2O2-NM,0.0
Cr3C2H2O2-Ti3C2H2O2-FM,0.0
Hf3C2H2O2-Ti3C2H2O2-NM,0.0
Mn3C2H2O2-Ti3C2H2O2-FM,0.0
Mo3C2H2O2-Ti3C2H2O2-NM,0.0
Nb3C2H2O2-Ti3C2H2O2-NM,0.0
Sc3C2H2O2-Ti3C2H2O2-FM,0.0
Sc3C2H2O2-Ti3C2H2O2-NM,0.0
Ta3C2H2O2-Ti3C2H2O2-NM,0.0
Ti3C2H2O2-Ti3C2H2O2-NM,0.0
V3C2H2O2-Ti3C2H2O2-NM,0.0
W3C2H2O2-Ti3C2H2O2-NM,0.0
Y3C2H2O2-Ti3C2H2O2-FM,0.0
Y3C2H2O2-Ti3C2H2O2-NM,0.0
Zr3C2H2O2-Ti3C2H2O2-NM,0.0
Hf3C2-Ti3C2-FM,0.0
Hf3C2O2-Ti3C2O2-NM,0.4194813934703332
Mn3C2-Ti3C2-FM,0.0
Mn3C2O2-Ti3C2O2-FM,0.0
Mo3C2-Ti3C2-NM,0.0
Mo3C2O2-Ti3C2O2-NM,0.0
Nb3C2-Ti3C2-NM,0.0
Nb3C2O2-Ti3C2O2-NM,0.0
Sc3C2O2-Ti3C2O2-NM,0.0
Ta3C2O2-Ti3C2O2-NM,0.0
Ti3C2O2-Ti3C2O2-NM,0.0
V3C2O2-Ti3C2O2-NM,0.0
W3C2O2-Ti3C2O2-NM,0.0
Y3C2O2-Ti3C2O2-NM,0.0
Zr3C2O2-Ti3C2O2-NM,0.381715704959973
Sc3C2-Ti3C2-NM,0.0
Ta3C2-Ti3C2-NM,0.0
Ti3C2-Ti3C2-FM,0.0
V3C2-Ti3C2-NM,0.0
W3C2-Ti3C2-NM,0.0
Y3C2-Ti3C2-NM,0.0
Zr3C2-Ti3C2-FM,0.0
Cr3N2-Ti3C2-FM,0.0
Hf3F2N2-Ti3C2O2-NM,0.0
Hf3H2N2O2-Ti3C2H2O2-NM,0.0
Hf3N2O2-Ti3C2O2-NM,0.31877532278206555
Hf3N2-Ti3C2-FM,0.0
Hf3N2-Ti3C2-NM,0.0
Mn3N2-Ti3C2-FM,0.0
Mo3F2N2-Ti3C2O2-NM,0.0
Mo3H2N2O2-Ti3C2H2O2-NM,0.0
Nb3H2N2O2-Ti3C2H2O2-NM,0.0
Nb3N2-Ti3C2-NM,0.0
Sc3F2N2-Ti3C2O2-NM,0.0
Sc3H2N2O2-Ti3C2H2O2-NM,0.0
Sc3N2O2-Ti3C2O2-FM,0.0
Sc3N2O2-Ti3C2O2-NM,0.0
Sc3N2-Ti3C2-FM,0.0
Sc3N2-Ti3C2-NM,0.0
Ta3F2N2-Ti3C2O2-NM,0.0
Ta3H2N2O2-Ti3C2H2O2-NM,0.0
Ta3N2-Ti3C2-NM,0.0
Ti3F2N2-Ti3C2O2-FM,0.0
Ti3H2N2O2-Ti3C2H2O2-NM,0.0
Ti3N2O2-Ti3C2O2-NM,0.0
Ti3N2-Ti3C2-FM,0.0
Ti3N2-Ti3C2-NM,0.0
V3F2N2-Ti3C2O2-FM,0.0
V3F2N2-Ti3C2O2-NM,0.0
V3H2N2O2-Ti3C2H2O2-FM,0.0
V3H2N2O2-Ti3C2H2O2-NM,0.0
V3N2O2-Ti3C2O2-FM,0.0
V3N2-Ti3C2-FM,0.0
V3N2-Ti3C2-NM,0.0
W3F2N2-Ti3C2O2-NM,0.0
W3H2N2O2-Ti3C2H2O2-NM,0.0
W3N2O2-Ti3C2O2-NM,0.0
Y3F2N2-Ti3C2O2-NM,0.0
Y3H2N2O2-Ti3C2H2O2-FM,0.0
Y3H2N2O2-Ti3C2H2O2-NM,0.0
Y3N2O2-Ti3C2O2-FM,0.24463789855001844
Y3N2-Ti3C2-NM,0.0
Zr3H2N2O2-Ti3C2H2O2-NM,0.0
Zr3N2O2-Ti3C2O2-NM,0.40087650143526576
Zr3N2-Ti3C2-FM,0.0
Zr3N2-Ti3C2-NM,0.0
Cr4C3-Ti4C3-FM,0.0
Cr4C3F2-Ti4C3O2-FM,0.0
Cr4C3O2-Ti4C3O2-FM,0.0
Hf4C3F2-Ti4C3O2-NM,0.0
Mn4C3F2-Ti4C3O2-FM,0.0
Mo4C3F2-Ti4C3O2-NM,0.0
Nb4C3F2-Ti4C3O2-NM,0.0
Sc4C3F2-Ti4C3O2-NM,0.0
Ta4C3F2-Ti4C3O2-NM,0.0
Ti4C3F2-Ti4C3O2-NM,0.0
V4C3F2-Ti4C3O2-NM,0.0
W4C3F2-Ti4C3O2-NM,0.0
Y4C3F2-Ti4C3O2-NM,0.0
Zr4C3F2-Ti4C3O2-NM,0.0
Cr4C3H2O2-Ti4C3H2O2-FM,0.0
Hf4C3H2O2-Ti4C3H2O2-NM,0.0
Mn4C3H2O2-Ti4C3H2O2-FM,0.0
Mo4C3H2O2-Ti4C3H2O2-NM,0.0
Nb4C3H2O2-Ti4C3H2O2-NM,0.0
Sc4C3H2O2-Ti4C3H2O2-NM,0.0
Ta4C3H2O2-Ti4C3H2O2-NM,0.0
Ti4C3H2O2-Ti4C3H2O2-NM,0.0
V4C3H2O2-Ti4C3H2O2-NM,0.0
W4C3H2O2-Ti4C3H2O2-NM,0.0
Y4C3H2O2-Ti4C3H2O2-NM,0.0
Zr4C3H2O2-Ti4C3H2O2-NM,0.0
Hf4C3-Ti4C3-FM,0.0
Hf4C3-Ti4C3-NM,0.0
Hf4C3O2-Ti4C3O2-NM,0.0
Mn4C3-Ti4C3-FM,0.0
Mn4C3O2-Ti4C3O2-FM,0.0
Mo4C3-Ti4C3-NM,0.0
Mo4C3O2-Ti4C3O2-NM,0.0
Nb4C3-Ti4C3-NM,0.0
Nb4C3O2-Ti4C3O2-NM,0.0
Sc4C3O2-Ti4C3O2-NM,0.0
Ta4C3O2-Ti4C3O2-NM,0.0
Ti4C3O2-Ti4C3O2-NM,0.0
V4C3O2-Ti4C3O2-NM,0.0
W4C3O2-Ti4C3O2-NM,0.0
Y4C3O2-Ti4C3O2-FM,0.0
Y4C3O2-Ti4C3O2-NM,0.0
Zr4C3O2-Ti4C3O2-NM,0.0
Sc4C3-Ti4C3-NM,0.0
Ta4C3-Ti4C3-NM,0.0
Ti4C3-Ti4C3-FM,0.0
V4C3-Ti4C3-NM,0.0
W4C3-Ti4C3-NM,0.0
Y4C3-Ti4C3-NM,0.0
Zr4C3-Ti4C3-FM,0.0
Cr4F2N3-Ti4C3O2-FM,0.0
Cr4H2N3O2-Ti4C3H2O2-FM,0.0
Cr4N3O2-Ti4C3O2-FM,0.0
Cr4N3-Ti4C3-FM,0.0
Hf4F2N3-Ti4C3O2-NM,0.0
Hf4H2N3O2-Ti4C3H2O2-NM,0.0
Hf4N3O2-Ti4C3O2-NM,0.0
Hf4N3-Ti4C3-FM,0.0
Hf4N3-Ti4C3-NM,0.0
Mn4H2N3O2-Ti4C3H2O2-FM,0.0
Mn4N3O2-Ti4C3O2-FM,0.0
Mn4N3-Ti4C3-FM,0.0
Mo4F2N3-Ti4C3O2-NM,0.0
Mo4H2N3O2-Ti4C3H2O2-NM,0.0
Mo4N3O2-Ti4C3O2-FM,0.0
Mo4N3-Ti4C3-NM,0.0
Nb4H2N3O2-Ti4C3H2O2-NM,0.0
Nb4N3-Ti4C3-NM,0.0
Sc4F2N3-Ti4C3O2-NM,0.0
Sc4H2N3O2-Ti4C3H2O2-NM,0.0
Sc4N3O2-Ti4C3O2-NM,0.0
Sc4N3-Ti4C3-FM,0.0
Ta4H2N3O2-Ti4C3H2O2-NM,0.0
Ti4F2N3-Ti4C3O2-NM,0.0
Ti4H2N3O2-Ti4C3H2O2-NM,0.0
Ti4N3O2-Ti4C3O2-NM,0.0
Ti4N3-Ti4C3-FM,0.0
Ti4N3-Ti4C3-NM,0.0
V4F2N3-Ti4C3O2-FM,0.0
V4F2N3-Ti4C3O2-NM,0.0
V4H2N3O2-Ti4C3H2O2-NM,0.0
V4N3O2-Ti4C3O2-FM,0.0
V4N3-Ti4C3-NM,0.0
W4N3-Ti4C3-NM,0.0
Y4F2N3-Ti4C3O2-NM,0.0
Y4H2N3O2-Ti4C3H2O2-NM,0.0
Y4N3O2-Ti4C3O2-NM,0.0
Y4N3-Ti4C3-NM,0.0
Zr4F2N3-Ti4C3O2-NM,0.0
Zr4H2N3O2-Ti4C3H2O2-NM,0.0
Zr4N3O2-Ti4C3O2-NM,0.0
Zr4N3-Ti4C3-FM,0.0
Zr4N3-Ti4C3-NM,0.0
BiCrAs-MoSSe-FM,0.0
CrAsSb-MoSSe-FM,0.0
CrAsSb-MoSSe-NM,0.0
BiCrSb-MoSSe-FM,0.0
CrBrCl-MoSSe-FM,0.0
CrBrI-MoSSe-FM,0.0
CrClI-MoSSe-FM,0.0
CrSeTe-MoSSe-NM,0.5722038899748847
CrSSe-MoSSe-NM,0.7819993070070721
CrSTe-MoSSe-NM,0.2612541548433938
BiHfAs-MoSSe-NM,0.0
HfAsSb-MoSSe-NM,0.0
BiHfSb-MoSSe-NM,0.0
HfBrCl-MoSSe-NM,0.8243573941153033
HfBrI-MoSSe-NM,0.7092594420862837
HfClI-MoSSe-NM,0.8088263519571858
HfSeTe-MoSSe-NM,0.1441017670569127
HfSSe-MoSSe-NM,0.8863045865618404
HfSTe-MoSSe-NM,0.0
BiMoAs-MoSSe-NM,0.0
MoAsSb-MoSSe-NM,0.0
BiMoSb-MoSSe-NM,0.0
MoBrCl-MoSSe-NM,0.0
MoBrI-MoSSe-FM,0.0
MoClI-MoSSe-NM,0.0
MoSeTe-MoSSe-NM,1.136065874587619
MoSSe-MoSSe-NM,1.4529328335609917
MoSTe-MoSSe-NM,0.9925901833971098
BiNbAs-MoSSe-NM,0.0
NbAsSb-MoSSe-NM,0.0
BiNbSb-MoSSe-NM,0.0
NbBrCl-MoSSe-NM,0.0
NbBrI-MoSSe-NM,0.0
NbClI-MoSSe-NM,0.0
NbSeTe-MoSSe-FM,0.0
NbSeTe-MoSSe-NM,0.0
NbSSe-MoSSe-NM,0.0
NbSTe-MoSSe-FM,0.0
NbSTe-MoSSe-NM,0.0
BiTaAs-MoSSe-NM,0.0
TaAsSb-MoSSe-NM,0.0
BiTaSb-MoSSe-NM,0.0
TaBrCl-MoSSe-NM,0.0
TaBrI-MoSSe-NM,0.0
TaClI-MoSSe-NM,0.0
TaSeTe-MoSSe-NM,0.0
TaSSe-MoSSe-NM,0.0
TaSTe-MoSSe-FM,0.0
TaSTe-MoSSe-NM,0.0
BiTiAs-MoSSe-NM,0.0
TiAsSb-MoSSe-NM,0.0
BiTiSb-MoSSe-NM,0.0
TiBrCl-MoSSe-NM,0.829868879524473
TiBrI-MoSSe-NM,0.6792200630946263
TiClI-MoSSe-NM,0.7452269210691056
TiSeTe-MoSSe-NM,0.0
TiSSe-MoSSe-NM,0.5053196753641305
TiSTe-MoSSe-NM,0.0
BiVAs-MoSSe-NM,0.0
VAsSb-MoSSe-NM,0.0
BiVSb-MoSSe-NM,0.0
VBrCl-MoSSe-FM,0.0
VBrI-MoSSe-FM,0.0
VClI-MoSSe-FM,0.0
VSeTe-MoSSe-FM,0.11978996954442622
VSSe-MoSSe-FM,0.0
VSTe-MoSSe-FM,0.0
BiWAs-MoSSe-NM,0.0
WAsSb-MoSSe-NM,0.0
BiWSb-MoSSe-NM,0.0
WBrCl-MoSSe-NM,0.0
WBrI-MoSSe-NM,0.0
WClI-MoSSe-NM,0.0
WSeTe-MoSSe-NM,1.0380684931877449
WSSe-MoSSe-NM,1.4014128375547215
WSTe-MoSSe-NM,1.1424744555191646
BiZrAs-MoSSe-NM,0.0
ZrAsSb-MoSSe-NM,0.0
BiZrSb-MoSSe-NM,0.0
ZrBrCl-MoSSe-NM,0.911686041778687
ZrBrI-MoSSe-NM,0.7738317241835507
ZrClI-MoSSe-NM,0.8768029167736213
ZrSeTe-MoSSe-NM,0.2620161074071976
ZrSSe-MoSSe-NM,0.8289454590673573
ZrSTe-MoSSe-NM,0.20761793787239702
AsClTe-MoSSe-NM,1.2889448668637506
BiBrS-MoSSe-NM,1.2503642126668444
BiClS-MoSSe-NM,1.4966585241147619
BiClSe-MoSSe-NM,1.2901023626102721
BiIS-MoSSe-NM,0.452304753965447
BiClTe-MoSSe-NM,0.5770411149661552
BrSSb-MoSSe-NM,1.426792548268551
ClSbSe-MoSSe-NM,1.6743436644341294
BrSbTe-MoSSe-NM,1.3184986975034236
ClSSb-MoSSe-NM,1.6693722790005474
ISbSe-MoSSe-NM,1.007634645393162
ClSbTe-MoSSe-NM,1.3935473825250533
BiISe-MoSSe-NM,0.4836727871316584
BiBrTe-MoSSe-NM,0.5789362884955895
BiITe-MoSSe-NM,0.3910763994909763
BrSbSe-MoSSe-NM,1.4646881022858078
ISSb-MoSSe-NM,0.7948482322925983
ISbTe-MoSSe-NM,1.0160386908166967
AsBrS-MoSSe-NM,1.4165605817538849
AsClS-MoSSe-NM,1.7309444712502875
AsBrSe-MoSSe-NM,1.4971097364686334
AsClSe-MoSSe-NM,1.7168031250395985
AsISe-MoSSe-NM,0.4464938604911386
AsIS-MoSSe-NM,0.22150754688439944
AsBrTe-MoSSe-NM,1.0647764520723249
AsITe-MoSSe-NM,0.3297364452324646
BiBrSe-MoSSe-NM,1.074469532672931
Ge2S2-SnS-NM,1.7137806305009082
Ge2Se2-SnS-NM,1.1211421895230393
Ge2Te2-SnS-NM,0.8153312869458567
P4-P-NM,0.9025676593547012
Pb2S2-PbS-NM,1.1623755601256491
Pb2Se2-PbS-NM,0.7889027582023118
Pb2Te2-PbS-NM,0.44538711010832766
S2Si2-SnS-NM,1.4165294564125799
Se2Si2-SnS-NM,1.195080590541926
Si2Te2-SnS-NM,0.38812028370823193
Sn2S2-SnS-NM,1.414027531420293
Sn2Se2-SnS-NM,0.9225352561217908
Sn2Te2-PbS-NM,0.6027654706041676
As4-P-NM,0.8347176385699571
Al2S2-PbSe-NM,0.0
Al2Se2-PbSe-NM,0.0
Al2Te2-PbSe-NM,0.0
Bi2S2-PbSe-FM,0.0
Bi2S2-PbSe-NM,0.0
Bi2Se2-PbSe-FM,0.0
Bi2Se2-PbSe-NM,0.0
Bi2Te2-PbSe-FM,0.0
Bi2Te2-PbSe-NM,0.0
Cd2S2-PbSe-NM,0.0
Cd2Se2-PbSe-NM,0.0
Cd2Te2-PbSe-NM,0.0
Ga2S2-PbSe-NM,0.0
Ga2Se2-PbSe-NM,0.0
Ga2Te2-PbSe-NM,0.0
Ge2S2-PbSe-NM,0.0
Ge2Se2-PbSe-NM,0.0
Ge2Te2-PbSe-FM,0.0
Ge2Te2-PbSe-NM,0.0
In2S2-PbSe-NM,0.0
In2Se2-PbSe-NM,0.0
In2Te2-PbSe-NM,0.0
Pb2S2-PbSe-NM,0.4221318993874754
Pb2Se2-PbSe-NM,0.478362884936991
Pb2Te2-PbSe-NM,0.27120968191759753
S2Sb2-PbSe-NM,0.0
S2Si2-PbSe-FM,0.0
S2Si2-PbSe-NM,0.0
Sb2Se2-PbSe-FM,0.0
Sb2Se2-PbSe-NM,0.0
Sb2Te2-PbSe-FM,0.0
Sb2Te2-PbSe-NM,0.0
Se2Si2-PbSe-NM,0.0
Si2Te2-PbSe-NM,0.0
Sn2S2-PbSe-NM,0.06679412481463176
Sn2Se2-PbSe-NM,0.08432201573168685
Sn2Te2-PbSe-NM,0.028127616246987452
Zn2S2-PbSe-NM,0.0
Zn2Se2-PbSe-NM,0.0
Zn2Te2-PbSe-NM,0.0
Ag2S4-PdS2-NM,0.0
Ag2Se4-PdS2-NM,0.0
Ag2Te4-PdS2-NM,0.0
Al2S4-WTe2-NM,0.0
Al2Se4-WTe2-NM,0.0
Al2Te4-CdI2-NM,0.0
Au2S4-PdS2-NM,0.0
Au2Se4-PdS2-NM,0.0
Au2Te4-PdS2-NM,0.0
Bi2S4-WTe2-NM,0.0
Bi2Te4-WTe2-FM,0.0
Bi2Te4-WTe2-NM,0.0
Cd2S4-PdS2-NM,1.520448427770626
Cd2Se4-WTe2-NM,1.3637007458906365
Cd2Te4-WTe2-NM,1.0682018898527517
Co2S4-PdS2-FM,0.0
Co2Se4-PdS2-AFM,0.3353718600414113
Co2Se4-PdS2-FM,0.23140201653791337
Co2Te4-PdS2-AFM,0.43446083169313465
Co2Te4-PdS2-FM,0.3314816829835736
Cr2S4-MnS2-AFM,0.0
Cr2S4-MnS2-FM,0.0
Cr2Se4-MnS2-AFM,0.0
Cr2Se4-MnS2-FM,0.0
Cr2Te4-MnS2-AFM,0.0
Cr2Te4-MnS2-FM,0.0
Cu2S4-PdS2-NM,0.0
Cu2Se4-PdS2-NM,0.0
Cu2Te4-PdS2-NM,0.0
Fe2S4-MnS2-AFM,0.19372216994455238
Fe2S4-MnS2-FM,0.0
Fe2Se4-MnS2-FM,0.0
Fe2Te4-MnS2-FM,0.0
Ga2S4-PdS2-NM,0.0
Ga2Se4-MnS2-NM,0.0
Ga2Te4-PdS2-NM,0.0
Ge2S4-WTe2-NM,0.2838402218947593
Ge2Se4-WTe2-NM,0.0
Ge2Te4-MnS2-NM,0.0323578598136236
In2S4-Undefined-NM,0.4101521519130211
In2Se4-MnS2-NM,0.0
In2Te4-MnS2-NM,0.0
Ir2S4-PdS2-NM,0.0
Ir2Se4-PdS2-NM,0.0
Ir2Te4-PdS2-NM,0.0
Mn2S4-MnS2-AFM,0.5174497058134353
Mn2S4-MnS2-FM,0.0
Mn2Se4-MnS2-AFM,0.0
Mn2Se4-MnS2-FM,0.0
Mn2Te4-MnS2-AFM,0.0
Mn2Te4-MnS2-FM,0.0
Mo2S4-MnS2-AFM,0.0
Mo2S4-MnS2-FM,0.13287259872451251
Mo2Se4-MnS2-AFM,0.0
Mo2Se4-MnS2-FM,0.0
Mo2Te4-MnS2-AFM,0.0
Mo2Te4-MnS2-FM,0.0
Nb2Te4-MnS2-FM,0.0
Ni2S4-PdS2-NM,0.8238762701691442
Ni2Se4-PdS2-NM,1.0146499500518922
Ni2Te4-PdS2-NM,0.9207980008049967
Os2S4-MnS2-NM,0.11087436222853819
Os2Se4-MnS2-NM,0.1436583338345523
Os2Te4-MnS2-NM,0.11696869176475388
Pb2S4-WTe2-NM,1.082872260269292
Pb2Se4-WTe2-NM,0.7283275504294826
Pb2Te4-WTe2-NM,0.1316104247796992
Pd2S4-PdS2-NM,1.1198988050409426
Pd2Se4-PdS2-NM,1.3131703410322995
Pd2Te4-PdS2-NM,1.211899556826218
Pt2S4-PdS2-NM,1.8020945091692515
Pt2Se4-PdS2-NM,1.4413985524309398
Pt2Te4-PdS2-NM,1.3091261964925769
Rh2S4-PdS2-NM,0.0
Rh2Se4-PdS2-NM,0.0
Rh2Te4-PdS2-NM,0.0
Ru2S4-MnS2-NM,0.0
Ru2Se4-MnS2-NM,0.0
Ru2Te4-MnS2-NM,0.15696181208003956
S4Sb2-WTe2-NM,0.0
Sb2Se4-PdS2-FM,0.0
Sb2Se4-PdS2-NM,0.0
Sb2Te4-PdS2-NM,0.0
Sc2Te4-MnS2-NM,0.0
Sn2Se4-WTe2-NM,0.47600540432264205
Sn2Te4-WTe2-NM,0.0
Ta2Te4-MnS2-AFM,0.0
Ta2Te4-MnS2-FM,0.0
Tl2S4-WTe2-NM,0.0
Tl2Se4-WTe2-NM,0.0
Tl2Te4-WTe2-NM,0.0
V2S4-MnS2-FM,0.0
V2Se4-MnS2-FM,0.0
V2Te4-MnS2-FM,0.0
W2S4-MnS2-AFM,0.0
W2S4-MnS2-FM,0.0
W2Se4-MnS2-AFM,0.0
W2Se4-MnS2-FM,0.0
W2Te4-MnS2-AFM,0.0
W2Te4-MnS2-FM,0.0
Zn2S4-PdS2-NM,1.6926858377205098
Zn2Se4-PdS2-NM,1.3817958072499135
Zn2Te4-PdS2-NM,0.9589062002387194
Br4C16Cl4Ge2H48N4-PbA2I4-NM,1.4052451494384082
Br4C16Cl4Ge2H48N4-PbA2I4-NM-2,2.5953716533542375
Br4C16Ge2H48I4N4-PbA2I4-NM,1.8355870527706868
Br4C16Ge2H48I4N4-PbA2I4-NM-2,1.077662178677547
Br8C16Ge2H48N4-PbA2I4-NM,1.7857678796106828
C16Cl4Ge2H48I4N4-PbA2I4-NM,2.4028526240641743
C16Cl4Ge2H48I4N4-PbA2I4-NM-2,1.0325814093662233
C16Cl8Ge2H48N4-PbA2I4-NM,2.5785438584507596
C16Ge2H48I8N4-PbA2I4-NM,1.0492869545167531
Pb2Br4C16Cl4H48N4-PbA2I4-NM,1.562039799116083
Pb2Br4C16Cl4H48N4-PbA2I4-NM-2,1.9021512293572536
Pb2Br4C16H48I4N4-PbA2I4-NM,1.489621319062326
Pb2Br4C16H48I4N4-PbA2I4-NM-2,1.115357135080488
Pb2Br8C16H48N4-PbA2I4-NM,1.5505927523888634
Pb2C16Cl4H48I4N4-PbA2I4-NM,1.6532551819546202
Pb2C16Cl4H48I4N4-PbA2I4-NM-2,1.0827510805766
Pb2C16Cl8H48N4-PbA2I4-NM,1.9839546350781028
Pb2C16H48I8N4-PbA2I4-NM,1.1696925725213496
Sn2Br4C16Cl4H48N4-PbA2I4-NM,1.3649551765339876
Sn2Br4C16Cl4H48N4-PbA2I4-NM-2,1.8324122888616747
Sn2Br4C16H48I4N4-PbA2I4-NM,1.29227407630142
Sn2Br4C16H48I4N4-PbA2I4-NM-2,0.9914997634883244
Sn2Br8C16H48N4-PbA2I4-NM,1.3526365562415672
Sn2C16Cl4H48I4N4-PbA2I4-NM,1.7938642377646206
Sn2C16Cl4H48I4N4-PbA2I4-NM-2,0.9735514329037424
Sn2C16Cl8H48N4-PbA2I4-NM,1.9262962604465335
Sn2C16H48I8N4-PbA2I4-NM,1.0520614297198303
Co4S8-ReS2-NM,0.32233530013467804
Co4Se8-CdI2-FM,0.0
Co4Se8-CdI2-NM,0.0
In4Br8-Undefined-NM,1.6432900449561139
Ir4S8-ReS2-NM,0.6961336473178668
Ir4Se8-ReS2-NM,0.8247030727512026
Ir4Te8-ReS2-NM,0.5497543701935607
Nb4O8-Undefined-NM,0.459483062697845
Re4O8-ReS2-NM,1.3384591582019711
Re4S8-ReS2-NM,1.2755851426837903
Re4Se8-ReS2-NM,1.1102429705048817
Re4Te8-ReS2-NM,0.8178793660604222
Rh4S8-ReS2-NM,0.59715542451572
Rh4Se8-ReS2-NM,0.5823697639002205
Ta4O8-Undefined-NM,0.5813687596347201
AuO2-CdI2-FM,0.0
AuO2-CdI2-NM,0.0
AuO2-MoS2-FM,0.0
AuS2-CdI2-NM,0.0
AuS2-MoS2-NM,0.0
AuSe2-CdI2-NM,0.0
AuSe2-MoS2-NM,0.0
AuTe2-CdI2-NM,0.0
AuTe2-MoS2-NM,0.0
CoO2-CdI2-FM,0.0
CoO2-MoS2-FM,0.0
CoS2-CdI2-FM,0.0
CoS2-CdI2-NM,0.0
CoS2-MoS2-NM,0.0
CoSe2-CdI2-NM,0.0
CoSe2-MoS2-NM,0.0
CoTe2-CdI2-NM,0.0
CoTe2-MoS2-NM,0.0
CrO2-CdI2-FM,0.0
CrO2-MoS2-NM,0.41570709818814633
CrS2-CdI2-NM,0.0
CrS2-MoS2-NM,0.8774373305125515
CrSe2-CdI2-FM,0.0
CrSe2-CdI2-NM,0.0
CrSe2-MoS2-NM,0.685242850956344
CrTe2-CdI2-FM,0.0
CrTe2-MoS2-NM,0.4532832974466279
CuO2-CdI2-FM,0.0
CuO2-MoS2-FM,0.0
CuS2-CdI2-NM,0.0
CuS2-MoS2-FM,0.0
CuS2-MoS2-NM,0.0
CuSe2-CdI2-NM,0.0
CuSe2-MoS2-NM,0.0
CuTe2-CdI2-NM,0.0
CuTe2-MoS2-NM,0.0
FeO2-CdI2-FM,0.0
FeO2-MoS2-FM,0.0
FeS2-CdI2-FM,0.0
FeS2-MoS2-FM,0.0
FeSe2-CdI2-FM,0.0
FeSe2-MoS2-FM,0.0
FeTe2-CdI2-FM,0.0
FeTe2-MoS2-FM,0.0
GeO2-CdI2-NM,3.6413164920398597
GeO2-MoS2-NM,1.4569230765933967
GeS2-CdI2-NM,0.7290217340043381
GeS2-MoS2-NM,0.0
GeSe2-CdI2-NM,0.0
GeSe2-MoS2-NM,0.0
GeTe2-CdI2-NM,0.0
GeTe2-MoS2-NM,0.0
HfO2-CdI2-NM,4.776683869763817
HfO2-MoS2-NM,1.9277792513728005
HfS2-CdI2-NM,1.2211274004438044
HfS2-MoS2-NM,1.0610253353137828
HfSe2-CdI2-NM,0.42656152531346736
HfSe2-MoS2-NM,0.8124846207995438
HfTe2-CdI2-NM,0.0
HfTe2-MoS2-NM,0.131633071968683
HgO2-CdI2-NM,0.0
HgO2-MoS2-FM,0.0
HgS2-CdI2-FM,0.0
HgS2-MoS2-NM,0.0
HgSe2-CdI2-FM,0.0
HgSe2-CdI2-NM,0.0
HgSe2-MoS2-NM,0.0
HgTe2-CdI2-NM,0.0
HgTe2-MoS2-NM,0.0
IrO2-CdI2-NM,0.0
IrO2-MoS2-FM,0.0
IrS2-CdI2-NM,0.0
IrS2-MoS2-NM,0.0
IrSe2-CdI2-NM,0.0
IrSe2-MoS2-NM,0.0
IrTe2-CdI2-NM,0.0
IrTe2-MoS2-NM,0.0
MnO2-CdI2-FM,1.1321890142198092
MnO2-MoS2-FM,0.0
MnS2-CdI2-FM,0.0
MnS2-MoS2-FM,0.0
MnSe2-CdI2-FM,0.0
MnSe2-MoS2-FM,0.0
MnTe2-CdI2-FM,0.0
MnTe2-MoS2-FM,0.0
MoO2-CdI2-NM,0.0
MoO2-MoS2-NM,0.9123966902884229
MoS2-CdI2-NM,0.0
MoS2-MoS2-NM,1.5803894396776823
MoSe2-CdI2-NM,0.0
MoSe2-MoS2-NM,1.3214381859138533
MoTe2-CdI2-NM,0.0
MoTe2-MoS2-NM,0.9318333397619195
NbO2-CdI2-FM,0.0
NbO2-MoS2-FM,0.0
NbO2-MoS2-NM,0.0
NbS2-CdI2-NM,0.0
NbS2-MoS2-FM,0.0
NbS2-MoS2-NM,0.0
NbSe2-CdI2-NM,0.0
NbSe2-MoS2-NM,0.0
NbTe2-CdI2-NM,0.0
NbTe2-MoS2-FM,0.0
NbTe2-MoS2-NM,0.0
NiO2-CdI2-NM,1.2810601794654057
NiO2-MoS2-FM,0.0
NiS2-CdI2-NM,0.5833718087914641
NiS2-MoS2-NM,0.0
NiSe2-CdI2-NM,0.0
NiSe2-MoS2-NM,0.0
NiTe2-CdI2-NM,0.0
NiTe2-MoS2-NM,0.0
OsO2-CdI2-FM,0.2629754138653775
OsO2-MoS2-FM,0.0
OsS2-CdI2-FM,0.0
OsS2-CdI2-NM,0.0
OsS2-MoS2-NM,0.0
OsSe2-CdI2-NM,0.0
OsSe2-MoS2-NM,0.0
OsTe2-CdI2-NM,0.0
OsTe2-MoS2-NM,0.0
PbO2-CdI2-NM,1.3463092055202508
PbO2-MoS2-NM,0.0
PbS2-CdI2-NM,0.7553768098960933
PbS2-MoS2-NM,1.3895312952284014
PbSe2-CdI2-NM,0.0819737480503746
PbSe2-MoS2-NM,1.026994585708851
PbTe2-CdI2-NM,0.0
PbTe2-MoS2-NM,0.0
PdO2-CdI2-NM,1.3789335506002023
PdO2-MoS2-NM,0.0
PdS2-CdI2-NM,1.1709399864419574
PdS2-MoS2-NM,0.0
PdSe2-CdI2-NM,0.5579655400006678
PdSe2-MoS2-NM,0.22923778052570598
PdTe2-CdI2-NM,0.0
PdTe2-MoS2-NM,0.0
PtO2-CdI2-NM,1.67397717145121
PtO2-MoS2-FM,0.0
PtS2-CdI2-NM,1.6882571662128067
PtS2-MoS2-NM,0.0
PtSe2-CdI2-NM,1.1666545013209406
PtSe2-MoS2-NM,0.0
PtTe2-CdI2-NM,0.30257441273800456
PtTe2-MoS2-NM,0.0
ReO2-CdI2-NM,0.0
ReO2-MoS2-NM,0.0
ReS2-CdI2-NM,0.0
ReS2-MoS2-NM,0.0
ReSe2-CdI2-NM,0.0
ReSe2-MoS2-NM,0.0
ReTe2-CdI2-NM,0.0
ReTe2-MoS2-NM,0.0
RhO2-CdI2-NM,0.0
RhO2-MoS2-FM,0.0
RhS2-CdI2-NM,0.0
RhS2-MoS2-NM,0.0
RhSe2-CdI2-NM,0.0
RhSe2-MoS2-NM,0.0
RhTe2-CdI2-NM,0.0
RhTe2-MoS2-NM,0.0
RuO2-CdI2-NM,0.0
RuO2-MoS2-FM,0.0
RuO2-MoS2-NM,0.0
RuS2-CdI2-FM,0.0
RuS2-MoS2-NM,0.0
RuSe2-CdI2-FM,0.0
RuSe2-MoS2-FM,0.0
RuSe2-MoS2-NM,0.0
RuTe2-CdI2-NM,0.0
RuTe2-MoS2-FM,0.0
RuTe2-MoS2-NM,0.0
ScO2-CdI2-FM,0.0
ScO2-MoS2-FM,1.4635559184650453
ScS2-CdI2-NM,0.0
ScS2-MoS2-FM,0.718297079840323
ScSe2-CdI2-NM,0.0
ScSe2-MoS2-FM,0.5601952599808206
ScTe2-CdI2-NM,0.0
ScTe2-MoS2-NM,0.0
SnO2-CdI2-NM,2.682843652111919
SnO2-MoS2-NM,0.6646146382480174
SnS2-CdI2-NM,1.5874637779703
SnS2-MoS2-NM,0.7625374038049255
SnSe2-CdI2-NM,0.7621676257664414
SnSe2-MoS2-NM,0.0
SnTe2-CdI2-NM,0.0
SnTe2-MoS2-NM,0.0
TaO2-CdI2-NM,0.0
TaO2-MoS2-FM,0.0
TaO2-MoS2-NM,0.0
TaS2-CdI2-NM,0.0
TaS2-MoS2-NM,0.0
TaSe2-CdI2-NM,0.0
TaSe2-MoS2-NM,0.0
TaTe2-CdI2-NM,0.0
TaTe2-MoS2-NM,0.0
TiO2-CdI2-NM,2.7008286144892883
TiO2-MoS2-NM,1.1954536709602812
TiS2-CdI2-NM,0.0
TiS2-MoS2-NM,0.7342520598477869
TiSe2-CdI2-NM,0.0
TiSe2-MoS2-NM,0.5216355514625504
TiTe2-CdI2-NM,0.0
TiTe2-MoS2-NM,0.0
VO2-CdI2-FM,0.0
VO2-MoS2-FM,0.0
VS2-CdI2-FM,0.0
VS2-CdI2-NM,0.0
VS2-MoS2-FM,0.0
VSe2-CdI2-FM,0.0
VSe2-CdI2-NM,0.0
VSe2-MoS2-FM,0.24757598942080872
VTe2-CdI2-FM,0.0
VTe2-MoS2-FM,0.21085758854745207
WO2-CdI2-NM,0.0
WO2-MoS2-NM,1.3403824808745486
WS2-CdI2-NM,0.0
WS2-MoS2-NM,1.5336240776237222
WSe2-CdI2-NM,0.0
WSe2-MoS2-NM,1.2378763372390664
WTe2-CdI2-NM,0.0
WTe2-MoS2-NM,0.7271129177540153
ZrO2-CdI2-NM,4.448263427526731
ZrO2-MoS2-NM,1.6896395266530004
ZrS2-CdI2-NM,1.1591954974297045
ZrS2-MoS2-NM,0.9645436450701612
ZrSe2-CdI2-NM,0.336549777091111
ZrSe2-MoS2-NM,0.7389809649523811
ZrTe2-CdI2-NM,0.0
ZrTe2-MoS2-NM,0.258653581117659
AgH2-MoS2-NM,0.0
AgLi2-MoS2-NM,0.0
AuH2-MoS2-NM,0.0
AuLi2-MoS2-NM,0.0
CoH2-MoS2-FM,0.0
CoH2-MoS2-NM,0.0
CrH2-MoS2-FM,0.0
CrLi2-MoS2-FM,0.0
CrLi2-MoS2-NM,0.0
CuH2-MoS2-NM,0.0
CuLi2-MoS2-NM,0.0
FeH2-MoS2-FM,0.0
FeLi2-MoS2-FM,0.0
HfH2-MoS2-NM,0.0
HfLi2-MoS2-NM,0.0
IrH2-MoS2-NM,0.0
IrLi2-MoS2-FM,0.0
IrLi2-MoS2-NM,0.0
MnH2-MoS2-FM,0.0
Li2Mn-MoS2-FM,0.0
MoH2-MoS2-NM,0.0
Li2Mo-MoS2-FM,0.0
Li2Mo-MoS2-NM,0.0
NbH2-MoS2-NM,0.0
Li2Nb-MoS2-FM,0.0
Li2Nb-MoS2-NM,0.0
NiH2-MoS2-NM,0.0
Li2Ni-MoS2-NM,0.0
OsH2-MoS2-NM,0.0
Li2Os-MoS2-NM,0.0
Li2Pb-MoS2-NM,0.0
PtH2-MoS2-NM,0.0
Li2Pt-MoS2-NM,0.0
ReH2-MoS2-FM,0.0
ReH2-MoS2-NM,0.0
Li2Re-MoS2-NM,0.0
RhH2-MoS2-NM,0.0
Li2Rh-MoS2-NM,0.0
RuH2-MoS2-NM,0.0
Li2Ru-MoS2-NM,0.0
ScH2-MoS2-FM,0.36569374381632436
Li2Sc-MoS2-FM,0.0
TaH2-MoS2-NM,0.0
Li2Ta-MoS2-FM,0.0
Li2Ta-MoS2-NM,0.0
TiH2-MoS2-NM,0.0
Li2Ti-MoS2-NM,0.0
VH2-MoS2-NM,0.0
Li2V-MoS2-FM,0.0
Li2V-MoS2-NM,0.0
WH2-MoS2-FM,0.0
WH2-MoS2-NM,0.0
Li2W-MoS2-FM,0.0
Li2W-MoS2-NM,0.0
ZrH2-MoS2-NM,0.0
Li2Zr-MoS2-NM,0.0
Cr2Mo2S8-CrWS4-NM,1.0137406718922892
Cr2Mo2Se8-CrWS4-NM,0.8186536811956902
Cr2Mo2Te8-CrWS4-NM,0.5568617340341705
Cr2W2S8-CrWS4-NM,0.9410811307836656
Cr2W2Se8-CrWS4-NM,0.7586305264186148
Cr2W2Te8-CrWS4-NM,0.4968790400837474
Cr3MoS8-CrW3S8-NM,0.8989664959988956
Cr3MoSe8-CrW3S8-NM,0.7070733536966183
Cr3WS8-CrW3S8-NM,0.8630775655189828
Cr3WSe8-CrW3S8-NM,0.6770306461232154
Cr3WTe8-CrW3S8-NM,0.4428104990071707
CrMo3S8-CrW3S8-NM,1.1843520099628226
CrMo3Se8-CrW3S8-NM,0.9514913154074031
CrMo3Te8-CrW3S8-NM,0.6445528019344509
CrW3S8-CrW3S8-NM,1.1257740740283928
CrW3Se8-CrW3S8-NM,0.8822144618383809
CrW3Te8-CrW3S8-NM,0.5428119900430286
Mo2W2S8-CrWS4-NM,1.532056544485905
Mo2W2Se8-CrWS4-NM,1.2700350010110273
Mo2W2Te8-CrWS4-NM,0.8615486816667287
Mo3WS8-CrW3S8-NM,1.5592569062034816
Mo3WSe8-CrW3S8-NM,1.2995952845972911
Mo3WTe8-CrW3S8-NM,0.8995266921026237
MoW3S8-CrW3S8-NM,1.531814197373003
MoW3Se8-CrW3S8-NM,1.2576221150331424
MoW3Te8-CrW3S8-NM,0.8043705968698536
Hf2Ti2S8-CrWS4-NM,0.9102029568581789
Hf2Ti2Se8-CrWS4-NM,0.6457857357388248
Hf2Ti2Te8-CrWS4-NM,0.0
Ti2Zr2S8-CrWS4-NM,0.8454359677123677
Ti2Zr2Se8-CrWS4-NM,0.6226885988427917
Ti2Zr2Te8-CrWS4-NM,0.11710016052747085
HfTi3S8-CrW3S8-NM,0.8490943097222017
HfTi3Se8-CrW3S8-NM,0.5869320971152483
HfTi3Te8-CrW3S8-NM,0.0
Ti3ZrS8-CrW3S8-NM,0.8401810521972477
Ti3ZrSe8-CrW3S8-NM,0.5787403685090771
Ti3ZrTe8-CrW3S8-NM,0.08024500259871425
Hf3TiS8-CrW3S8-NM,0.9955066637232473
Hf3TiSe8-CrW3S8-NM,0.7161355345583214
Hf3TiTe8-CrW3S8-NM,0.0796292031003002
TiZr3S8-CrW3S8-NM,0.9966518657447656
TiZr3Se8-CrW3S8-NM,0.7063077340576376
TiZr3Te8-CrW3S8-NM,0.1893578761458452
Hf2Zr2S8-CrWS4-NM,1.1290925990396576
Hf2Zr2Se8-CrWS4-NM,0.8412366998798742
Hf2Zr2Te8-CrWS4-NM,0.1657372947881871
HfZr3S8-CrW3S8-NM,1.1376272741455817
HfZr3Se8-CrW3S8-NM,0.8185716006718804
HfZr3Te8-CrW3S8-NM,0.21331297426926787
Hf3ZrS8-CrW3S8-NM,1.1375628758786203
Hf3ZrSe8-CrW3S8-NM,0.8341813437516539
Hf3ZrTe8-CrW3S8-NM,0.1423025619974424
Ag2Br2N2-FeOCl-NM,0.0
Ag2Br2O2-FeOCl-NM,0.0
Ag2Br2S2-FeOCl-NM,0.0
Ag2Br2Se2-FeOCl-NM,0.0
Ag2Cl2N2-FeOCl-NM,0.0
Ag2Cl2O2-FeOCl-NM,0.0
Ag2Cl2S2-FeOCl-NM,0.0
Ag2Cl2Se2-FeOCl-NM,0.0
Ag2I2N2-FeOCl-FM,0.0
Ag2I2N2-FeOCl-NM,0.0
Ag2I2O2-FeOCl-NM,0.0
Ag2I2S2-FeOCl-NM,0.0
Ag2I2Se2-FeOCl-NM,0.0
Al2Br2N2-FeOCl-NM,0.0
Al2Br2O2-FeOCl-NM,4.142216045055265
Al2Br2S2-FeOCl-NM,2.262506594051231
Al2Br2Se2-FeOCl-NM,1.5346169759079262
Al2Cl2N2-FeOCl-NM,0.0
Al2Cl2O2-FeOCl-NM,5.728716402441372
Al2Cl2S2-FeOCl-NM,2.3343447966419175
Al2Cl2Se2-FeOCl-NM,1.4161229998195832
Al2I2O2-FeOCl-NM,2.2191489642048374
Al2I2S2-FeOCl-NM,1.6147030969138456
Al2I2Se2-FeOCl-NM,1.4929249816559513
Au2Br2N2-FeOCl-NM,0.0
Au2Br2O2-FeOCl-NM,0.0
Au2Br2S2-FeOCl-FM,0.0
Au2Br2S2-FeOCl-NM,0.0
Au2Br2Se2-FeOCl-NM,0.0
Au2Cl2N2-FeOCl-NM,0.0
Au2Cl2O2-FeOCl-NM,0.0
Au2Cl2Se2-FeOCl-NM,0.0
Au2I2N2-FeOCl-NM,0.0
Au2I2O2-FeOCl-NM,0.0
Au2I2S2-FeOCl-NM,0.0
Au2I2Se2-FeOCl-NM,0.0
Bi2Br2N2-FeOCl-NM,0.0
Bi2Br2O2-FeOCl-NM,1.431080267940175
Bi2Br2S2-FeOCl-NM,0.9689056275620591
Bi2Br2Se2-FeOCl-NM,0.6581544493878932
Bi2Cl2N2-FeOCl-NM,0.0
Bi2Cl2O2-FeOCl-NM,1.7330060556280367
Bi2Cl2S2-FeOCl-NM,0.9430125463606607
Bi2Cl2Se2-FeOCl-NM,0.6355419099714483
Bi2I2N2-FeOCl-NM,0.0
Bi2I2O2-FeOCl-NM,1.0744396865478998
Bi2I2S2-FeOCl-NM,0.8372955476064095
Bi2I2Se2-FeOCl-NM,0.705754457423666
Br2Ge2N2-FeOCl-NM,1.5001928234102153
Br2Ge2O2-FeOCl-NM,0.0
Br2Ge2S2-FeOCl-NM,0.0
Br2Ge2Se2-FeOCl-NM,0.0
Cl2Ge2N2-FeOCl-NM,1.8513532400265449
Cl2Ge2O2-FeOCl-NM,0.0
Cl2Ge2S2-FeOCl-NM,0.0
Cl2Ge2Se2-FeOCl-NM,0.0
Co2Br2N2-FeOCl-NM,0.0
Co2Br2O2-FeOCl-NM,0.0
Co2Br2S2-FeOCl-NM,0.0
Co2Br2Se2-FeOCl-NM,0.0
Co2Cl2N2-FeOCl-NM,0.0
Co2Cl2O2-FeOCl-NM,0.0
Co2Cl2S2-FeOCl-NM,0.0
Co2Cl2Se2-FeOCl-NM,0.0
Co2I2N2-FeOCl-NM,0.0
Co2I2O2-FeOCl-NM,0.0
Co2I2S2-FeOCl-NM,0.0
Co2I2Se2-FeOCl-NM,0.0
Cr2Br2N2-FeOCl-AFM,0.0
Cr2Br2N2-FeOCl-FM,0.0
Cr2Br2O2-FeOCl-AFM,1.0034867123623112
Cr2Br2O2-FeOCl-FM,0.496041681883028
Cr2Br2S2-FeOCl-AFM,0.5814340217199414
Cr2Br2S2-FeOCl-FM,0.45528876778564187
Cr2Br2Se2-FeOCl-AFM,0.2702744708254323
Cr2Br2Se2-FeOCl-FM,0.17894849124653733
Cr2Cl2N2-FeOCl-AFM,0.0
Cr2Cl2N2-FeOCl-FM,0.0
Cr2Cl2O2-FeOCl-AFM,1.1898157005694256
Cr2Cl2O2-FeOCl-FM,0.6474945536760401
Cr2Cl2S2-FeOCl-AFM,0.6395858380518797
Cr2Cl2S2-FeOCl-FM,0.4598447489703257
Cr2Cl2Se2-FeOCl-AFM,0.3222943480160474
Cr2Cl2Se2-FeOCl-FM,0.17589186622842545
Cr2I2N2-FeOCl-AFM,0.0
Cr2I2N2-FeOCl-FM,0.0
Cr2I2O2-FeOCl-AFM,0.530749160414344
Cr2I2O2-FeOCl-FM,0.16438050222989692
Cr2I2S2-FeOCl-AFM,0.4213630131062147
Cr2I2S2-FeOCl-FM,0.33012239011995326
Cr2I2Se2-FeOCl-AFM,0.14533551706881287
Cr2I2Se2-FeOCl-FM,0.0
Cu2Br2N2-FeOCl-FM,0.0
Cu2Br2N2-FeOCl-NM,0.0
Cu2Br2O2-FeOCl-NM,0.0
Cu2Br2S2-FeOCl-FM,0.0
Cu2Br2S2-FeOCl-NM,0.0
Cu2Cl2N2-FeOCl-FM,0.0
Cu2Cl2N2-FeOCl-NM,0.0
Cu2Cl2O2-FeOCl-NM,0.0
Cu2Cl2Se2-FeOCl-NM,0.0
Cu2I2N2-FeOCl-NM,0.0
Cu2I2O2-FeOCl-NM,0.0
Cu2I2S2-FeOCl-NM,0.0
Cu2I2Se2-FeOCl-NM,0.0
Cu2Cl2S2-FeOCl-NM,0.0
Cu2Br2Se2-FeOCl-NM,0.0
Fe2Br2N2-FeOCl-AFM,0.0
Fe2Br2N2-FeOCl-FM,0.0
Fe2Br2O2-FeOCl-FM,0.0
Fe2Br2O2-FeOCl-AFM,0.028696027335359364
Fe2Br2S2-FeOCl-AFM,0.0
Fe2Br2S2-FeOCl-FM,0.0
Fe2Br2Se2-FeOCl-AFM,0.0
Fe2Br2Se2-FeOCl-FM,0.0
Fe2Cl2N2-FeOCl-AFM,0.0
Fe2Cl2O2-FeOCl-AFM,0.0
Fe2Cl2O2-FeOCl-FM,0.0
Fe2Cl2S2-FeOCl-AFM,0.0
Fe2Cl2S2-FeOCl-FM,0.0
Fe2Cl2Se2-FeOCl-AFM,0.0
Fe2Cl2Se2-FeOCl-FM,0.0
Fe2I2N2-FeOCl-AFM,0.0
Fe2I2N2-FeOCl-FM,0.0
Fe2I2O2-FeOCl-AFM,0.0
Fe2I2O2-FeOCl-FM,0.0
Fe2I2S2-FeOCl-AFM,0.0
Fe2I2S2-FeOCl-FM,0.0
Fe2I2S2-FeOCl-NM,0.0
Fe2I2Se2-FeOCl-AFM,0.0
Fe2I2Se2-FeOCl-FM,0.0
Ga2Br2N2-FeOCl-NM,0.0
Ga2Br2O2-FeOCl-NM,2.5145282051553273
Ga2Br2S2-FeOCl-NM,1.4848564615301962
Ga2Br2Se2-FeOCl-NM,0.7355458753018818
Ga2Cl2N2-FeOCl-NM,0.0
Ga2Cl2O2-FeOCl-NM,3.6737700855519266
Ga2Cl2S2-FeOCl-NM,1.417121466314894
Ga2Cl2Se2-FeOCl-NM,0.606384145404175
Ga2I2N2-FeOCl-NM,0.0
Ga2I2O2-FeOCl-NM,1.0009416350402773
Ga2I2S2-FeOCl-NM,0.8326559821565149
Ga2I2Se2-FeOCl-NM,0.8218362290877663
Ge2I2N2-FeOCl-NM,0.0
Ge2I2O2-FeOCl-NM,0.0
Ge2I2S2-FeOCl-NM,0.0
Ge2I2Se2-FeOCl-NM,0.0
Hf2Br2N2-FeOCl-NM,2.0639827618107702
Hf2Br2O2-FeOCl-NM,0.0
Hf2Br2S2-FeOCl-NM,0.0
Hf2Br2Se2-FeOCl-NM,0.0
Hf2Cl2N2-FeOCl-NM,2.101499100129408
Hf2Cl2O2-FeOCl-NM,0.0
Hf2Cl2S2-FeOCl-NM,0.0
Hf2Cl2Se2-FeOCl-NM,0.0
Hf2I2N2-FeOCl-NM,1.5846592854943138
Hf2I2O2-FeOCl-NM,0.0
Hf2I2S2-FeOCl-NM,0.0
Hf2I2Se2-FeOCl-NM,0.0
Hg2Br2N2-FeOCl-NM,0.0
Hg2Br2O2-FeOCl-FM,0.0
Hg2Cl2N2-FeOCl-NM,0.0
Hg2Cl2O2-FeOCl-FM,0.0
Hg2Cl2S2-FeOCl-NM,0.0
Hg2Cl2Se2-FeOCl-NM,0.0
Hg2I2N2-FeOCl-NM,0.0
Hg2I2O2-FeOCl-FM,0.0
Hg2I2O2-FeOCl-NM,0.0
Hg2I2S2-FeOCl-NM,0.0
Hg2Br2Se2-FeOCl-NM,0.0
Hg2I2Se2-FeOCl-NM,0.0
In2Br2N2-FeOCl-NM,0.0
In2Br2O2-FeOCl-NM,2.290311643246773
In2Br2S2-FeOCl-NM,1.9081609464418992
In2Br2Se2-FeOCl-NM,1.2303334279522518
In2Cl2N2-FeOCl-NM,0.0
In2Cl2O2-FeOCl-NM,2.6069667610199714
In2Cl2S2-FeOCl-NM,1.7973939126829832
In2Cl2Se2-FeOCl-NM,1.0669385663955775
In2I2N2-FeOCl-NM,0.0
In2I2O2-FeOCl-NM,1.1909044105079807
In2I2S2-FeOCl-NM,1.5393556444016734
In2I2Se2-FeOCl-NM,1.2639888045094256
Ir2Br2N2-FeOCl-NM,0.0
Ir2Br2O2-FeOCl-NM,0.29523562010712723
Ir2Br2S2-FeOCl-NM,0.3437975247414884
Ir2Br2Se2-FeOCl-NM,0.0
Ir2Cl2N2-FeOCl-NM,0.0
Ir2Cl2O2-FeOCl-NM,0.444051578216335
Ir2Cl2S2-FeOCl-NM,0.35452948525304606
Ir2Cl2Se2-FeOCl-NM,0.0
Ir2I2N2-FeOCl-NM,0.0
Ir2I2O2-FeOCl-NM,0.0
Ir2I2S2-FeOCl-NM,0.21498020620428684
Ir2I2Se2-FeOCl-NM,0.0
Mn2Br2N2-FeOCl-AFM,0.45760286187819776
Mn2Br2N2-FeOCl-FM,0.0
Mn2Br2O2-FeOCl-AFM,0.0
Mn2Br2O2-FeOCl-FM,0.0
Mn2Br2S2-FeOCl-AFM,0.0
Mn2Br2S2-FeOCl-FM,0.0
Mn2Br2Se2-FeOCl-AFM,0.0
Mn2Br2Se2-FeOCl-FM,0.0
Mn2Cl2N2-FeOCl-AFM,0.5695637924380084
Mn2Cl2N2-FeOCl-FM,0.17607684877825536
Mn2Cl2O2-FeOCl-AFM,0.0
Mn2Cl2O2-FeOCl-FM,0.0
Mn2Cl2S2-FeOCl-AFM,0.0
Mn2Cl2S2-FeOCl-FM,0.0
Mn2Cl2Se2-FeOCl-AFM,0.0
Mn2Cl2Se2-FeOCl-FM,0.0
Mn2I2N2-FeOCl-AFM,0.0
Mn2I2N2-FeOCl-FM,0.0
Mn2I2O2-FeOCl-AFM,0.0
Mn2I2O2-FeOCl-FM,0.0
Mn2I2S2-FeOCl-AFM,0.0
Mn2I2S2-FeOCl-FM,0.0
Mn2I2Se2-FeOCl-AFM,0.0
Mn2I2Se2-FeOCl-FM,0.0
Mo2Br2N2-FeOCl-NM,0.0
Mo2Br2O2-FeOCl-NM,0.0
Mo2Br2S2-FeOCl-NM,0.0
Mo2Br2Se2-FeOCl-NM,0.0
Mo2Cl2N2-FeOCl-NM,0.0
Mo2Cl2O2-FeOCl-NM,0.0
Mo2Cl2S2-FeOCl-AFM,0.0
Mo2Cl2S2-FeOCl-FM,0.0
Mo2Cl2S2-FeOCl-NM,0.0
Mo2Cl2Se2-FeOCl-NM,0.0
Mo2I2N2-FeOCl-AFM,0.0
Mo2I2N2-FeOCl-FM,0.0
Mo2I2N2-FeOCl-NM,0.0
Mo2I2O2-FeOCl-NM,0.0
Mo2I2S2-FeOCl-AFM,0.0
Mo2I2S2-FeOCl-FM,0.0
Mo2I2Se2-FeOCl-NM,0.0
Nb2Br2N2-FeOCl-NM,0.0
Nb2Br2O2-FeOCl-NM,0.0
Nb2Br2S2-FeOCl-NM,0.0
Nb2Br2Se2-FeOCl-NM,0.0
Nb2Cl2N2-FeOCl-NM,0.0
Nb2Cl2O2-FeOCl-NM,0.0
Nb2Cl2S2-FeOCl-NM,0.0
Nb2Cl2Se2-FeOCl-NM,0.0
Nb2I2N2-FeOCl-NM,0.0
Nb2I2O2-FeOCl-NM,0.0
Nb2I2S2-FeOCl-NM,0.0
Nb2I2Se2-FeOCl-NM,0.0
Ni2Br2O2-FeOCl-AFM,0.0
Ni2Br2O2-FeOCl-FM,0.0
Ni2Br2S2-FeOCl-NM,0.0
Ni2Br2Se2-FeOCl-NM,0.0
Ni2Cl2N2-FeOCl-NM,0.0
Ni2Cl2S2-FeOCl-NM,0.0
Ni2I2N2-FeOCl-NM,0.0
Ni2I2O2-FeOCl-AFM,0.0
Ni2I2O2-FeOCl-FM,0.0
Ni2I2S2-FeOCl-NM,0.0
Ni2I2Se2-FeOCl-NM,0.0
Ni2Br2N2-FeOCl-NM,0.0
Ni2Cl2O2-FeOCl-AFM,0.0
Ni2Cl2O2-FeOCl-FM,0.0
Ni2Cl2Se2-FeOCl-NM,0.0
Os2Br2N2-FeOCl-NM,0.0
Os2Br2O2-FeOCl-FM,0.0
Os2Br2O2-FeOCl-NM,0.0
Os2Br2S2-FeOCl-NM,0.0
Os2Br2Se2-FeOCl-NM,0.0
Os2Cl2N2-FeOCl-NM,0.0
Os2Cl2O2-FeOCl-FM,0.0
Os2Cl2O2-FeOCl-NM,0.0
Os2Cl2S2-FeOCl-NM,0.0
Os2Cl2Se2-FeOCl-NM,0.0
Os2I2O2-FeOCl-FM,0.0
Os2I2O2-FeOCl-NM,0.0
Os2I2S2-FeOCl-NM,0.0
Os2I2Se2-FeOCl-NM,0.0
Pb2Br2N2-FeOCl-NM,0.0
Pb2Br2O2-FeOCl-NM,0.0
Pb2Br2S2-FeOCl-NM,0.0
Pb2Cl2N2-FeOCl-NM,0.0
Pb2Cl2O2-FeOCl-NM,0.0
Pb2Cl2S2-FeOCl-NM,0.0
Pb2Cl2Se2-FeOCl-NM,0.0
Pb2I2N2-FeOCl-NM,0.0
Pb2I2O2-FeOCl-NM,0.0
Pb2I2S2-FeOCl-NM,0.0
Pb2I2Se2-FeOCl-NM,0.0
Pb2Br2Se2-FeOCl-NM,0.0
Pd2Br2N2-FeOCl-NM,0.0
Pd2Br2O2-FeOCl-NM,0.0
Pd2Br2S2-FeOCl-NM,0.0
Pd2Cl2N2-FeOCl-NM,0.0
Pd2Cl2O2-FeOCl-NM,0.0
Pd2Cl2S2-FeOCl-NM,0.0
Pd2Cl2Se2-FeOCl-NM,0.0
Pd2I2N2-FeOCl-NM,0.0
Pd2I2O2-FeOCl-NM,0.0
Pd2I2S2-FeOCl-NM,0.0
Pd2I2Se2-FeOCl-NM,0.0
Pt2Br2N2-FeOCl-NM,0.11809323113238945
Pt2Br2O2-FeOCl-NM,0.0
Pt2Br2S2-FeOCl-NM,0.0
Pt2Br2Se2-FeOCl-NM,0.0
Pt2Cl2N2-FeOCl-NM,0.35377200382491636
Pt2Cl2O2-FeOCl-NM,0.0
Pt2Cl2S2-FeOCl-NM,0.0
Pt2Cl2Se2-FeOCl-NM,0.0
Pt2I2N2-FeOCl-NM,0.0
Pt2I2O2-FeOCl-NM,0.0
Pt2I2S2-FeOCl-NM,0.0
Pt2I2Se2-FeOCl-NM,0.0
Rh2Br2N2-FeOCl-NM,0.0
Rh2Br2O2-FeOCl-NM,0.0
Rh2Br2S2-FeOCl-NM,0.0
Rh2Br2Se2-FeOCl-NM,0.0
Rh2Cl2N2-FeOCl-NM,0.0
Rh2Cl2O2-FeOCl-NM,0.0
Rh2Cl2Se2-FeOCl-NM,0.0
Rh2I2N2-FeOCl-NM,0.0
Rh2I2O2-FeOCl-NM,0.0
Rh2I2S2-FeOCl-NM,0.0
Rh2I2Se2-FeOCl-NM,0.0
Rh2Cl2S2-FeOCl-NM,0.0
Ru2Br2N2-FeOCl-NM,0.0
Ru2Br2O2-FeOCl-NM,0.0
Ru2Br2S2-FeOCl-NM,0.0
Ru2Br2Se2-FeOCl-NM,0.0
Ru2Cl2N2-FeOCl-NM,0.0
Ru2Cl2O2-FeOCl-NM,0.0
Ru2Cl2S2-FeOCl-NM,0.0
Ru2Cl2Se2-FeOCl-FM,0.0
Ru2Cl2Se2-FeOCl-NM,0.0
Ru2I2O2-FeOCl-AFM,0.0
Ru2I2O2-FeOCl-FM,0.0
Ru2I2O2-FeOCl-NM,0.0
Ru2I2S2-FeOCl-NM,0.0
Ru2I2Se2-FeOCl-NM,0.0
Ru2I2N2-FeOCl-NM,0.0
Sc2Br2N2-FeOCl-NM,0.0
Sc2Br2O2-FeOCl-NM,3.210201931910863
Sc2Br2S2-FeOCl-NM,2.1300965747853535
Sc2Br2Se2-FeOCl-NM,1.5101878081364406
Sc2Cl2N2-FeOCl-NM,0.0
Sc2Cl2O2-FeOCl-NM,4.243374831395172
Sc2Cl2S2-FeOCl-NM,2.1093429120831964
Sc2Cl2Se2-FeOCl-NM,1.4088730894940764
Sc2I2N2-FeOCl-NM,0.0
Sc2I2O2-FeOCl-NM,1.8116927119771313
Sc2I2S2-FeOCl-NM,1.662454422787662
Sc2I2Se2-FeOCl-NM,1.3932262295252207
Sn2Br2N2-FeOCl-NM,1.365925805227684
Sn2Br2O2-FeOCl-NM,0.0
Sn2Br2S2-FeOCl-NM,0.0
Sn2Br2Se2-FeOCl-NM,0.0
Sn2Cl2N2-FeOCl-NM,1.4058509672891986
Sn2Cl2O2-FeOCl-NM,0.0
Sn2Cl2S2-FeOCl-NM,0.0
Sn2Cl2Se2-FeOCl-NM,0.0
Sn2I2N2-FeOCl-NM,1.0685254141737688
Sn2I2O2-FeOCl-NM,0.0
Sn2I2S2-FeOCl-NM,0.0
Sn2I2Se2-FeOCl-NM,0.0
Ta2Br2O2-FeOCl-NM,0.0
Ta2Br2S2-FeOCl-NM,0.0
Ta2Br2Se2-FeOCl-NM,0.0
Ta2Cl2N2-FeOCl-NM,0.0
Ta2Cl2O2-FeOCl-NM,0.0
Ta2Cl2S2-FeOCl-NM,0.0
Ta2Cl2Se2-FeOCl-NM,0.0
Ta2I2N2-FeOCl-NM,0.0
Ta2I2O2-FeOCl-NM,0.0
Ta2I2S2-FeOCl-NM,0.0
Ta2I2Se2-FeOCl-NM,0.0
Ta2Br2N2-FeOCl-NM,0.0
Ti2Br2N2-FeOCl-NM,0.6209742712588844
Ti2Br2O2-FeOCl-NM,0.0
Ti2Br2S2-FeOCl-NM,0.0
Ti2Br2Se2-FeOCl-NM,0.0
Ti2Cl2N2-FeOCl-NM,0.6197210363587968
Ti2Cl2O2-FeOCl-NM,0.0
Ti2Cl2S2-FeOCl-NM,0.0
Ti2Cl2Se2-FeOCl-NM,0.0
Ti2I2N2-FeOCl-NM,0.06227451677329243
Ti2I2O2-FeOCl-NM,0.0
Ti2I2S2-FeOCl-NM,0.0
Ti2I2Se2-FeOCl-NM,0.0
Tl2Br2N2-FeOCl-NM,0.0
Tl2Br2O2-FeOCl-NM,1.0125131628854098
Tl2Cl2N2-FeOCl-NM,0.0
Tl2Cl2O2-FeOCl-NM,1.0298001336688243
Tl2I2N2-FeOCl-NM,0.0
Tl2I2O2-FeOCl-NM,0.3121927070075434
Tl2I2S2-FeOCl-NM,0.2533809493097283
V2Br2N2-FeOCl-NM,0.0
V2Br2O2-FeOCl-AFM,0.0
V2Br2O2-FeOCl-FM,0.0
V2Br2S2-FeOCl-AFM,0.0
V2Br2S2-FeOCl-FM,0.0
V2Br2Se2-FeOCl-AFM,0.0
V2Br2Se2-FeOCl-FM,0.0
V2Cl2N2-FeOCl-NM,0.0
V2Cl2O2-FeOCl-AFM,0.0
V2Cl2S2-FeOCl-AFM,0.0
V2Cl2Se2-FeOCl-AFM,0.0
V2Cl2Se2-FeOCl-FM,0.0
V2I2N2-FeOCl-AFM,0.0
V2I2N2-FeOCl-FM,0.0
V2I2N2-FeOCl-NM,0.0
V2I2O2-FeOCl-AFM,0.0
V2I2O2-FeOCl-FM,0.0
V2I2S2-FeOCl-AFM,0.0
V2I2S2-FeOCl-FM,0.0
V2I2Se2-FeOCl-AFM,0.0
V2I2Se2-FeOCl-FM,0.0
W2Br2N2-FeOCl-NM,0.0
W2Br2O2-FeOCl-NM,0.0
W2Br2S2-FeOCl-NM,0.0
W2Br2Se2-FeOCl-NM,0.0
W2Cl2N2-FeOCl-NM,0.0
W2Cl2O2-FeOCl-NM,0.0
W2Cl2S2-FeOCl-NM,0.0
W2Cl2Se2-FeOCl-NM,0.0
W2I2N2-FeOCl-NM,0.0
W2I2O2-FeOCl-NM,0.0
W2I2S2-FeOCl-FM,0.0
W2I2Se2-FeOCl-NM,0.0
Zr2Br2N2-FeOCl-NM,1.8162218454811647
Zr2Br2O2-FeOCl-NM,0.0
Zr2Br2S2-FeOCl-NM,0.0
Zr2Br2Se2-FeOCl-NM,0.0
Zr2Cl2N2-FeOCl-NM,1.8490943990545108
Zr2Cl2O2-FeOCl-NM,0.0
Zr2Cl2Se2-FeOCl-NM,0.0
Zr2I2N2-FeOCl-NM,1.103932048879444
Zr2I2O2-FeOCl-NM,0.0
Zr2I2S2-FeOCl-NM,0.0
Zr2I2Se2-FeOCl-NM,0.0
Zr2Cl2S2-FeOCl-NM,0.0
Al2O2-GaS-NM,1.3150910281560764
Al2S2-GaS-NM,2.085252660501567
Al2Se2-GaS-NM,1.9974652951471454
Al2Te2-GaS-NM,1.7479817399988278
Au2O2-GaS-NM,0.0
Au2S2-GaS-NM,0.0
Au2Se2-GaS-NM,0.0
Au2Te2-GaS-NM,0.037006908791840876
Bi2O2-GaS-NM,0.12027701846549887
Bi2S2-GaS-NM,0.0
Bi2Se2-GaS-NM,0.0
Bi2Te2-GaS-NM,0.0
Co2O2-GaS-NM,0.0
Co2S2-GaS-NM,0.0
Co2Se2-GaS-NM,0.0
Co2Te2-GaS-FM,0.0
Co2Te2-GaS-NM,0.0
Cu2S2-GaS-NM,0.0
Cu2Se2-GaS-NM,0.0
Cu2Te2-GaS-NM,0.0
Fe2O2-GaS-FM,0.0
Fe2O2-GaS-NM,0.0
Fe2S2-GaS-FM,0.0
Fe2S2-GaS-NM,0.0
Fe2Se2-GaS-NM,0.0
Fe2Te2-GaS-AFM,0.0
Fe2Te2-GaS-FM,0.0
Ga2O2-GaS-NM,1.5563983376369341
Ga2S2-GaS-NM,2.3205461629079274
Ga2Se2-GaS-NM,1.7646068281960792
Ga2Te2-GaS-NM,1.2966556208609867
Hf2O2-GaS-NM,0.0
Hf2S2-GaS-FM,0.0
Hf2S2-GaS-NM,0.0
Hf2Se2-GaS-FM,0.0
Hf2Se2-GaS-NM,0.0
Hf2Te2-GaS-NM,0.0
In2O2-GaS-NM,0.3851169895593478
In2S2-GaS-NM,1.675147054401346
In2Se2-GaS-NM,1.4040674539321079
In2Te2-GaS-NM,1.2326469781332134
Ir2O2-GaS-NM,0.1220482041994074
Ir2S2-GaS-NM,0.29690691595606344
Ir2Se2-GaS-NM,0.3048036377944664
Ir2Te2-GaS-NM,0.0
Mn2O2-GaS-AFM,0.0
Mn2O2-GaS-FM,0.0
Mn2S2-GaS-AFM,0.0
Mn2S2-GaS-FM,0.0
Mn2Se2-GaS-AFM,0.0
Mn2Se2-GaS-FM,0.0
Mn2Te2-GaS-AFM,0.0
Mn2Te2-GaS-FM,0.0
Mo2O2-GaS-NM,0.0
Mo2S2-GaS-NM,0.0
Mo2Se2-GaS-NM,0.0
Mo2Te2-GaS-NM,0.0
Nb2O2-GaS-NM,0.0
Nb2S2-GaS-NM,0.0
Nb2Se2-GaS-NM,0.0
Nb2Te2-GaS-FM,0.0
Nb2Te2-GaS-NM,0.0
Ni2O2-GaS-AFM,0.0
Ni2O2-GaS-FM,0.0
Ni2S2-GaS-NM,0.0
Ni2Se2-GaS-NM,0.0
Ni2Te2-GaS-NM,0.0
Os2O2-GaS-NM,0.0
Os2S2-GaS-NM,0.0
Os2Se2-GaS-NM,0.0
Os2Te2-GaS-NM,0.0
Pd2O2-GaS-NM,0.0
Pd2S2-GaS-NM,0.0
Pd2Se2-GaS-NM,0.0
Pd2Te2-GaS-NM,0.0
Pt2O2-GaS-NM,0.0
Pt2S2-GaS-NM,0.0
Pt2Se2-GaS-NM,0.0
Pt2Te2-GaS-NM,0.0
Re2O2-GaS-NM,0.0
Re2S2-GaS-NM,0.0
Re2Se2-GaS-NM,0.0
Re2Te2-GaS-NM,0.0
Rh2O2-GaS-NM,0.06713214739487938
Rh2S2-GaS-NM,0.0
Rh2Se2-GaS-NM,0.10114770276374235
Rh2Te2-GaS-NM,0.0
Ru2O2-GaS-NM,0.0
Ru2S2-GaS-NM,0.0
Ru2Se2-GaS-NM,0.0
Ru2Te2-GaS-NM,0.0
Sc2O2-GaS-NM,0.6998284919246414
Sc2S2-GaS-NM,0.41384425370209676
Sc2Se2-GaS-NM,0.39960066120437165
Sc2Te2-GaS-NM,0.2906045211114221
Ta2O2-GaS-NM,0.0
Ta2S2-GaS-FM,0.0
Ta2S2-GaS-NM,0.0
Ta2Se2-GaS-FM,0.0
Ta2Se2-GaS-NM,0.0
Ta2Te2-GaS-FM,0.0
Ti2O2-GaS-NM,0.0
Ti2S2-GaS-FM,0.0
Ti2S2-GaS-NM,0.0
Ti2Se2-GaS-FM,0.0
Ti2Se2-GaS-NM,0.0
Ti2Te2-GaS-NM,0.21723112276448522
Tl2O2-GaS-NM,0.0
Tl2S2-GaS-NM,0.6732803088353962
Tl2Se2-GaS-NM,0.494046852037606
Tl2Te2-GaS-NM,0.33947302943856505
V2O2-GaS-AFM,0.14170235498075423
V2S2-GaS-NM,0.21353359169883934
V2Se2-GaS-NM,0.2567429353394153
V2Te2-GaS-NM,0.2244392035045748
W2O2-GaS-NM,0.05282781186118579
W2S2-GaS-NM,0.0
W2Se2-GaS-NM,0.0
W2Te2-GaS-NM,0.0
Zr2O2-GaS-NM,0.0
Zr2S2-GaS-FM,0.0
Zr2S2-GaS-NM,0.0
Zr2Se2-GaS-NM,0.05855845852773714
Zr2Te2-GaS-NM,0.45214735781045123
Co2S6-Undefined-NM,0.0
Co2Se6-Undefined-NM,0.0
Co2Te6-VTe3-NM,0.0
Cr2Te6-VTe3-AFM,0.0
Cr2Te6-VTe3-FM,0.0
Fe2Te6-VTe3-FM,0.0
Fe2Te6-VTe3-NM,0.0
Hf2O6-TiS3-NM,3.4703144491421853
Hf2S6-TiS3-NM,1.1567800561995536
Hf2Se6-TiS3-NM,0.2718837669691675
Hf2Te6-TiS3-NM,0.0
Ir2O6-Undefined-NM,0.0
Ir2S6-Undefined-NM,0.0
Ir2Se6-VTe3-NM,0.0
Ir2Te6-VTe3-NM,0.0
Mn2Te6-VTe3-AFM,0.0
Mn2Te6-VTe3-FM,0.0
Mo2S6-TiS3-NM,0.0
Mo2Se6-VTe3-NM,0.0
Mo2Te6-VTe3-NM,0.0
Nb2O6-TiS3-NM,0.0
Nb2S6-TiS3-NM,0.0
Nb2Se6-TiS3-NM,0.0
Nb2Te6-TiS3-NM,0.0
Ni2O6-Undefined-AFM,0.0
Ni2O6-Undefined-FM,0.0
Ni2S6-VTe3-NM,0.0
Ni2Se6-VTe3-NM,0.0
Ni2Te6-VTe3-NM,0.0
Os2Se6-VTe3-NM,0.0
Os2Te6-VTe3-NM,0.0
Pb2Te6-Undefined-NM,0.26790546815369765
Pt2Se6-VTe3-NM,0.0
Pt2Te6-VTe3-NM,0.0
Rh2O6-Undefined-NM,0.0
Rh2Te6-VTe3-NM,0.0
Ru2Se6-VTe3-NM,0.22124286025359374
Ru2Te6-VTe3-NM,0.0
Sc2S6-TiS3-NM,0.0
Sc2Se6-TiS3-NM,0.0
Sc2Te6-VTe3-NM,0.0
Ta2O6-TiS3-NM,0.0
Ta2S6-TiS3-NM,0.0
Ta2Se6-TiS3-NM,0.0
Ta2Te6-TiS3-NM,0.0
Ti2O6-TiS3-NM,2.460685522730217
Ti2S6-TiS3-NM,0.29455224571594796
Ti2Se6-TiS3-NM,0.0
Ti2Te6-TiS3-NM,0.0
V2O6-TiS3-NM,0.0
V2S6-TiS3-NM,0.0
V2Se6-TiS3-FM,0.0
V2Se6-TiS3-NM,0.0
V2Te6-VTe3-AFM,0.0
V2Te6-VTe3-FM,0.0
V2Te6-VTe3-NM,0.0
W2S6-TiS3-NM,0.0
W2Te6-VTe3-NM,0.0
Zr2O6-TiS3-NM,3.586328611964481
Zr2S6-TiS3-NM,1.1818621131210494
Zr2Se6-TiS3-NM,0.4096178305363348
Zr2Te6-TiS3-NM,0.0
Ag2Br4-CdI2-NM,0.0
Ag2I4-CdI2-NM,0.0
Au2Br4-WTe2-NM,0.0
Au2I4-WTe2-NM,0.0
Au2O4-WTe2-NM,0.0
Co2S4-CdI2-NM,0.0
Co2Se4-CdI2-NM,0.0
Co2Te4-CdI2-NM,0.0
Cr2Br4-WTe2-AFM,0.8944632793052345
Cr2Br4-WTe2-FM,0.6693751093283673
Cr2Cl4-WTe2-AFM,1.0750541947011194
Cr2Cl4-WTe2-FM,0.8784008260550917
Cr2O4-WTe2-NM,0.0
Cr2S4-WTe2-NM,0.0
Cr2Se4-WTe2-NM,0.0
Cu2Br4-CdI2-AFM,0.0
Cu2I4-CdI2-NM,0.0
Cu2Te4-WTe2-NM,0.0
Fe2S4-WTe2-NM,0.6541283608277095
Fe2Se4-WTe2-NM,0.5751873401731717
Fe2Te4-WTe2-NM,0.2820812597387188
Hf2Br4-WTe2-NM,0.8519286819405343
Hf2Cl4-WTe2-NM,0.8427019328303148
Hf2I4-WTe2-NM,0.6273989706635998
Hg2O4-CdI2-FM,0.23738207395295063
Hg2Te4-WTe2-NM,0.0
Ir2Br4-WTe2-NM,0.0
Ir2O4-CdI2-NM,0.0
Ir2S4-WTe2-NM,0.0
Ir2Se4-WTe2-NM,0.0
Ir2Te4-CdI2-NM,0.0
Mn2Cl4-CdI2-FM,0.4274352937163479
Mn2O4-WTe2-FM,0.0
Mn2S4-WTe2-AFM,0.17811414937884495
Mn2S4-WTe2-FM,0.0
Mn2Se4-WTe2-FM,0.0
Mn2Te4-WTe2-AFM,0.0
Mn2Te4-WTe2-FM,0.0
Mo2Br4-WTe2-FM,0.0
Mo2Cl4-CdI2-NM,0.0
Mo2I4-WTe2-FM,0.0
Mo2I4-WTe2-NM,0.0
Mo2O4-WTe2-NM,0.0
Mo2S4-WTe2-NM,0.05102847991953885
Mo2Se4-WTe2-NM,0.04109179138608554
Mo2Te4-WTe2-NM,0.0
Nb2Cl4-WTe2-NM,0.0
Nb2I4-WTe2-NM,0.0
Nb2O4-CdI2-NM,0.0
Os2O4-WTe2-NM,0.16913883665567075
Os2S4-WTe2-NM,0.5297053819122212
Os2Se4-WTe2-NM,0.5672753644166779
Os2Te4-WTe2-NM,0.7132964037368515
Pd2Cl4-WTe2-NM,0.0
Re2Br4-WTe2-NM,0.0
Re2Cl4-WTe2-NM,0.0
Re2I4-WTe2-FM,0.11018128647470504
Re2I4-WTe2-NM,0.0
Re2O4-WTe2-NM,0.0
Re2S4-WTe2-NM,0.0
Re2Se4-WTe2-NM,0.0
Re2Te4-WTe2-NM,0.0
Rh2Br4-CdI2-FM,0.0
Rh2Cl4-WTe2-AFM,0.4044104877107524
Rh2Cl4-WTe2-FM,0.412751246098656
Rh2S4-WTe2-NM,0.0
Rh2Se4-WTe2-NM,0.0
Rh2Te4-WTe2-NM,0.0
Ru2O4-WTe2-NM,0.0
Ru2S4-WTe2-NM,0.725467552055723
Ru2Se4-WTe2-NM,0.7787942796763458
Ru2Te4-WTe2-NM,0.6417526977208245
Sc2Br4-CdI2-NM,0.0
Sc2Cl4-CdI2-NM,0.0
Ta2Br4-WTe2-NM,0.0
Ta2I4-WTe2-NM,0.0
Ta2O4-CdI2-NM,0.0
Ti2Cl4-WTe2-NM,0.3202651543302618
Ti2I4-WTe2-NM,0.1546597893752766
Ti2O4-WTe2-NM,2.8548729045207444
V2Br4-CdI2-AFM,1.2937050168761937
V2Cl4-CdI2-AFM,1.426491393807944
V2Cl4-WTe2-FM,0.0
V2Cl4-WTe2-NM,0.0
V2I4-CdI2-AFM,1.1566671317172168
V2O4-WTe2-FM,0.0
W2Cl4-CdI2-NM,0.0
W2O4-WTe2-NM,0.0
W2S4-WTe2-NM,0.0
W2Se4-WTe2-NM,0.03186127369483077
W2Te4-WTe2-NM,0.0
Y2Br4-CdI2-NM,0.0
Y2Cl4-CdI2-NM,0.0
Y2I4-WTe2-NM,0.0
Zr2Br4-WTe2-NM,0.5803966260792315
Zr2Cl4-WTe2-NM,0.6108009255785545
Zr2I4-WTe2-NM,0.4231267164763255
C2F2-CH-NM,3.165109699223409
C2H2-CH-NM,3.4601107430494755
F2Ge2-CH-NM,0.0
Ge2H2-CH-NM,0.9200963558789976
F2Si2-CH-NM,0.6661590555599854
H2Si2-CH-NM,2.1711989038152937
CF2Si-CH2Si-NM,1.935060603102296
CH2Si-CH2Si-NM,3.999566286218328
Sn2F2-CH-NM,0.3160003345996376
Sn2H2-CH-NM,0.23630577341463255
Hf4Br4O4-HfBrS-NM,0.0
Hf4Br4S4-HfBrS-FM,0.0
Hf4Br4S4-HfBrS-NM,0.0
Hf4Br4Se4-HfBrS-FM,0.0
Hf4Br4Se4-HfBrS-NM,0.0
Hf4Cl4O4-HfBrS-NM,0.0
Hf4Cl4S4-HfBrS-FM,0.0
Hf4Cl4S4-HfBrS-NM,0.0
Hf4Cl4Se4-HfBrS-FM,0.0
Hf4Cl4Se4-HfBrS-NM,0.0
Hf4I4O4-HfBrS-NM,0.0
Hf4I4S4-HfBrS-FM,0.0
Hf4I4S4-HfBrS-NM,0.0
Hf4I4Se4-HfBrS-FM,0.0
Hf4I4Se4-HfBrS-NM,0.0
Ti4Br4O4-HfBrS-NM,0.0
Ti4Br4S4-HfBrS-FM,0.0
Ti4Br4Se4-HfBrS-FM,0.0
Ti4Cl4O4-HfBrS-NM,0.0
Ti4Cl4S4-HfBrS-FM,0.0
Ti4Cl4Se4-HfBrS-FM,0.0
Ti4I4O4-HfBrS-NM,0.0
Ti4I4S4-HfBrS-FM,0.0
Ti4I4Se4-HfBrS-FM,0.0
Zr4Br4O4-HfBrS-NM,0.0
Zr4Br4S4-HfBrS-FM,0.0
Zr4Br4Se4-HfBrS-FM,0.0
Zr4Br4Se4-HfBrS-NM,0.0
Zr4Cl4O4-HfBrS-NM,0.0
Zr4Cl4S4-HfBrS-FM,0.0
Zr4Cl4Se4-HfBrS-FM,0.0
Zr4Cl4Se4-HfBrS-NM,0.0
Zr4I4O4-HfBrS-NM,0.0
Zr4I4S4-HfBrS-FM,0.0
Zr4I4S4-HfBrS-NM,0.0
Zr4I4Se4-HfBrS-FM,0.0
Zr4I4Se4-HfBrS-NM,0.0
