Ag2O2-AuSe-NM,0.7251250614127258
Ag2S2-AuSe-NM,1.6799189108405987
Ag2Se2-AuSe-NM,1.2403386147382922
Ag2Te2-AuSe-NM,0.8444318305859504
Au2O2-AuSe-NM,0.5504464743811797
Au2S2-AuSe-NM,2.071953599265814
Au2Se2-AuSe-NM,1.6073127841262043
Au2Te2-AuSe-NM,1.1260263348804136
Co2S2-NiSe-NM,0.0
Co2Se2-NiSe-NM,0.0
Co2Te2-NiSe-NM,0.0
Cu2O2-AuSe-NM,0.287855658658823
Cu2S2-AuSe-NM,1.075624204662625
Cu2Se2-AuSe-NM,0.8068745096617875
Cu2Te2-NiSe-NM,0.0
Hf2O2-AuSe-NM,0.0
Hf2S2-AuSe-NM,0.0
Hf2Se2-NiSe-NM,0.0
Hf2Te2-NiSe-NM,0.0
Ir2O2-AuSe-NM,0.0
Ir2S2-NiSe-NM,0.0
Ir2Se2-AuSe-NM,0.0
Ir2Te2-NiSe-NM,0.0
Mo2O2-RhO-NM,0.0
Mo2S2-Undefined-NM,0.0
Mo2Se2-Undefined-NM,0.0
Mo2Te2-Undefined-NM,0.0
Nb2O2-RhO-NM,0.0
Nb2S2-NiSe-NM,0.0
Nb2Se2-NiSe-NM,0.0
Nb2Te2-NiSe-NM,0.0
Ni2O2-AuSe-NM,0.0
Os2O2-RhO-NM,0.0
Os2S2-RhO-NM,0.0
Os2Se2-RhO-NM,0.0
Os2Te2-Undefined-NM,0.0
Pb2O2-Undefined-NM,0.8593778190739227
Pb2Se2-RhO-NM,0.0
Pb2Te2-AuSe-NM,0.0
Pt2O2-AuSe-NM,0.0
Pt2S2-AuSe-NM,0.0
Pt2Se2-NiSe-NM,0.0
Pt2Te2-NiSe-NM,0.0
Re2O2-RhO-NM,0.0
Re2S2-RhO-NM,0.0
Re2Se2-RhO-NM,0.0
Re2Te2-Undefined-NM,0.0
Rh2O2-RhO-NM,0.0
Rh2S2-AuSe-NM,0.0
Rh2Se2-AuSe-NM,0.0
Rh2Te2-NiSe-NM,0.0
Ru2O2-RhO-NM,0.0
Ru2S2-RhO-NM,0.0
Ru2Se2-RhO-NM,0.0
Ru2Te2-Undefined-NM,0.0
Sc2O2-AuSe-NM,0.0
Sc2S2-AuSe-NM,0.0
Sc2Se2-NiSe-NM,0.0
Sc2Te2-NiSe-NM,0.0
Ta2O2-RhO-NM,0.0
Ta2S2-NiSe-NM,0.0
Ta2Se2-NiSe-NM,0.0
Ta2Te2-NiSe-NM,0.0
Ti2O2-AuSe-NM,0.0
Ti2S2-NiSe-NM,0.0
Ti2Se2-NiSe-NM,0.0
Ti2Te2-NiSe-NM,0.0
W2O2-AuSe-NM,0.0
W2S2-AuSe-NM,0.0
W2Se2-NiSe-NM,0.0
W2Te2-NiSe-NM,0.0
Zr2O2-AuSe-NM,0.0
Zr2S2-NiSe-NM,0.0
Zr2Se2-NiSe-NM,0.0
Zr2Te2-NiSe-NM,0.0
AlAs-BN-NM,3.0025782291144645
AlN-BN-NM,6.050681979731925
AlSb-GeSe-NM,2.756294282560631
AsB-BN-NM,1.3813288875739447
BN-BN-NM,7.899878684627012
BP-BN-NM,1.5891800824782185
BSb-BN-NM,0.4467259126390881
GaAs-GeSe-NM,1.9207137405598362
GaN-BN-NM,3.8719379490182835
GaP-GeSe-NM,3.008686619996962
GeO-GeSe-NM,3.4303703029822836
GeS-GeSe-NM,4.140818040918025
GeSe-GeSe-NM,3.6626886217785173
GeTe-GeSe-NM,2.5179467993556655
HgO-BN-NM,0.2131953337528607
HgS-BN-NM,0.3685323259454627
HgSe-GeSe-NM,0.07180282054072418
HgTe-GeSe-NM,0.012269434222931253
InAs-GeSe-NM,1.4036909368365609
InN-BN-NM,1.568506108506059
InP-GeSe-NM,2.262592567900863
InSb-GeSe-NM,1.0716468476595526
PbO-GeSe-NM,3.7761129789287224
PbS-GeSe-NM,3.5763231583674764
PbSe-GeSe-NM,3.0352556178734043
PbTe-GeSe-NM,2.113393133922475
SnO-GeSe-NM,2.815115255439885
SnS-GeSe-NM,3.9470386293704434
SnSe-GeSe-NM,3.7231924266416967
SnTe-GeSe-NM,2.7814538449603843
AsBrS-BiTeI-NM,2.393752365732188
AsClS-BiTeI-NM,2.618855650058004
AsBrSe-BiTeI-NM,2.1221436460155827
AsClSe-BiTeI-NM,2.374361824442296
AsISe-BiTeI-NM,1.9824052293167185
AsIS-BiTeI-NM,2.298166534004594
AsBrTe-BiTeI-NM,2.138365122433408
AsClTe-BiTeI-NM,2.5269467258531937
AsITe-BiTeI-NM,1.7447964179955135
BiBrS-BiTeI-NM,2.2110930656148997
BiClS-BiTeI-NM,2.3583256631950755
BiBrSe-BiTeI-NM,1.8551305287153714
BiClSe-BiTeI-NM,2.0155226994812057
BiISe-BiTeI-NM,1.7201897436974862
BiIS-BiTeI-NM,2.1070578326956864
BiBrTe-BiTeI-NM,1.593889979930672
BiClTe-BiTeI-NM,1.7104178604849376
BiITe-BiTeI-NM,1.348401538008431
BrSSb-BiTeI-NM,2.316800213070189
ClSSb-BiTeI-NM,2.4886694042887383
BrSbSe-BiTeI-NM,2.0385359133299747
ClSbSe-BiTeI-NM,2.2311536648551025
ISbSe-BiTeI-NM,1.9189463595535252
ISSb-BiTeI-NM,2.2753567631263274
BrSbTe-BiTeI-NM,1.985046441357326
ClSbTe-BiTeI-NM,2.3168068029192566
ISbTe-BiTeI-NM,1.6317828908062455
BiWSb-BiTeI-NM,0.0
WBrI-BiTeI-NM,0.0
WSeTe-BiTeI-NM,0.0
WSSe-BiTeI-NM,0.0
BiZrAs-BiTeI-NM,0.0
ZrAsSb-BiTeI-NM,0.0
ZrBrCl-BiTeI-NM,0.0
ZrBrI-BiTeI-NM,0.0
ZrSeTe-BiTeI-NM,0.0
ZrSSe-BiTeI-NM,1.5312581513619636
ZrSTe-BiTeI-NM,0.0
BiCrAs-BiTeI-NM,0.09304766624900906
CrAsSb-BiTeI-NM,0.0
CrSeTe-BiTeI-NM,0.020514190396857757
CrSSe-BiTeI-NM,0.0
CrSTe-BiTeI-NM,0.0
BiHfAs-BiTeI-NM,0.0
HfAsSb-BiTeI-NM,0.0
BiHfSb-BiTeI-NM,0.0
HfBrCl-BiTeI-NM,0.0
HfBrI-BiTeI-NM,0.0
HfClI-BiTeI-NM,0.0
HfSeTe-BiTeI-NM,0.0
HfSSe-BiTeI-NM,1.5685865983290743
HfSTe-BiTeI-NM,0.0
BiMoAs-BiTeI-NM,0.0
MoAsSb-BiTeI-NM,0.0
BiMoSb-BiTeI-NM,0.0
MoBrCl-BiTeI-NM,0.0
MoBrI-BiTeI-NM,0.0
MoClI-BiTeI-NM,0.0
MoSeTe-BiTeI-NM,0.08662391647366127
MoSSe-BiTeI-NM,0.0
MoSTe-BiTeI-NM,0.3442282389991713
BiNbAs-BiTeI-NM,0.0
NbAsSb-BiTeI-NM,0.0
BiNbSb-BiTeI-NM,0.0
NbBrCl-BiTeI-NM,0.0
NbBrI-BiTeI-NM,0.0
NbClI-BiTeI-NM,0.0
NbSeTe-BiTeI-NM,0.0
NbSSe-BiTeI-NM,0.0
NbSTe-BiTeI-NM,0.0
BiTaAs-BiTeI-NM,0.0
TaAsSb-BiTeI-NM,0.0
BiTaSb-BiTeI-NM,0.0
TaBrCl-BiTeI-NM,0.0
TaBrI-BiTeI-NM,0.0
TaClI-BiTeI-NM,0.0
TaSeTe-BiTeI-NM,0.0
TaSSe-BiTeI-NM,0.0
TaSTe-BiTeI-NM,0.0
BiTiAs-BiTeI-NM,0.0
TiAsSb-BiTeI-NM,0.0
BiTiSb-BiTeI-NM,0.0
TiBrCl-BiTeI-NM,0.0
TiSeTe-BiTeI-NM,0.0
TiSSe-BiTeI-NM,0.0
TiSTe-BiTeI-NM,0.0
BiVAs-BiTeI-NM,0.0
VAsSb-BiTeI-NM,0.0
BiVSb-BiTeI-NM,0.0
VSSe-BiTeI-NM,0.0
BiWAs-BiTeI-NM,0.0
WAsSb-BiTeI-NM,0.0
WBrCl-BiTeI-NM,0.0
WClI-BiTeI-NM,0.0
WSTe-BiTeI-NM,0.3116961847392606
BiZrSb-BiTeI-NM,0.0
ZrClI-BiTeI-NM,0.0
As2-C-NM,2.365162422673681
C2-C-NM,0.0007701413157281678
Ge2-C-NM,0.025486869574234294
Si2-C-NM,0.0013989241418528309
Sn2-C-NM,0.0627232536200859
As2C6-C3N-NM,0.0
As2Ge6-C3N-NM,0.0
As2Si6-C3N-NM,0.0
Bi2C6-C3N-NM,0.0
Bi2Ge6-C3N-NM,0.0
Bi2Si6-C3N-NM,0.0
Bi2Sn6-C3N-NM,0.0
C6N2-C3N-NM,1.0013757969088637
C6P2-C3N-NM,0.0
C6Sb2-C3N-NM,0.0
Ge6N2-C3N-NM,0.0
Ge6P2-C3N-NM,0.0
Ge6Sb2-C3N-NM,0.0
N2Si6-C3N-NM,0.0
P2Si6-C3N-NM,0.0
Sb2Si6-C3N-NM,0.0
Sn6As2-C3N-NM,0.0
Sn6N2-C3N-NM,0.0
Sn6P2-C3N-NM,0.0
Sn6Sb2-C3N-NM,0.0
Sc2S2-CH-NM,0.0
Sc2Se2-CH-NM,0.0
Ti2S2-CH-NM,0.08357052245430918
Ti2F2-CH-NM,0.0
V2S2-CH-NM,0.0
V2F2-CH-NM,0.0313575772075394
Cr2F2-CH-NM,0.0
Co2S2-CH-NM,0.0
Co2Se2-CH-NM,0.0
Co2Te2-CH-NM,0.0
Ni2S2-CH-NM,0.0
Ni2Se2-CH-NM,0.0
Ni2Te2-CH-NM,0.0
Cu2S2-CH-NM,0.0
Cu2Se2-CH-NM,0.0
Cu2Te2-CH-NM,0.0
Cu2F2-CH-NM,0.0
Cu2Cl2-CH-NM,3.6877687654041242
Cu2Br2-CH-NM,3.5706760443247214
Cu2I2-CH-NM,3.615568309612032
Zn2S2-CH-NM,3.9501877806040646
Zn2Se2-CH-NM,2.593321248483117
Zn2Te2-CH-NM,1.0137162057356706
Zn2F2-CH-NM,0.0
Zn2Cl2-CH-NM,0.0
Zn2Br2-CH-NM,0.0
Ga2Te2-CH-NM,0.0
Br2Ge2-CH-NM,0.0
Ge2I2-CH-NM,0.0
Zr2S2-CH-NM,0.11371330141676028
Zr2Se2-CH-NM,0.12376827868540646
Zr2Te2-CH-NM,0.11675524983426777
Zr2F2-CH-NM,0.0
Zr2Cl2-CH-NM,0.03676364999736448
Zr2Br2-CH-NM,0.0477758308734022
Zr2I2-CH-NM,0.0
Nb2S2-CH-NM,0.0
Nb2Se2-CH-NM,0.0
Nb2Te2-CH-NM,0.0
Nb2I2-ISb-NM,0.0
Mo2S2-CH-NM,0.0
Mo2Se2-CH-NM,0.0
Mo2Te2-CH-NM,0.0
Mo2F2-CH-NM,0.0
Mo2Cl2-CH-NM,0.0
Mo2Br2-CH-NM,0.0
Ru2S2-CH-NM,0.0
Ru2Se2-CH-NM,0.0
Ru2Te2-CH-NM,0.0
Ru2F2-GaSe-NM,0.0
Ru2Cl2-CH-NM,0.0
Rh2S2-CH-NM,0.0
Rh2Se2-CH-NM,0.0
Rh2Te2-CH-NM,0.0
Rh2I2-CH-NM,0.0
Pd2S2-CH-NM,0.0
Pd2Se2-CH-NM,0.0
Pd2Te2-CH-NM,0.0
Pd2F2-GaSe-NM,1.5762726207718174
Pd2Cl2-CH-NM,0.0
Pd2Br2-CH-NM,0.0
Pd2I2-CH-NM,0.0
Ag2Se2-CH-NM,0.0
Ag2Te2-CH-NM,0.0
Ag2F2-Undefined-NM,1.626032656742109
Ag2Cl2-CH-NM,3.612862869730334
Ag2Br2-CH-NM,3.4794159453186673
Ag2I2-CH-NM,3.314756826415768
Cd2S2-CH-NM,3.338535529656182
Cd2Se2-CH-NM,2.4726059124412836
Cd2Te2-CH-NM,1.3008443713375366
Cd2F2-CH-NM,0.0
Cd2Cl2-CH-NM,0.0
Cd2Br2-CH-NM,0.0
In2S2-CH-NM,0.0
In2Te2-CH-NM,0.0
In2I2-CH-NM,1.7307208809827639
Sn2Cl2-CH-NM,0.0
Sn2Br2-CH-NM,0.0
Sn2I2-CH-NM,0.0
S2Sb2-CH-NM,0.6596537573201784
Sb2Se2-CH-NM,0.47452257406973913
Sb2Te2-CH-NM,0.0
F2Sb2-Undefined-NM,0.0
Cl2Sb2-CH-NM,0.42505558460815385
Br2Sb2-CH-NM,0.43192682466653975
I2Sb2-ISb-NM,0.6906010549163015
Hf2S2-CH-NM,0.18115233650499088
Hf2Se2-CH-NM,0.13947654780386848
Hf2Te2-CH-NM,0.0
Hf2F2-CH-NM,0.0
Hf2Cl2-CH-NM,0.0
Hf2Br2-CH-NM,0.0
Hf2I2-CH-NM,0.0
Ta2S2-CH-NM,0.0
Ta2Se2-CH-NM,0.0
Ta2Te2-CH-NM,0.0
Ta2I2-CH-NM,0.0
W2S2-CH-NM,0.0
W2Se2-CH-NM,0.0
W2F2-CH-NM,0.0
W2Cl2-CH-NM,0.0
Re2S2-CH-NM,0.2733220733692011
Re2Cl2-CH-NM,0.0
Os2S2-CH-NM,0.0
Os2F2-CH-NM,0.0
Ir2S2-CH-NM,0.0
Ir2Se2-CH-NM,0.0
Ir2Te2-CH-NM,0.0
Ir2F2-Undefined-NM,0.0
Ir2Cl2-ISb-NM,0.0
Pt2S2-CH-NM,0.0
Pt2Se2-CH-NM,0.0
Pt2Te2-CH-NM,0.0
Pt2Cl2-GaSe-NM,2.0927241144262183
Au2Se2-CH-NM,0.0
Au2Te2-CH-NM,0.0
Au2Br2-CH-NM,1.4318670616804283
Au2I2-CH-NM,1.7818736677326015
Hg2Se2-CH-NM,0.08144150862914001
Hg2Te2-CH-NM,0.06877999297029458
Hg2F2-CH-NM,0.020480404692414744
Hg2Cl2-CH-NM,0.1245870211183493
Hg2Br2-CH-NM,0.18528116129040928
Hg2I2-GaSe-NM,2.13191340034213
Tl2Se2-CH-NM,0.0
Tl2Te2-CH-NM,0.0
Tl2Cl2-CH-NM,6.512158941350674
Tl2Br2-ISb-NM,5.6796205524278065
Tl2I2-CH-NM,4.673123149849559
Pb2Te2-CH-NM,1.4920452422370643
Pb2F2-CH-NM,0.20455018372153821
Pb2Cl2-CH-NM,0.6748005320108871
Pb2Br2-CH-NM,0.6509606965799293
Pb2I2-ISb-NM,0.0
Bi2S2-CH-NM,0.7807023699836635
Bi2Se2-CH-NM,0.5670971979230565
Bi2Te2-CH-NM,0.15822886050297763
Bi2F2-CH-NM,0.0
Bi2Cl2-CH-NM,0.9250796876548009
Bi2Br2-CH-NM,0.8938649599607964
Bi2I2-CH-NM,0.8950742861055958
Co2Se2-FeSe-NM,0.0
Co2Te2-FeSe-NM,0.0
Fe2S2-FeSe-NM,0.0
Hf2O2-FeSe-NM,0.0
Hf2S2-FeSe-NM,0.0
Hf2Se2-FeSe-NM,0.0
Hf2Te2-FeSe-NM,0.0
Ir2O2-FeSe-NM,0.0
Ir2S2-FeSe-NM,0.0
Ir2Se2-FeSe-NM,0.0
Ir2Te2-FeSe-NM,0.0
Mo2O2-FeSe-NM,0.0
Mo2S2-FeSe-NM,0.0
Mo2Se2-FeSe-NM,0.0
Mo2Te2-FeSe-NM,0.0
Nb2O2-FeSe-NM,0.0
Nb2S2-FeSe-NM,0.0
Nb2Se2-FeSe-NM,0.0
Nb2Te2-FeSe-NM,0.0
Ni2S2-FeSe-NM,0.0
Ni2Se2-FeSe-NM,0.0
Ni2Te2-FeSe-NM,0.0
Os2O2-FeSe-NM,0.0
Os2S2-FeSe-NM,0.0
Os2Se2-FeSe-NM,0.0
Os2Te2-FeSe-NM,0.0
Pb2O2-FeSe-NM,1.442583584556593
Pb2S2-FeSe-NM,1.0977729844094566
Pb2Se2-FeSe-NM,0.8472262599616678
Pb2Te2-FeSe-NM,0.6407190621439263
Pt2O2-FeSe-NM,1.015236729797615
Pt2S2-FeSe-NM,0.050126626413142805
Pt2Se2-FeSe-NM,0.0
Pt2Te2-FeSe-NM,0.0
Re2O2-FeSe-NM,0.0
Re2S2-FeSe-NM,0.0
Re2Se2-FeSe-NM,0.0
Re2Te2-FeSe-NM,0.0
Rh2O2-FeSe-NM,0.0
Rh2S2-FeSe-NM,0.0
Rh2Se2-FeSe-NM,0.0
Rh2Te2-FeSe-NM,0.0
Ru2O2-FeSe-NM,0.0
Ru2S2-FeSe-NM,0.0
Ru2Se2-FeSe-NM,0.0
Ru2Te2-FeSe-NM,0.0
Sc2O2-FeSe-NM,0.0
Sc2S2-FeSe-NM,0.0
Sc2Se2-FeSe-NM,0.0
Sc2Te2-FeSe-NM,0.0
Ta2O2-FeSe-NM,0.0
Ta2S2-FeSe-NM,0.0
Ta2Se2-FeSe-NM,0.0
Ta2Te2-FeSe-NM,0.0
Ti2S2-FeSe-NM,0.0
Ti2Se2-FeSe-NM,0.0
Ti2Te2-FeSe-NM,0.0
V2O2-FeSe-NM,0.0
W2O2-FeSe-NM,0.0
W2S2-FeSe-NM,0.0
W2Se2-FeSe-NM,0.0
W2Te2-FeSe-NM,0.0
Zr2O2-FeSe-NM,0.0
Zr2S2-FeSe-NM,0.0
Zr2Se2-FeSe-NM,0.0
Zr2Te2-FeSe-NM,0.0
Ca2F2-PbSe-NM,0.0
Ti2I2-FeSe-NM,0.0
V2Cl2-FeSe-NM,0.0
V2I2-FeSe-NM,0.029522742373935484
Ca2Cl2-FeSe-NM,0.0
Ti2Cl2-FeSe-NM,0.0
V2Br2-FeSe-NM,0.0
Ti2Br2-FeSe-NM,0.0
Cu2F2-FeSe-NM,0.7362278160153144
Cu2Cl2-FeSe-NM,3.8246974482880756
Cu2Br2-FeSe-NM,3.6221899226801186
Cu2I2-FeSe-NM,3.9031815696915237
Ga2Cl2-FeSe-NM,4.119583732697114
Ga2I2-FeSe-NM,3.112575859573617
Sr2F2-PbSe-NM,0.0
Sr2Br2-FeSe-NM,0.0
Zr2F2-FeSe-NM,0.0
Zr2Cl2-FeSe-NM,0.0
Zr2Br2-FeSe-NM,0.0
Zr2I2-FeSe-NM,0.0
Ru2F2-FeSe-NM,0.0
Pd2Cl2-FeSe-NM,0.0
Pd2Br2-FeSe-NM,0.0
Ag2F2-FeSe-NM,2.753316761461054
Ag2Cl2-FeSe-NM,4.180053706803712
Ag2Br2-FeSe-NM,3.668369638067101
Ag2I2-FeSe-NM,3.54109725991718
Cd2F2-FeSe-NM,0.0
In2Cl2-FeSe-NM,4.0267966102349595
In2I2-FeSe-NM,3.224954312569219
Sn2Br2-FeSe-NM,0.0
Cs2F2-FeSe-NM,11.164644853794508
Ba2Cl2-FeSe-NM,0.0
Ba2Br2-FeSe-NM,0.0
Hf2Cl2-FeSe-NM,0.0
Hf2Br2-FeSe-NM,0.0
Hf2I2-FeSe-NM,0.0
Ta2F2-FeSe-NM,0.0
Au2Cl2-FeSe-NM,1.0123757455610107
Au2Br2-FeSe-NM,1.5609910385959602
Au2I2-FeSe-NM,1.72235873189411
Hg2Br2-FeSe-NM,0.0
Tl2Br2-FeSe-NM,4.622730150951512
Tl2I2-FeSe-NM,4.027214514199656
Ag2Te2-GaSe-NM,0.0
Al2S2-GaSe-NM,3.7535643106105914
Al2Se2-GaSe-NM,3.6090857746754215
Al2Te2-GaSe-NM,3.3693571107427065
Au2S2-GaSe-NM,0.0
Au2Se2-GaSe-NM,0.0
Au2Te2-GaSe-NM,0.0
Bi2S2-GaSe-NM,0.0
Bi2Se2-GaSe-NM,0.8456239839094088
Bi2Te2-GaSe-NM,0.7224408148633528
Co2S2-GaSe-NM,0.0
Co2Se2-GaSe-NM,0.0
Cu2Se2-GaSe-NM,0.0
Cu2Te2-GaSe-NM,0.0
Fe2S2-GaSe-NM,0.0
Fe2Se2-GaSe-NM,0.0
Ga2S2-GaSe-NM,3.560145777018169
Ga2Se2-GaSe-NM,2.726296876031084
Ga2Te2-GaSe-NM,2.0612116203007265
Hf2S2-GaSe-NM,0.0
Hf2Te2-GaSe-NM,0.0
In2S2-GaSe-NM,2.8857795001927915
In2Se2-GaSe-NM,2.3676144699130073
In2Te2-GaSe-NM,2.0326737246571676
Ir2S2-GaSe-NM,0.0
Ir2Se2-GaSe-NM,0.07163786531651173
Ir2Te2-GaSe-NM,0.0
Mo2Se2-CH-NM-2,0.0
Nb2S2-GaSe-NM,0.0
Nb2Se2-GaSe-NM,0.0
Nb2Te2-GaSe-NM,0.0
Ni2S2-GaSe-NM,0.0
Ni2Se2-GaSe-NM,0.0
Ni2Te2-GaSe-NM,0.0
Os2S2-GaSe-NM,0.0
Pd2S2-GaSe-NM,0.0
Pd2Se2-GaSe-NM,0.0
Pd2Te2-GaSe-NM,0.0
Pt2S2-GaSe-NM,0.0
Pt2Se2-GaSe-NM,0.0
Pt2Te2-GaSe-NM,0.0
Rh2S2-GaSe-NM,0.0
Rh2Se2-GaSe-NM,0.0
Rh2Te2-GaSe-NM,0.0
Ru2S2-GaSe-NM,0.0
Ru2Se2-GaSe-NM,0.0
S2Sb2-GaSe-NM,0.0
Sb2Se2-GaSe-NM,0.9041220021270389
Sc2S2-GaSe-NM,0.0035177270268862415
Sc2Se2-GaSe-NM,0.003336823219399987
Sc2Te2-GaSe-NM,0.0026257187553435646
Ta2S2-GaSe-NM,0.0
Ta2Se2-GaSe-NM,0.0
Ti2S2-GaSe-NM,0.0
Tl2S2-GaSe-NM,1.2147203614281143
Tl2Se2-GaSe-NM,0.8879017480977844
Tl2Te2-GaSe-NM,0.6253410701863498
W2S2-GaSe-NM,0.0
W2Se2-CH-NM-2,0.0
W2Te2-GaSe-NM,0.0
Zr2S2-GaSe-NM,0.0
Zr2Se2-GaSe-NM,0.0
Zr2Te2-GaSe-NM,0.33408085647846836
FeO2-GeS2-NM,0.0
FeS2-GeS2-NM,0.0
FeF2-GeS2-NM,0.0
NiSe2-GeS2-NM,0.0
NiTe2-GeS2-NM,0.0
NiCl2-GeS2-NM,0.020103535582160603
CuTe2-GeS2-NM,0.0
CuF2-GeS2-NM,0.0
CuBr2-GeS2-NM,0.0
CuI2-GeS2-NM,0.0
ZnS2-GeS2-NM,0.0
ZnSe2-GeS2-NM,0.0
ZnF2-GeS2-NM,8.393184482574592
ZnCl2-GeS2-NM,7.108371484010086
ZnI2-GeS2-NM,4.0793373954707
GaSe2-GeS2-NM,0.0
GeS2-GeS2-NM,2.6930890982014395
GeSe2-GeS2-NM,1.4784027698005089
Cl2Ge-GeS2-NM,2.6480744802006764
GeI2-GeS2-NM,2.0339548505766905
RbTe2-GeS2-NM,0.0
RbI2-Undefined-NM,0.0
GaTe2-GeS2-NM,0.0
GeO2-GeS2-NM,5.83209915110735
GeTe2-GeS2-NM,0.29356765253329353
F2Ge-GeS2-NM,3.4641456084107576
Br2Ge-GeS2-NM,2.5460659095786413
RbSe2-GeS2-NM,0.0
KSe2-GeS2-NM,0.0
KTe2-GeS2-NM,0.0
CaSe2-GeS2-NM,0.0
CaTe2-GeS2-NM,0.0
CaBr2-GeS2-NM,9.340454954068896
CaI2-GeS2-NM,7.530787230244534
ScS2-GeS2-NM,0.0
ScSe2-GeS2-NM,0.0
ScTe2-GeS2-NM,0.0
TiO2-GeS2-NM,5.938840361334707
TiS2-GeS2-NM,2.3160020949297855
TiSe2-GeS2-NM,1.697556632278347
TiTe2-GeS2-NM,0.9264071312232858
VF2-GeS2-NM,0.0
MnS2-GeS2-NM,0.0
FeSe2-GeS2-NM,0.0
CoO2-GeS2-NM,0.0
CuSe2-GeS2-NM,0.0
CuCl2-GeS2-NM,0.0
ZnTe2-GeS2-NM,0.0
ZnBr2-GeS2-NM,5.61626968806878
GaS2-GeS2-NM,0.0
SrTe2-GeS2-NM,0.0
YTe2-GeS2-NM,0.0
YF2-GeS2-NM,0.0
YCl2-GeS2-NM,0.0
ZrO2-GeS2-NM,7.791652673435365
ZrS2-GeS2-NM,3.5696474945187298
ZrSe2-GeS2-NM,2.766241843384166
ZrTe2-GeS2-NM,1.6929434068939087
ZrF2-GeS2-NM,0.0
ZrCl2-GeS2-NM,0.0
NbS2-GeS2-NM,0.0
NbSe2-GeS2-NM,0.0
NbF2-GeS2-NM,0.0
NbCl2-GeS2-NM,0.0
NbBr2-GeS2-NM,0.0
MoO2-GeS2-NM,0.0
MoS2-GeS2-NM,0.0
MoSe2-GeS2-NM,0.0
RuO2-GeS2-NM,0.0
RuS2-GeS2-NM,0.0
RuSe2-GeS2-NM,0.0
RuF2-GeS2-NM,0.2577842641401036
RhO2-GeS2-NM,0.0
RhI2-GeS2-NM,0.0
PdSe2-GeS2-NM,0.0
PdTe2-GeS2-NM,0.0
PdCl2-GeS2-NM,0.0
PdBr2-GeS2-NM,0.0
PdI2-GeS2-NM,0.0
AgSe2-GeS2-NM,0.0
AgTe2-GeS2-NM,0.0
AgF2-Undefined-NM,0.0
AgCl2-GeS2-NM,0.0
AgBr2-GeS2-NM,0.0
AgI2-GeS2-NM,0.0
CdSe2-GeS2-NM,0.0
CdTe2-GeS2-NM,0.0
CdF2-GeS2-NM,7.553789829426517
CdCl2-GeS2-NM,6.424053850335065
CdBr2-GeS2-NM,5.276518430319341
CdI2-GeS2-NM,4.1410004419453585
InS2-GeS2-NM,0.0
InSe2-GeS2-NM,0.0
InTe2-GeS2-NM,0.0
SnO2-GeS2-NM,4.861568289865575
SnS2-GeS2-NM,3.05588138451081
SnSe2-GeS2-NM,2.0507904864416924
SnTe2-GeS2-NM,1.1062038576605073
SnF2-GeS2-NM,3.574141460599889
SnCl2-GeS2-NM,2.861531450722697
SnBr2-GeS2-NM,2.558752813662662
SnI2-GeS2-NM,2.227426150100613
S2Sb-GeS2-NM,0.0
SbSe2-GeS2-NM,0.0
BaTe2-GeS2-NM,0.0
HfO2-GeS2-NM,8.065611996582923
HfS2-GeS2-NM,3.782431354946163
HfSe2-GeS2-NM,3.0577328192407087
HfTe2-GeS2-NM,1.9377070088095676
HfF2-GeS2-NM,0.0
HfCl2-GeS2-NM,0.0
HfBr2-GeS2-NM,0.0
HfI2-GeS2-NM,0.0
TaS2-GeS2-NM,0.0
TaSe2-GeS2-NM,0.0
TaTe2-GeS2-NM,0.0
TaF2-GeS2-NM,0.0
TaCl2-GeS2-NM,0.0
TaBr2-GeS2-NM,0.0
WO2-GeS2-NM,0.04793928568838357
WS2-GeS2-NM,0.0
ReS2-GeS2-NM,0.0
ReF2-GeS2-NM,0.0
OsF2-GeS2-NM,0.0
IrS2-GeS2-NM,0.0
IrTe2-GeS2-NM,0.0
PtO2-GeS2-NM,0.0
PtI2-GeS2-NM,0.0
AuTe2-GeS2-NM,0.0
AuCl2-GeS2-NM,0.0
AuBr2-GeS2-NM,0.0
AuI2-GeS2-NM,0.0
HgO2-GeS2-NM,0.1046878766236583
HgTe2-GeS2-NM,0.0
HgF2-GeS2-NM,4.5026316842142196
HgCl2-GeS2-NM,4.403784907146314
HgBr2-GeS2-NM,3.645718435582061
HgI2-GeS2-NM,2.795539687376498
TlSe2-GeS2-NM,0.0
TlTe2-GeS2-NM,0.0
TlF2-GeS2-NM,0.0
TlI2-GeS2-NM,0.0
PbO2-GeS2-NM,2.9422596761604964
PbS2-GeS2-NM,1.8516961208285592
PbSe2-GeS2-NM,1.1210894539072491
PbTe2-GeS2-NM,0.3678676382139172
PbF2-GeS2-NM,5.474660724014088
PbCl2-GeS2-NM,3.987588049894136
PbBr2-GeS2-NM,3.50151680680909
PbI2-GeS2-NM,2.84411058351808
BiS2-GeS2-NM,0.0
BiSe2-GeS2-NM,0.0
BiF2-GeS2-NM,0.0
Cd2P2S6-MnPSe3-NM,3.4076890339835684
Sc2P2S6-ScPSe3-NM,1.6301810238106693
Sc2P2Te6-MnPSe3-NM,0.0
Fe2P2S6-MnPSe3-NM,1.558760363565518
Fe2P2Se6-MnPSe3-NM,1.1030415679292989
Fe2P2Te6-MnPSe3-NM,0.8588082712063572
Co2P2Se6-MnPSe3-NM,0.0
Co2P2Te6-MnPSe3-NM,0.0
Cu2P2Se6-MnPSe3-NM,0.0
Ir2P2Te6-MnPSe3-NM,0.20860337229972348
Zn2P2Se6-MnPSe3-NM,2.397514037550166
Zn2P2Te6-MnPSe3-NM,1.2395715772636344
Zr2P2S6-Undefined-NM,1.5411506723532475
Zr2P2Se6-Undefined-NM,0.9631751887907023
Zr2P2Te6-Undefined-NM,0.0
Mo2P2S6-Undefined-NM,0.37473675512807425
Mo2P2Se6-Undefined-NM,0.0988297104396143
Mo2P2Te6-Undefined-NM,0.017931129172412796
Ru2P2S6-MnPSe3-NM,1.099722356037707
Ru2P2Se6-MnPSe3-NM,0.7981735562593708
Ru2P2Te6-MnPSe3-NM,0.7674005347697458
Rh2P2Se6-MnPSe3-NM,0.047952610336591706
Rh2P2Te6-MnPSe3-NM,0.0
Pd2P2S6-MnPSe3-NM,0.009765306763394932
Pd2P2Se6-MnPSe3-NM,0.02608374033926375
Pd2P2Te6-MnPSe3-NM,0.041922058054587596
Hg2P2Se6-MnPSe3-NM,1.3586168299317025
Co2P2S6-MnPSe3-NM,0.0
Rh2P2S6-MnPSe3-NM,0.0
Cd2P2Se6-MnPSe3-NM,2.428205661078788
Hf2P2S6-Undefined-NM,1.687589524779925
Hf2P2Se6-Undefined-NM,1.0425270223838412
Hf2P2Te6-Undefined-NM,0.11447977191383274
Ta2P2S6-Undefined-NM,0.010615293284166105
Ta2P2Se6-Undefined-NM,0.7480166271359567
W2P2S6-Undefined-NM,0.10918431134607909
W2P2Se6-Undefined-NM,0.0
Os2P2S6-ScPSe3-NM,0.2373984914965277
Os2P2Se6-MnPSe3-NM,0.0
Os2P2Te6-MnPSe3-NM,0.44399905665551875
Ir2P2S6-MnPSe3-NM,0.03433195821235935
Ir2P2Se6-MnPSe3-NM,0.025762544163987933
Pt2P2S6-MnPSe3-NM,0.043420646659712014
Pt2P2Se6-Undefined-NM,0.6929215264521509
Pt2P2Te6-MnPSe3-NM,0.0
Hg2P2S6-MnPSe3-NM,2.036804612840931
Cu2P2S6-MnPSe3-NM,0.0
Cd2P2Te6-MnPSe3-NM,1.568960909164422
Ge2P2Te6-Undefined-NM,1.373978737964102
Cu2P2Te6-MnPSe3-NM,0.0
Ga2P2Se6-MnPSe3-NM,0.0
Ga2P2Te6-Undefined-NM,0.66665982637082
Ge2P2S6-MnPSe3-NM,2.400035223667694
Ge2P2Se6-MnPSe3-NM,1.8068115474374609
In2P2S6-Undefined-NM,1.4819936676237582
In2P2Se6-MnPSe3-NM,0.0
In2P2Te6-MnPSe3-NM,0.0
Sn2P2S6-MnPSe3-NM,1.9848590078980115
Sn2P2Se6-MnPSe3-NM,1.5361379302831641
Sn2P2Te6-MnPSe3-NM,0.8606370292200525
P2Sb2Se6-ScPSe3-NM,1.6915968832375308
Tl2P2S6-MnPSe3-NM,0.0
Tl2P2Se6-MnPSe3-NM,0.0
Tl2P2Te6-MnPSe3-NM,0.0
Pb2P2S6-MnPSe3-NM,2.6702896418075226
Pb2P2Se6-MnPSe3-NM,2.125806379006794
Bi2P2S6-VPSe3-NM,1.5603211097291665
Bi2P2Se6-ScPSe3-NM,1.4189369252071387
Bi2P2Te6-ScPSe3-NM,0.8943365894940464
Ag2P2S6-MnPSe3-NM,0.0
Ag2P2Se6-MnPSe3-NM,0.022209063364615922
Ag2P2Te6-MnPSe3-NM,0.0
Al2P2S6-ScPSe3-NM,2.4068278740890126
Al2P2Se6-ScPSe3-NM,1.3080309783668937
Al2P2Te6-MnPSe3-NM,0.0
Au2P2S6-Undefined-NM,0.0
Au2P2Se6-Undefined-NM,0.0025265296362690925
Au2P2Te6-MnPSe3-NM,0.0
Sc2P2Se6-ScPSe3-NM,1.2310203548172347
Nb2P2Te6-Undefined-NM,0.0
P2Sb2Te6-ScPSe3-NM,1.0309616388899066
Zn2P2S6-MnPSe3-NM,3.6150940895860004
Ta2P2Te6-Undefined-NM,0.3915807164619367
Pb2P2Te6-MnPSe3-NM,1.452805095101585
Hg2P2Te6-MnPSe3-NM,0.8092619204416616
Ni2P2Te6-MnPSe3-NM,0.0
AgBr2-CdI2-NM,0.0
AgI2-CdI2-NM,0.0
AlBr2-CdI2-NM,0.0
AlCl2-CdI2-NM,0.0
AlI2-CdI2-NM,0.0
AuBr2-CdI2-NM,0.0
AuCl2-CdI2-NM,0.0
AuI2-CdI2-NM,0.0
BaBr2-CdI2-NM,9.032378519459817
BaCl2-CdI2-NM,10.418926279393872
BaI2-CdI2-NM,7.1050159113105416
CaCl2-CdI2-NM,10.08194442966315
CaI2-CdI2-NM,6.434940605269441
CdBr2-CdI2-NM,5.281101312380613
CdCl2-CdI2-NM,6.548297956556031
CdI2-CdI2-NM,3.5601975752504047
CuI2-CdI2-NM,0.0
FeBr2-CdI2-NM,2.327864668726332
FeCl2-CdI2-NM,2.5366415863290595
FeI2-CdI2-NM,2.05354365982236
GaBr2-CdI2-NM,0.0
GaI2-CdI2-NM,0.0
Br2Ge-CdI2-NM,3.9134116487349795
Cl2Ge-CdI2-NM,4.395697295612961
GeI2-CdI2-NM,3.2266049952695686
HfBr2-CdI2-NM,0.0
HfCl2-CdI2-NM,0.0
HfI2-CdI2-NM,0.0
HgBr2-CdI2-NM,3.474772771092445
HgCl2-CdI2-NM,4.2748550783890185
HgI2-CdI2-NM,2.058529664548974
InCl2-CdI2-NM,0.0
InI2-CdI2-NM,0.0
IrBr2-CdI2-NM,0.0
IrI2-CdI2-NM,0.0
MgBr2-CdI2-NM,8.15138479594965
MgCl2-CdI2-NM,10.294334678906532
MgI2-CdI2-NM,5.899103597527044
MoBr2-CdI2-NM,0.0
MoCl2-CdI2-NM,0.0
NbBr2-CdI2-NM,0.0
NbCl2-CdI2-NM,0.0
NbI2-CdI2-NM,0.0
OsBr2-CdI2-NM,2.38478336928182
OsCl2-CdI2-NM,2.6678379483035943
OsI2-CdI2-NM,2.182892621601635
PbBr2-CdI2-NM,4.100711156119377
PbCl2-CdI2-NM,4.69459564477777
PbI2-CdI2-NM,3.2631860624457945
PdI2-CdI2-NM,0.0
PtI2-CdI2-NM,0.0
ReCl2-CdI2-NM,0.0
RhI2-CdI2-NM,0.0
RuBr2-CdI2-NM,2.369868592536558
RuCl2-CdI2-NM,2.6203519665472594
RuI2-CdI2-NM,2.171627457939752
ScBr2-CdI2-NM,0.0
ScCl2-CdI2-NM,0.0
ScI2-CdI2-NM,0.0
SnBr2-CdI2-NM,3.736526389700315
SnCl2-CdI2-NM,4.127167136948836
SnI2-CdI2-NM,3.193762078040439
SrBr2-CdI2-NM,9.163851357687662
SrCl2-CdI2-NM,10.681650820432004
SrI2-CdI2-NM,7.161857180460505
TaBr2-CdI2-NM,0.0
TaCl2-CdI2-NM,0.0
TaI2-CdI2-NM,0.0
TiCl2-CdI2-NM,0.0
TlBr2-CdI2-NM,0.0
TlCl2-CdI2-NM,0.0
TlI2-CdI2-NM,0.0
WBr2-CdI2-NM,0.0
WCl2-CdI2-NM,0.0
WI2-CdI2-NM,0.0
YBr2-CdI2-NM,0.0
YCl2-CdI2-NM,0.0
YI2-CdI2-NM,0.0
ZnBr2-CdI2-NM,5.305388669305174
ZnCl2-CdI2-NM,7.201445748405336
ZnI2-CdI2-NM,2.86251834730157
ZrBr2-CdI2-NM,0.0
ZrCl2-CdI2-NM,0.0
ZrI2-CdI2-NM,0.0
SbTe2-CdI2-NM,0.0
MoSb2-CdI2-NM,0.0
NbAs2-CdI2-NM,0.0
Bi2Nb-CdI2-NM,0.0
SbSe2-CdI2-NM,0.0
MoAs2-CdI2-NM,0.0
NbSb2-CdI2-NM,0.0
AsBr2-CdI2-NM,0.0
AsSe2-CdI2-NM,0.0
AsS2-CdI2-NM,0.0
AsTe2-CdI2-NM,0.0
BiSe2-CdI2-NM,0.0
BiS2-CdI2-NM,0.0
BiTe2-CdI2-NM,0.0
CrAs2-CdI2-NM,0.0
HfAs2-CdI2-NM,0.0
Bi2Hf-CdI2-NM,0.0
HfSb2-CdI2-NM,0.0
S2Sb-CdI2-NM,0.0
TaAs2-CdI2-NM,0.0
TaSb2-CdI2-NM,0.0
TiAs2-CdI2-NM,0.0
Bi2Ti-CdI2-NM,0.0
TiSb2-CdI2-NM,0.0
VAs2-CdI2-NM,0.0
VSb2-CdI2-NM,0.0
WAs2-CdI2-NM,0.0
ZrAs2-CdI2-NM,0.0
Bi2Zr-CdI2-NM,0.0
ZrSb2-CdI2-NM,0.0
AgI2-MoS2-NM,0.0
AlI2-MoS2-NM,0.0
AuBr2-MoS2-NM,0.0
AuCl2-MoS2-NM,0.0
BaBr2-MoS2-NM,7.774073439254686
BaCl2-MoS2-NM,8.837440177531164
BaI2-MoS2-NM,6.286127683122342
Br2Ge-MoS2-NM,4.107139396451988
CaBr2-MoS2-NM,7.607969866082827
CaCl2-MoS2-NM,8.768516322723565
CaI2-MoS2-NM,5.546951864260141
CdBr2-MoS2-NM,4.229112382227216
CdCl2-MoS2-NM,5.448649359245769
CdI2-MoS2-NM,2.6052187527183666
Cl2Ge-MoS2-NM,4.7004621517094085
CuI2-MoS2-NM,0.0
GaBr2-MoS2-NM,0.0
GaCl2-MoS2-NM,0.0
GaI2-MoS2-NM,0.0
HfBr2-MoS2-NM,1.4784836703137003
HfCl2-MoS2-NM,1.7062427929282964
HfI2-MoS2-NM,1.2499674034393886
HgCl2-MoS2-NM,3.8372164906455692
HgI2-MoS2-NM,1.331495354069955
InBr2-MoS2-NM,0.0
InCl2-MoS2-NM,0.0
InI2-MoS2-NM,0.0
IrBr2-MoS2-NM,0.0
IrCl2-MoS2-NM,0.0
IrI2-MoS2-NM,0.0
MgBr2-MoS2-NM,6.580674442993661
MgCl2-MoS2-NM,8.451462469308012
MgI2-MoS2-NM,4.907574810566009
MoBr2-MoS2-NM,0.0
MoCl2-MoS2-NM,0.0
NbBr2-MoS2-NM,0.0
NbCl2-MoS2-NM,0.0
NbI2-MoS2-NM,0.0
OsI2-MoS2-NM,0.0
PbBr2-MoS2-NM,4.510791944989231
PbCl2-MoS2-NM,5.129392243067717
PbI2-MoS2-NM,3.394955378930959
PdBr2-MoS2-NM,0.0
PdI2-MoS2-NM,0.0
PtBr2-MoS2-NM,0.0
PtCl2-MoS2-NM,0.0
PtI2-MoS2-NM,0.0
RhI2-MoS2-NM,0.0
SnBr2-MoS2-NM,4.1331194313209405
SnCl2-MoS2-NM,4.478440367247197
SnI2-MoS2-NM,3.222511820872449
SrBr2-MoS2-NM,8.058781527433384
SrCl2-MoS2-NM,9.179316235249464
SrI2-MoS2-NM,6.414113878140929
TaBr2-MoS2-NM,0.0
TaCl2-MoS2-NM,0.0
TaI2-MoS2-NM,0.0
TiBr2-MoS2-NM,1.1776969907107082
TiCl2-MoS2-NM,1.3923387038143324
TiI2-MoS2-NM,0.7629302920028518
TlBr2-MoS2-NM,0.0
TlCl2-MoS2-NM,0.0
TlI2-MoS2-NM,0.0
WBr2-MoS2-NM,0.0
WCl2-MoS2-NM,0.0
WI2-MoS2-NM,0.0
ZnBr2-MoS2-NM,4.117658172441452
ZnCl2-MoS2-NM,5.678519732245654
ZnI2-MoS2-NM,1.6394432114952175
ZrBr2-MoS2-NM,1.5212713959782613
ZrCl2-MoS2-NM,1.7398529992450422
ZrI2-MoS2-NM,1.2615852779160157
TiAs2-MoS2-NM,0.0
S2Sb-MoS2-NM,0.0
TaSb2-MoS2-NM,0.0
SbTe2-MoS2-NM,0.0
Bi2Ti-MoS2-NM,0.0
TaAs2-MoS2-NM,0.0
BiSe2-MoS2-NM,0.0
BiS2-MoS2-NM,0.0
BiTe2-MoS2-NM,0.0
CrAs2-MoS2-NM,0.0
HfAs2-MoS2-NM,0.0
Bi2Hf-MoS2-NM,0.0
HfSb2-MoS2-NM,0.0
MoAs2-MoS2-NM,0.0
MoSb2-MoS2-NM,0.0
NbAs2-MoS2-NM,0.0
Bi2Nb-MoS2-NM,0.0
NbSb2-MoS2-NM,0.0
SbSe2-MoS2-NM,0.0
TiSb2-MoS2-NM,0.0
VAs2-MoS2-NM,0.0
VSb2-MoS2-NM,0.0
WAs2-MoS2-NM,0.0
ZrAs2-MoS2-NM,0.0
Bi2Zr-MoS2-NM,0.0
ZrSb2-MoS2-NM,0.0
Ag2I6-BiI3-NM,0.0
Al2Br6-BiI3-NM,6.687270764270385
Al2Cl6-BiI3-NM,9.078679457500863
Al2I6-BiI3-NM,3.9092517718650335
As2Br6-BiI3-NM,3.983700554800864
As2I6-BiI3-NM,3.168413512400366
Au2I6-BiI3-NM,0.10812353503489547
Bi2Br6-BiI3-NM,3.878169829472695
Bi2Cl6-BiI3-NM,4.453700854781036
Bi2I6-BiI3-NM,2.965832763846056
Br6Sb2-BiI3-NM,3.8870303059761433
Co2Br6-BiI3-NM,2.0235770665383237
Co2Cl6-BiI3-NM,2.4654651363053786
Co2I6-BiI3-NM,1.0108133760594469
Cu2I6-BiI3-NM,0.0
Ga2Br6-BiI3-NM,4.2906337279910804
Ga2Cl6-BiI3-NM,6.170225155980374
Ga2I6-BiI3-NM,2.117170855709977
Hf2Br6-BiI3-NM,0.0
Hf2Cl6-BiI3-NM,0.0
Hf2I6-BiI3-NM,0.0
I6Sb2-BiI3-NM,3.147450486088663
In2Br6-BiI3-NM,4.839148378465847
In2Cl6-BiI3-NM,6.456038421707456
In2I6-BiI3-NM,2.8994449471404318
Ir2Br6-BiI3-NM,2.754761740132662
Ir2Cl6-BiI3-NM,3.167264081730164
Ir2I6-BiI3-NM,2.3625211973386233
Os2I6-BiI3-NM,0.0
Rh2Br6-BiI3-NM,2.4745594196754697
Rh2Cl6-BiI3-NM,2.881731197874816
Rh2I6-BiI3-NM,1.6808871109452652
Ru2I6-BiI3-NM,0.031872132843795864
Sc2Br6-BiI3-NM,5.301078375653414
Sc2Cl6-BiI3-NM,6.760013508683268
Sc2I6-BiI3-NM,3.54941976962582
Ta2Br6-BiI3-NM,0.0
Ta2Cl6-BiI3-NM,0.0
Ta2I6-BiI3-NM,0.0
Tl2Br6-BiI3-NM,3.0389225800234247
Tl2Cl6-BiI3-NM,4.207878250849665
Tl2I6-BiI3-NM,1.5381788640295624
W2Cl6-BiI3-NM,0.8554055829632041
Y2Br6-BiI3-NM,7.154977348758038
Y2Cl6-BiI3-NM,8.7672426502932
Y2I6-BiI3-NM,5.034048443489063
Ag2Br6-AgBr3-NM,0.0
Ag2I6-AgBr3-NM,0.0
Al2Br6-TiCl3-NM,4.8370678576143336
Al2Cl6-TiCl3-NM,6.960425145471124
Al2I6-TiCl3-NM,2.123646656079303
Au2Br6-AgBr3-NM,0.0
Au2Cl6-AgBr3-NM,0.0
Au2I6-AgBr3-NM,0.0
Bi2Br6-AgBr3-NM,3.5378127541986597
Bi2Cl6-AgBr3-NM,4.245865757226596
Bi2I6-TiCl3-NM,2.6594119813214236
Cu2Br6-AgBr3-NM,0.0
Cu2I6-AgBr3-NM,0.0
Ga2Br6-TiCl3-NM,2.6375880294208733
Ga2Cl6-TiCl3-NM,4.44798428549712
Ga2I6-TiCl3-NM,0.45120970628635737
In2Br6-TiCl3-NM,3.6859473279457307
In2Cl6-AgBr3-NM,5.20321327113456
In2I6-TiCl3-NM,1.549702912497601
Ir2Br6-TiCl3-NM,0.2571824350529437
Ir2Cl6-Undefined-NM,0.8151466009487285
Ir2I6-TiCl3-NM,0.27580662993443994
Nb2Br6-TiCl3-NM,0.0
Nb2Cl6-TiCl3-NM,0.0
Os2I6-TiCl3-NM,0.0
Pd2Br6-AgBr3-NM,0.0
Pd2I6-AgBr3-NM,0.0
Pt2I6-AgBr3-NM,0.0
Re2Br6-TiCl3-NM,0.01526029490156211
Re2Cl6-TiCl3-NM,0.010815171582173155
Rh2Br6-Undefined-NM,0.7747641761005735
Rh2Cl6-Undefined-NM,0.9613039029870247
Rh2I6-TiCl3-NM,0.0
Ru2I6-TiCl3-NM,0.0
Sc2Br6-TiCl3-NM,4.803692135655469
Sc2Cl6-AgBr3-NM,5.84353733967722
Sc2I6-TiCl3-NM,3.495368084239139
Ta2Br6-TiCl3-NM,0.0
Ta2Cl6-TiCl3-NM,0.0
Ta2I6-TiCl3-NM,0.0
Tl2Br6-TiCl3-NM,2.144542532862028
Tl2Cl6-AgBr3-NM,3.1500021902185127
Tl2I6-TiCl3-NM,0.4667440768176343
W2Br6-TiCl3-NM,0.3352385721633635
W2Cl6-TiCl3-NM,1.108515051133657
Y2Br6-AgBr3-NM,6.299648342865156
Y2Cl6-AgBr3-NM,7.815165753367969
Y2I6-TiCl3-NM,4.66140744672645
Cr2C-CdI2-NM,0.0
Hf2CF2-Ti2CO2-NM,0.0
Mo2CF2-Ti2CO2-NM,0.0
Nb2CF2-Ti2CO2-NM,0.0
Sc2CF2-Ti2CO2-NM,2.1937056221942455
Ta2CF2-Ti2CO2-NM,0.0
Ti2CF2-Ti2CO2-NM,0.0
W2CF2-Ti2CO2-NM,0.0
Y2CF2-Ti2CO2-NM,2.4831302190510502
Zr2CF2-Ti2CO2-NM,0.0
Mo2CH2O2-Ti2CH2O2-NM,0.0
Sc2CH2O2-Ti2CH2O2-NM,1.9023043624917984
Ti2CH2O2-Ti2CH2O2-NM,0.0
Y2CH2O2-Ti2CH2O2-NM,2.1494264471170323
Hf2C-CdI2-NM,0.0
Hf2CO2-Ti2CO2-NM,1.9393880193915622
Mo2C-CdI2-NM,0.0
Mo2CO2-Ti2CO2-NM,0.0
Nb2C-CdI2-NM,0.0
Nb2CO2-Ti2CO2-NM,0.0
Sc2CO2-Ti2CO2-NM,0.0
Ta2CO2-Ti2CO2-NM,0.0
Ti2CO2-Ti2CO2-NM,0.9616581505827535
W2CO2-Ti2CO2-NM,0.0
Zr2CO2-Ti2CO2-NM,1.949465330067087
Sc2C-CdI2-NM,0.0
Ta2C-CdI2-NM,0.0
V2C-CdI2-NM,0.0
W2C-CdI2-NM,0.0
Y2C-CdI2-NM,0.0
Y2N-CdI2-NM,0.0
Zr2H2NO2-Ti2CH2O2-NM,0.0
Zr2N-CdI2-NM,0.0
Zr2F2N-Ti2CO2-NM,0.0
Zr2NO2-Ti2CO2-NM,0.0
Hf2H2NO2-Ti2CH2O2-NM,0.0
Hf2NO2-Ti2CO2-NM,0.0
Hf2N-CdI2-NM,0.0
Mo2F2N-Ti2CO2-NM,0.0
Nb2NO2-Ti2CO2-NM,0.0
Nb2N-CdI2-NM,0.0
Sc2F2N-Ti2CO2-NM,0.0
Sc2NO2-Ti2CO2-NM,0.0
Sc2N-CdI2-NM,0.0
Ta2F2N-Ti2CO2-NM,0.0
Ta2NO2-Ti2CO2-NM,0.0
Ta2N-CdI2-NM,0.0
Ti2F2N-Ti2CO2-NM,0.0
Ti2NO2-Ti2CO2-NM,0.0
V2N-CdI2-NM,0.0
W2F2N-Ti2CO2-NM,0.0
Y2F2N-Ti2CO2-NM,0.0
Hf3C2F2-Ti3C2O2-NM,0.0
Mo3C2F2-Ti3C2O2-NM,0.0
Nb3C2F2-Ti3C2O2-NM,0.0
Sc3C2F2-Ti3C2O2-NM,0.0
Ta3C2F2-Ti3C2O2-NM,0.0
Ti3C2F2-Ti3C2O2-NM,0.0
W3C2F2-Ti3C2O2-NM,0.0
Zr3C2F2-Ti3C2O2-NM,0.0
Hf3C2H2O2-Ti3C2H2O2-NM,0.0
Mo3C2H2O2-Ti3C2H2O2-NM,0.0
Nb3C2H2O2-Ti3C2H2O2-NM,0.0
Sc3C2H2O2-Ti3C2H2O2-NM,0.0
Ta3C2H2O2-Ti3C2H2O2-NM,0.0
Ti3C2H2O2-Ti3C2H2O2-NM,0.0
W3C2H2O2-Ti3C2H2O2-NM,0.0
Zr3C2H2O2-Ti3C2H2O2-NM,0.0
Hf3C2O2-Ti3C2O2-NM,1.0328639565444755
Mo3C2-Ti3C2-NM,0.0
Mo3C2O2-Ti3C2O2-NM,0.0
Nb3C2-Ti3C2-NM,0.0
Nb3C2O2-Ti3C2O2-NM,0.0
Sc3C2O2-Ti3C2O2-NM,0.0
Ta3C2O2-Ti3C2O2-NM,0.0
Ti3C2O2-Ti3C2O2-NM,0.20053958256812476
W3C2O2-Ti3C2O2-NM,0.0
Y3C2O2-Ti3C2O2-NM,0.0
Zr3C2O2-Ti3C2O2-NM,1.0285741093448544
Sc3C2-Ti3C2-NM,0.0
Ta3C2-Ti3C2-NM,0.0
V3C2-Ti3C2-NM,0.0
W3C2-Ti3C2-NM,0.0
Y3C2-Ti3C2-NM,0.0
Hf3F2N2-Ti3C2O2-NM,0.0
Hf3H2N2O2-Ti3C2H2O2-NM,0.0
Hf3N2O2-Ti3C2O2-NM,0.41403359085377067
Mo3F2N2-Ti3C2O2-NM,0.0
Nb3N2-Ti3C2-NM,0.0
Sc3F2N2-Ti3C2O2-NM,0.0
Sc3N2O2-Ti3C2O2-NM,0.0
Ta3F2N2-Ti3C2O2-NM,0.0
Ta3N2-Ti3C2-NM,0.0
Ti3N2O2-Ti3C2O2-NM,0.029547005895043
Ti3N2-Ti3C2-NM,0.053739343576134045
W3F2N2-Ti3C2O2-NM,0.0
W3H2N2O2-Ti3C2H2O2-NM,0.0
W3N2O2-Ti3C2O2-NM,0.0
Y3F2N2-Ti3C2O2-NM,0.0
Zr3N2O2-Ti3C2O2-NM,0.5608631772399826
Hf4C3F2-Ti4C3O2-NM,0.0
Mo4C3F2-Ti4C3O2-NM,0.0
Nb4C3F2-Ti4C3O2-NM,0.0
Sc4C3F2-Ti4C3O2-NM,0.0
Ta4C3F2-Ti4C3O2-NM,0.0
Ti4C3F2-Ti4C3O2-NM,0.0
W4C3F2-Ti4C3O2-NM,0.0
Y4C3F2-Ti4C3O2-NM,0.0
Zr4C3F2-Ti4C3O2-NM,0.0
Mo4C3H2O2-Ti4C3H2O2-NM,0.0
Nb4C3H2O2-Ti4C3H2O2-NM,0.0
Sc4C3H2O2-Ti4C3H2O2-NM,0.0
Ti4C3H2O2-Ti4C3H2O2-NM,0.0
W4C3H2O2-Ti4C3H2O2-NM,0.0
Y4C3H2O2-Ti4C3H2O2-NM,0.0
Hf4C3-Ti4C3-NM,0.0
Hf4C3O2-Ti4C3O2-NM,0.0
Mo4C3-Ti4C3-NM,0.0
Mo4C3O2-Ti4C3O2-NM,0.0
Nb4C3-Ti4C3-NM,0.0
Nb4C3O2-Ti4C3O2-NM,0.0
Sc4C3O2-Ti4C3O2-NM,0.0
Ta4C3O2-Ti4C3O2-NM,0.0
Ti4C3O2-Ti4C3O2-NM,0.0
W4C3O2-Ti4C3O2-NM,0.0
Y4C3O2-Ti4C3O2-NM,0.0
Zr4C3O2-Ti4C3O2-NM,0.0
Sc4C3-Ti4C3-NM,0.0
Ta4C3-Ti4C3-NM,0.0
W4C3-Ti4C3-NM,0.0
Y4C3-Ti4C3-NM,0.0
Hf4F2N3-Ti4C3O2-NM,0.0
Hf4H2N3O2-Ti4C3H2O2-NM,0.0
Hf4N3O2-Ti4C3O2-NM,0.0
Hf4N3-Ti4C3-NM,0.0
Mo4F2N3-Ti4C3O2-NM,0.0
Mo4N3-Ti4C3-NM,0.0
Nb4N3-Ti4C3-NM,0.0
Sc4F2N3-Ti4C3O2-NM,0.0
Sc4N3O2-Ti4C3O2-NM,0.0
Ta4H2N3O2-Ti4C3H2O2-NM,0.0
Ti4F2N3-Ti4C3O2-NM,0.0
Ti4N3O2-Ti4C3O2-NM,0.0
W4N3-Ti4C3-NM,0.0
Y4F2N3-Ti4C3O2-NM,0.0
Y4N3O2-Ti4C3O2-NM,0.0
Zr4F2N3-Ti4C3O2-NM,0.0
Zr4N3O2-Ti4C3O2-NM,0.0
Zr4N3-Ti4C3-NM,0.0
CrAsSb-MoSSe-NM,0.0
CrSeTe-MoSSe-NM,0.7942752168554355
CrSSe-MoSSe-NM,1.0202105981341627
CrSTe-MoSSe-NM,0.3615580160424323
BiHfAs-MoSSe-NM,0.0
HfAsSb-MoSSe-NM,0.0
BiHfSb-MoSSe-NM,0.0
HfBrCl-MoSSe-NM,1.6215520379361357
HfBrI-MoSSe-NM,1.4059534283390636
HfClI-MoSSe-NM,1.5756054743862897
HfSeTe-MoSSe-NM,0.5257456780297021
HfSSe-MoSSe-NM,1.7627097678455952
HfSTe-MoSSe-NM,0.3242784777940362
BiMoAs-MoSSe-NM,0.0
MoAsSb-MoSSe-NM,0.0
BiMoSb-MoSSe-NM,0.0
MoBrCl-MoSSe-NM,0.0
MoClI-MoSSe-NM,0.0
MoSeTe-MoSSe-NM,1.6715140690693597
MoSTe-MoSSe-NM,1.4361418151060945
BiNbAs-MoSSe-NM,0.0
NbAsSb-MoSSe-NM,0.0
BiNbSb-MoSSe-NM,0.0
NbBrCl-MoSSe-NM,0.0
NbBrI-MoSSe-NM,0.0
NbClI-MoSSe-NM,0.0
NbSeTe-MoSSe-NM,0.0
NbSSe-MoSSe-NM,0.0
NbSTe-MoSSe-NM,0.0
BiTaAs-MoSSe-NM,0.0
TaAsSb-MoSSe-NM,0.0
BiTaSb-MoSSe-NM,0.0
TaBrCl-MoSSe-NM,0.0
TaBrI-MoSSe-NM,0.0
TaClI-MoSSe-NM,0.0
TaSeTe-MoSSe-NM,0.0
TaSSe-MoSSe-NM,0.0
TaSTe-MoSSe-NM,0.0
BiTiAs-MoSSe-NM,0.0
TiAsSb-MoSSe-NM,0.0
BiTiSb-MoSSe-NM,0.0
TiBrCl-MoSSe-NM,1.2988283005751948
TiBrI-MoSSe-NM,0.9741183072465032
TiClI-MoSSe-NM,1.1303603281053878
TiSeTe-MoSSe-NM,0.3878882107182302
TiSSe-MoSSe-NM,1.0945043130386893
TiSTe-MoSSe-NM,0.37942483719878206
BiVAs-MoSSe-NM,0.0
VAsSb-MoSSe-NM,0.0
BiVSb-MoSSe-NM,0.0
BiWAs-MoSSe-NM,0.0
WAsSb-MoSSe-NM,0.0
BiWSb-MoSSe-NM,0.0
WBrCl-MoSSe-NM,0.0
WBrI-MoSSe-NM,0.0
WClI-MoSSe-NM,0.0
WSeTe-MoSSe-NM,1.5524579416034596
WSSe-MoSSe-NM,2.000942112247726
WSTe-MoSSe-NM,1.6276177680219877
BiZrAs-MoSSe-NM,0.0
ZrAsSb-MoSSe-NM,0.0
BiZrSb-MoSSe-NM,0.0
ZrBrCl-MoSSe-NM,1.6439415205874015
ZrBrI-MoSSe-NM,1.416449615517879
ZrClI-MoSSe-NM,1.5884589574084789
ZrSeTe-MoSSe-NM,0.6985676189486527
ZrSSe-MoSSe-NM,1.8562635196641968
ZrSTe-MoSSe-NM,0.5635849349250321
AsClTe-MoSSe-NM,2.142424597608151
BiBrS-MoSSe-NM,2.6783871257374896
BiClS-MoSSe-NM,3.00831147753049
BiClSe-MoSSe-NM,2.6727302669673647
BiIS-MoSSe-NM,1.6538776354069766
BiClTe-MoSSe-NM,1.611730062140569
BrSSb-MoSSe-NM,2.5096456901317117
ClSbSe-MoSSe-NM,2.8079013361082343
BrSbTe-MoSSe-NM,2.2260066244536745
ClSSb-MoSSe-NM,2.850612812250289
ISbSe-MoSSe-NM,1.9744444307852722
ClSbTe-MoSSe-NM,2.3847569323216753
BiISe-MoSSe-NM,1.7390966323557477
BiBrTe-MoSSe-NM,1.6461917059494064
BiITe-MoSSe-NM,1.4653823871445948
BrSbSe-MoSSe-NM,2.5081931306115637
ISSb-MoSSe-NM,1.7904741364998549
ISbTe-MoSSe-NM,1.7866235348340838
AsBrS-MoSSe-NM,2.445273059140474
AsClS-MoSSe-NM,2.8705791728391454
AsBrSe-MoSSe-NM,2.4818067344722863
AsClSe-MoSSe-NM,2.7762276210628762
AsISe-MoSSe-NM,1.0782080921944865
AsIS-MoSSe-NM,0.7476798474321109
AsBrTe-MoSSe-NM,1.9061786241671914
AsITe-MoSSe-NM,0.8953763445735252
BiBrSe-MoSSe-NM,2.401398575161782
Ge2S2-SnS-NM,2.8896673857136967
Ge2Se2-SnS-NM,1.8842599567842166
Ge2Te2-SnS-NM,1.3189443274978743
P4-P-NM,1.7465884927345203
Pb2S2-PbS-NM,2.4742107788574854
Pb2Se2-PbS-NM,1.8288869283780154
Pb2Te2-PbS-NM,1.3751174373138968
S2Si2-SnS-NM,2.5293847022129325
Se2Si2-SnS-NM,2.0684010586762227
Si2Te2-SnS-NM,0.5527189083608823
Sn2S2-SnS-NM,2.5704103652695602
Sn2Se2-SnS-NM,1.7326986293068432
Sn2Te2-PbS-NM,1.1734890379891678
As4-P-NM,1.5633861844279866
Al2S2-PbSe-NM,0.0
Al2Se2-PbSe-NM,0.0
Al2Te2-PbSe-NM,0.0
Bi2S2-PbSe-NM,0.0
Bi2Se2-PbSe-NM,0.0
Bi2Te2-PbSe-NM,0.0
Cd2S2-PbSe-NM,0.0
Cd2Se2-PbSe-NM,0.0
Cd2Te2-PbSe-NM,0.0
Ga2S2-PbSe-NM,0.0
Ga2Se2-PbSe-NM,0.0
Ga2Te2-PbSe-NM,0.0
Ge2S2-PbSe-NM,0.0064476889569964335
Ge2Se2-PbSe-NM,0.07021721451804064
Ge2Te2-PbSe-NM,0.0
In2S2-PbSe-NM,0.0
In2Se2-PbSe-NM,0.0
In2Te2-PbSe-NM,0.0
Pb2S2-PbSe-NM,0.4511439482030035
Pb2Se2-PbSe-NM,0.24302132619121797
Pb2Te2-PbSe-NM,0.005087057034736997
S2Sb2-PbSe-NM,0.0
S2Si2-PbSe-NM,0.0
Sb2Se2-PbSe-NM,0.0
Sb2Te2-PbSe-NM,0.0
Se2Si2-PbSe-NM,0.0
Si2Te2-PbSe-NM,0.0
Zn2S2-PbSe-NM,0.0
Zn2Se2-PbSe-NM,0.0
Zn2Te2-PbSe-NM,0.0
Ag2S4-PdS2-NM,0.0
Ag2Se4-PdS2-NM,0.0
Ag2Te4-PdS2-NM,0.0
Al2S4-WTe2-NM,0.0
Al2Se4-WTe2-NM,0.0
Al2Te4-CdI2-NM,0.0
Au2S4-PdS2-NM,0.0
Au2Se4-PdS2-NM,0.0
Au2Te4-PdS2-NM,0.0
Bi2S4-WTe2-NM,0.0
Bi2Te4-WTe2-NM,0.0
Cd2S4-PdS2-NM,2.9469710555311437
Cd2Se4-WTe2-NM,2.7747367832513437
Cd2Te4-WTe2-NM,2.122441075820174
Cu2S4-PdS2-NM,0.0
Cu2Se4-PdS2-NM,0.0
Cu2Te4-PdS2-NM,0.0
Ga2Se4-MnS2-NM,0.0
Ga2Te4-PdS2-NM,0.0
Ge2S4-WTe2-NM,0.8358739727902325
Ge2Se4-WTe2-NM,0.21081227845997064
Ge2Te4-MnS2-NM,0.08171849951678789
In2S4-Undefined-NM,1.3887636594208121
In2Se4-MnS2-NM,0.0
In2Te4-MnS2-NM,0.0
Ir2S4-PdS2-NM,0.0
Ir2Se4-PdS2-NM,0.0
Ir2Te4-PdS2-NM,0.0
Ni2S4-PdS2-NM,1.7627534133831846
Ni2Se4-PdS2-NM,1.8545252453793193
Ni2Te4-PdS2-NM,1.690262543661897
Os2S4-MnS2-NM,0.17089125430748764
Os2Se4-MnS2-NM,0.2509240745296095
Os2Te4-MnS2-NM,0.24037892305009345
Pb2S4-WTe2-NM,2.571947667029786
Pb2Se4-WTe2-NM,1.9501688620695208
Pb2Te4-WTe2-NM,0.8455261309304845
Pd2S4-PdS2-NM,1.8841618105189704
Pd2Se4-PdS2-NM,2.014471490402858
Pd2Te4-PdS2-NM,1.8292027535375093
Pt2S4-PdS2-NM,2.9479725349709467
Pt2Se4-PdS2-NM,2.576971362702097
Pt2Te4-PdS2-NM,2.2789984339221414
Rh2S4-PdS2-NM,0.0
Rh2Se4-PdS2-NM,0.0
Rh2Te4-PdS2-NM,0.0
Ru2S4-MnS2-NM,0.23159489263726485
Ru2Se4-MnS2-NM,0.18734821348436625
Ru2Te4-MnS2-NM,0.30102651292855276
S4Sb2-WTe2-NM,0.0
Sb2Te4-PdS2-NM,0.0
Sc2Te4-MnS2-NM,0.0
Sn2Se4-WTe2-NM,1.1474724572870436
Sn2Te4-WTe2-NM,0.0
Tl2S4-WTe2-NM,0.0
Tl2Se4-WTe2-NM,0.0
Tl2Te4-WTe2-NM,0.0
Zn2S4-PdS2-NM,3.1374044233977205
Zn2Se4-PdS2-NM,2.6557615902854756
Zn2Te4-PdS2-NM,1.8826693526155907
Br4C16Cl4Ge2H48N4-PbA2I4-NM,2.370322815479108
Br4C16Cl4Ge2H48N4-PbA2I4-NM-2,4.127803011193617
Br4C16Ge2H48I4N4-PbA2I4-NM,3.0460756099748103
Br4C16Ge2H48I4N4-PbA2I4-NM-2,1.792388632341288
Br8C16Ge2H48N4-PbA2I4-NM,2.9272741962008313
C16Cl4Ge2H48I4N4-PbA2I4-NM,3.9299938360918816
C16Cl4Ge2H48I4N4-PbA2I4-NM-2,1.6969556283928773
C16Cl8Ge2H48N4-PbA2I4-NM,4.060367841018371
C16Ge2H48I8N4-PbA2I4-NM,1.8047835945602002
Pb2Br4C16Cl4H48N4-PbA2I4-NM,3.1274635195743814
Pb2Br4C16Cl4H48N4-PbA2I4-NM-2,3.7405879099807393
Pb2Br4C16H48I4N4-PbA2I4-NM,3.0385516216814485
Pb2Br4C16H48I4N4-PbA2I4-NM-2,2.3115494847443276
Pb2Br8C16H48N4-PbA2I4-NM,3.122408972350737
Pb2C16Cl4H48I4N4-PbA2I4-NM,3.3756539954867684
Pb2C16Cl4H48I4N4-PbA2I4-NM-2,2.2712643912609747
Pb2C16Cl8H48N4-PbA2I4-NM,3.8413797577789133
Pb2C16H48I8N4-PbA2I4-NM,2.408288022413039
Sn2Br4C16Cl4H48N4-PbA2I4-NM,2.3952723411018084
Sn2Br4C16Cl4H48N4-PbA2I4-NM-2,3.1539882215240365
Sn2Br4C16H48I4N4-PbA2I4-NM,2.3345923718286805
Sn2Br4C16H48I4N4-PbA2I4-NM-2,1.7171346296702614
Sn2Br8C16H48N4-PbA2I4-NM,2.3986901911742553
Sn2C16Cl4H48I4N4-PbA2I4-NM,3.1125830726010677
Sn2C16Cl4H48I4N4-PbA2I4-NM-2,1.686663137123026
Sn2C16Cl8H48N4-PbA2I4-NM,3.273278771018574
Sn2C16H48I8N4-PbA2I4-NM,1.8302953769354549
Co4S8-ReS2-NM,0.3416849113386551
Co4Se8-CdI2-NM,0.0
In4Br8-Undefined-NM,2.761993099102453
Ir4S8-ReS2-NM,1.215847420411443
Ir4Se8-ReS2-NM,1.4008504886072588
Ir4Te8-ReS2-NM,0.7283332001876385
Nb4O8-Undefined-NM,1.2259833075888271
Re4O8-ReS2-NM,1.8734730017382506
Re4S8-ReS2-NM,1.9074812988273901
Re4Se8-ReS2-NM,1.6802714326805208
Re4Te8-ReS2-NM,1.2741404596308834
Rh4S8-ReS2-NM,1.1184096990347183
Rh4Se8-ReS2-NM,0.8568547248600988
Ta4O8-Undefined-NM,1.3200489840530745
AuO2-CdI2-NM,0.0
AuS2-CdI2-NM,0.0
AuS2-MoS2-NM,0.0
AuSe2-CdI2-NM,0.0
AuSe2-MoS2-NM,0.0
AuTe2-CdI2-NM,0.0
AuTe2-MoS2-NM,0.0
CoS2-CdI2-NM,0.0
CoS2-MoS2-NM,0.0
CoSe2-CdI2-NM,0.0
CoSe2-MoS2-NM,0.0
CoTe2-CdI2-NM,0.0
CoTe2-MoS2-NM,0.0
CrO2-MoS2-NM,0.5183739854175444
CrS2-CdI2-NM,0.0
CrS2-MoS2-NM,1.1232301511009268
CrSe2-CdI2-NM,0.0
CrSe2-MoS2-NM,0.9086499423997031
CrTe2-MoS2-NM,0.6626677121663246
CuS2-CdI2-NM,0.0
CuS2-MoS2-NM,0.0
CuSe2-CdI2-NM,0.0
CuSe2-MoS2-NM,0.0
CuTe2-CdI2-NM,0.0
CuTe2-MoS2-NM,0.0
GeO2-CdI2-NM,6.2657086010994
GeO2-MoS2-NM,3.1066052617683493
GeS2-CdI2-NM,1.4348560873759135
GeS2-MoS2-NM,0.0
GeSe2-CdI2-NM,0.16116363880313012
GeSe2-MoS2-NM,0.0
GeTe2-CdI2-NM,0.0
GeTe2-MoS2-NM,0.0
HfO2-CdI2-NM,7.8964249237891675
HfO2-MoS2-NM,4.214541528780892
HfS2-CdI2-NM,2.3990800592153434
HfS2-MoS2-NM,2.2482651484087346
HfSe2-CdI2-NM,1.2171778271045655
HfSe2-MoS2-NM,1.7519423787495105
HfTe2-CdI2-NM,0.0
HfTe2-MoS2-NM,0.564345531243025
HgO2-CdI2-NM,0.0
HgS2-MoS2-NM,0.0
HgSe2-CdI2-NM,0.0
HgSe2-MoS2-NM,0.03849028795700171
HgTe2-CdI2-NM,0.0
HgTe2-MoS2-NM,0.0
IrO2-CdI2-NM,0.0
IrS2-CdI2-NM,0.0
IrS2-MoS2-NM,0.0
IrSe2-CdI2-NM,0.0
IrSe2-MoS2-NM,0.0
IrTe2-CdI2-NM,0.0
IrTe2-MoS2-NM,0.0
MoO2-CdI2-NM,0.0
MoO2-MoS2-NM,1.3851848218543812
MoS2-CdI2-NM,0.0
MoS2-MoS2-NM,2.2084299346974587
MoSe2-CdI2-NM,0.0
MoSe2-MoS2-NM,1.882521232662759
MoTe2-CdI2-NM,0.021153037495238725
MoTe2-MoS2-NM,1.4072094524201797
NbO2-MoS2-NM,0.0
NbS2-CdI2-NM,0.0
NbS2-MoS2-NM,0.0
NbSe2-CdI2-NM,0.0
NbSe2-MoS2-NM,0.0
NbTe2-CdI2-NM,0.0
NbTe2-MoS2-NM,0.0
NiO2-CdI2-NM,2.4223482472996203
NiS2-CdI2-NM,0.7864692224662675
NiS2-MoS2-NM,0.0
NiSe2-CdI2-NM,0.08669016069311564
NiSe2-MoS2-NM,0.0
NiTe2-CdI2-NM,0.0
NiTe2-MoS2-NM,0.0
OsS2-CdI2-NM,0.0
OsS2-MoS2-NM,0.0
OsSe2-CdI2-NM,0.0
OsSe2-MoS2-NM,0.0
OsTe2-CdI2-NM,0.0
OsTe2-MoS2-NM,0.0
PbO2-MoS2-NM,0.9395542937336163
PbS2-CdI2-NM,1.469181219428405
PbS2-MoS2-NM,3.3137828371633806
PbSe2-CdI2-NM,0.3546955706419195
PbSe2-MoS2-NM,2.621178565282893
PbTe2-CdI2-NM,0.0
PbTe2-MoS2-NM,0.0
PdO2-CdI2-NM,2.4451197040492207
PdO2-MoS2-NM,0.0
PdS2-CdI2-NM,1.718320081921572
PdS2-MoS2-NM,0.10225373022038609
PdSe2-CdI2-NM,0.844896050576045
PdSe2-MoS2-NM,0.2625933614603311
PdTe2-CdI2-NM,0.0
PdTe2-MoS2-NM,0.0
PtO2-CdI2-NM,2.8246673292548934
PtS2-CdI2-NM,2.65366872019462
PtS2-MoS2-NM,0.0
PtSe2-CdI2-NM,1.7227674180825334
PtSe2-MoS2-NM,0.0
PtTe2-CdI2-NM,0.5572123519694494
PtTe2-MoS2-NM,0.0
ReO2-CdI2-NM,0.0
ReO2-MoS2-NM,0.0
ReS2-CdI2-NM,0.0
ReS2-MoS2-NM,0.0
ReSe2-CdI2-NM,0.0
ReSe2-MoS2-NM,0.0
ReTe2-CdI2-NM,0.0
ReTe2-MoS2-NM,0.0
RhO2-CdI2-NM,0.0
RhS2-CdI2-NM,0.0
RhS2-MoS2-NM,0.0
RhSe2-CdI2-NM,0.0
RhSe2-MoS2-NM,0.0
RhTe2-CdI2-NM,0.0
RhTe2-MoS2-NM,0.0
RuO2-CdI2-NM,0.0
RuO2-MoS2-NM,0.0
RuS2-MoS2-NM,0.0
RuSe2-MoS2-NM,0.0
RuTe2-CdI2-NM,0.0
RuTe2-MoS2-NM,0.0
ScS2-CdI2-NM,0.0
ScSe2-CdI2-NM,0.0
ScTe2-CdI2-NM,0.0
ScTe2-MoS2-NM,0.0
SnO2-CdI2-NM,5.241359413814645
SnO2-MoS2-NM,2.2062883138593854
SnS2-CdI2-NM,2.821757551205869
SnS2-MoS2-NM,1.5689784685659833
SnSe2-CdI2-NM,1.5113451710577546
SnSe2-MoS2-NM,0.22651825570636852
SnTe2-CdI2-NM,0.0
SnTe2-MoS2-NM,0.0
TaO2-CdI2-NM,0.0
TaO2-MoS2-NM,0.0
TaS2-CdI2-NM,0.0
TaS2-MoS2-NM,0.0
TaSe2-CdI2-NM,0.0
TaSe2-MoS2-NM,0.0
TaTe2-CdI2-NM,0.0
TaTe2-MoS2-NM,0.0
TiO2-CdI2-NM,4.787481873607799
TiO2-MoS2-NM,2.817695164828698
TiS2-CdI2-NM,0.5213328630007532
TiS2-MoS2-NM,1.6369628629537143
TiSe2-CdI2-NM,0.0
TiSe2-MoS2-NM,1.1848170491259205
TiTe2-CdI2-NM,0.0
TiTe2-MoS2-NM,0.42563618838057127
VS2-CdI2-NM,0.0
VSe2-CdI2-NM,0.0
WO2-CdI2-NM,0.0
WO2-MoS2-NM,1.9339079493000655
WS2-CdI2-NM,0.0
WS2-MoS2-NM,2.158895417420065
WSe2-CdI2-NM,0.0
WSe2-MoS2-NM,1.788084771122914
WTe2-CdI2-NM,0.01842646787325275
WTe2-MoS2-NM,1.1439797962119362
ZrO2-CdI2-NM,7.699645925332007
ZrO2-MoS2-NM,3.9431719846799322
ZrS2-CdI2-NM,2.3967460955053204
ZrS2-MoS2-NM,2.12956267926265
ZrSe2-CdI2-NM,1.1486284643771147
ZrSe2-MoS2-NM,1.6929513469103918
ZrTe2-CdI2-NM,0.0
ZrTe2-MoS2-NM,0.7502007968150701
AgH2-MoS2-NM,0.0
AgLi2-MoS2-NM,0.0
AuH2-MoS2-NM,0.0
AuLi2-MoS2-NM,0.0
CoH2-MoS2-NM,0.0
CrLi2-MoS2-NM,0.0
CuH2-MoS2-NM,0.0
CuLi2-MoS2-NM,0.0
HfH2-MoS2-NM,0.192212924167126
HfLi2-MoS2-NM,0.0
IrH2-MoS2-NM,0.0
IrLi2-MoS2-NM,0.0
MoH2-MoS2-NM,0.0
Li2Mo-MoS2-NM,0.0
Li2Nb-MoS2-NM,0.0
NiH2-MoS2-NM,0.0
Li2Ni-MoS2-NM,0.0
OsH2-MoS2-NM,0.0
Li2Os-MoS2-NM,0.0
Li2Pb-MoS2-NM,0.0
PtH2-MoS2-NM,0.0
Li2Pt-MoS2-NM,0.0
ReH2-MoS2-NM,0.0
Li2Re-MoS2-NM,0.0
RhH2-MoS2-NM,0.0
Li2Rh-MoS2-NM,0.0
RuH2-MoS2-NM,0.0
Li2Ru-MoS2-NM,0.0
TaH2-MoS2-NM,0.0
TiH2-MoS2-NM,0.6067676688905475
Li2Ti-MoS2-NM,0.0
VH2-MoS2-NM,0.0
Li2V-MoS2-NM,0.0
WH2-MoS2-NM,0.0
Li2W-MoS2-NM,0.0
ZrH2-MoS2-NM,0.031023607931011554
Li2Zr-MoS2-NM,0.0
CrMo3S8-CrW3S8-NM,1.5902313245527084
CrW3S8-CrW3S8-NM,1.5257189117644097
CrW3Se8-CrW3S8-NM,1.223054337179858
Mo2W2S8-CrWS4-NM,2.1600894438741403
Mo2W2Se8-CrWS4-NM,1.8270815090434156
Mo2W2Te8-CrWS4-NM,1.3048017505317913
Mo3WS8-CrW3S8-NM,2.183512535623346
Mo3WSe8-CrW3S8-NM,1.8549661826495645
Mo3WTe8-CrW3S8-NM,1.3562624169820146
MoW3S8-CrW3S8-NM,2.160452684926512
MoW3Se8-CrW3S8-NM,1.81284073363924
MoW3Te8-CrW3S8-NM,1.2347212409056307
Hf2Ti2S8-CrWS4-NM,1.8847256530217953
Hf2Ti2Se8-CrWS4-NM,1.4094491233335957
Hf2Ti2Te8-CrWS4-NM,0.4212626798487553
Ti2Zr2S8-CrWS4-NM,1.8065755455857206
Ti2Zr2Se8-CrWS4-NM,1.450464916947491
Ti2Zr2Te8-CrWS4-NM,0.5397433512173304
HfTi3S8-CrW3S8-NM,1.7936846230634176
HfTi3Se8-CrW3S8-NM,1.2923541947369088
HfTi3Te8-CrW3S8-NM,0.4499484113426899
Ti3ZrS8-CrW3S8-NM,1.757337309980949
Ti3ZrSe8-CrW3S8-NM,1.3445077810318558
Ti3ZrTe8-CrW3S8-NM,0.4875345398004709
Hf3TiS8-CrW3S8-NM,2.0505626853601107
Hf3TiSe8-CrW3S8-NM,1.5566046557869324
Hf3TiTe8-CrW3S8-NM,0.4990513522778073
TiZr3S8-CrW3S8-NM,2.0536823991067665
TiZr3Se8-CrW3S8-NM,1.5720800473619936
TiZr3Te8-CrW3S8-NM,0.6551126383690176
Hf2Zr2S8-CrWS4-NM,2.3629073686314213
Hf2Zr2Se8-CrWS4-NM,1.799027338396702
Hf2Zr2Te8-CrWS4-NM,0.6103572086548656
HfZr3S8-CrW3S8-NM,2.3381547905523488
HfZr3Se8-CrW3S8-NM,1.7766464140672524
HfZr3Te8-CrW3S8-NM,0.6836455263945629
Hf3ZrS8-CrW3S8-NM,2.3484012843524877
Hf3ZrSe8-CrW3S8-NM,1.7901102097723922
Hf3ZrTe8-CrW3S8-NM,0.5786611600427911
Ag2Br2N2-FeOCl-NM,0.0
Ag2Br2O2-FeOCl-NM,0.0
Ag2Br2S2-FeOCl-NM,0.0
Ag2Br2Se2-FeOCl-NM,0.0
Ag2Cl2N2-FeOCl-NM,0.0
Ag2Cl2O2-FeOCl-NM,0.0
Ag2Cl2S2-FeOCl-NM,0.0
Ag2Cl2Se2-FeOCl-NM,0.0
Ag2I2N2-FeOCl-NM,0.0
Ag2I2O2-FeOCl-NM,0.0
Ag2I2S2-FeOCl-NM,0.0
Ag2I2Se2-FeOCl-NM,0.0
Al2Br2N2-FeOCl-NM,0.0
Al2Br2O2-FeOCl-NM,7.029268887106657
Al2Br2S2-FeOCl-NM,4.040566781193011
Al2Br2Se2-FeOCl-NM,3.0230418275704682
Al2Cl2N2-FeOCl-NM,0.0
Al2Cl2O2-FeOCl-NM,9.48869564718555
Al2Cl2S2-FeOCl-NM,4.115913342951451
Al2Cl2Se2-FeOCl-NM,2.8547801581882153
Al2I2O2-FeOCl-NM,3.9371614539003814
Al2I2S2-FeOCl-NM,3.0555658750339934
Al2I2Se2-FeOCl-NM,2.823684450429223
Au2Br2N2-FeOCl-NM,0.0
Au2Br2O2-FeOCl-NM,0.0
Au2Br2S2-FeOCl-NM,0.0
Au2Br2Se2-FeOCl-NM,0.0
Au2Cl2N2-FeOCl-NM,0.0
Au2Cl2O2-FeOCl-NM,0.0
Au2Cl2Se2-FeOCl-NM,0.0
Au2I2N2-FeOCl-NM,0.0
Au2I2O2-FeOCl-NM,0.0
Au2I2S2-FeOCl-NM,0.0
Au2I2Se2-FeOCl-NM,0.0
Bi2Br2N2-FeOCl-NM,0.0
Bi2Br2O2-FeOCl-NM,3.1943586358107483
Bi2Br2S2-FeOCl-NM,2.2488290642778654
Bi2Br2Se2-FeOCl-NM,1.643031141551285
Bi2Cl2N2-FeOCl-NM,0.0
Bi2Cl2O2-FeOCl-NM,3.702327117906237
Bi2Cl2S2-FeOCl-NM,2.282920447057597
Bi2Cl2Se2-FeOCl-NM,1.6470894344461975
Bi2I2N2-FeOCl-NM,0.0
Bi2I2O2-FeOCl-NM,2.4867487785004916
Bi2I2S2-FeOCl-NM,1.9059739908205333
Bi2I2Se2-FeOCl-NM,1.575956240910223
Br2Ge2N2-FeOCl-NM,2.8284301063269277
Br2Ge2O2-FeOCl-NM,0.0
Br2Ge2S2-FeOCl-NM,0.0
Br2Ge2Se2-FeOCl-NM,0.0
Cl2Ge2N2-FeOCl-NM,3.2615484106901036
Cl2Ge2O2-FeOCl-NM,0.0
Cl2Ge2S2-FeOCl-NM,0.0
Cl2Ge2Se2-FeOCl-NM,0.0
Co2Br2N2-FeOCl-NM,0.0
Co2Br2O2-FeOCl-NM,0.5847578378641543
Co2Br2S2-FeOCl-NM,0.015857175749208086
Co2Br2Se2-FeOCl-NM,0.0
Co2Cl2N2-FeOCl-NM,0.0
Co2Cl2O2-FeOCl-NM,0.8299795945395498
Co2Cl2S2-FeOCl-NM,0.04379253875742606
Co2Cl2Se2-FeOCl-NM,0.0
Co2I2N2-FeOCl-NM,0.0
Co2I2O2-FeOCl-NM,0.043875634752159165
Co2I2S2-FeOCl-NM,0.0
Co2I2Se2-FeOCl-NM,0.0
Cu2Br2N2-FeOCl-NM,0.0
Cu2Br2O2-FeOCl-NM,0.0
Cu2Cl2O2-FeOCl-NM,0.0
Cu2Cl2Se2-FeOCl-NM,0.0
Cu2I2N2-FeOCl-NM,0.0
Cu2I2O2-FeOCl-NM,0.0
Cu2I2S2-FeOCl-NM,0.0
Cu2I2Se2-FeOCl-NM,0.0
Cu2Cl2S2-FeOCl-NM,0.0
Cu2Br2Se2-FeOCl-NM,0.0
Fe2I2S2-FeOCl-NM,0.0
Ga2Br2N2-FeOCl-NM,0.0
Ga2Br2O2-FeOCl-NM,4.178772682208082
Ga2Br2S2-FeOCl-NM,2.543804854510295
Ga2Br2Se2-FeOCl-NM,1.37241774019809
Ga2Cl2N2-FeOCl-NM,0.0
Ga2Cl2O2-FeOCl-NM,5.89740919361943
Ga2Cl2S2-FeOCl-NM,2.428546063410486
Ga2Cl2Se2-FeOCl-NM,1.1878440882924344
Ga2I2N2-FeOCl-NM,0.0
Ga2I2O2-FeOCl-NM,1.9011030602960592
Ga2I2S2-FeOCl-NM,1.4867681235848118
Ga2I2Se2-FeOCl-NM,1.4759602001474195
Ge2I2N2-FeOCl-NM,0.16258127387859744
Ge2I2O2-FeOCl-NM,0.0
Ge2I2S2-FeOCl-NM,0.0
Ge2I2Se2-FeOCl-NM,0.0
Hf2Br2N2-FeOCl-NM,3.72229011157938
Hf2Br2O2-FeOCl-NM,0.0
Hf2Br2S2-FeOCl-NM,0.0
Hf2Br2Se2-FeOCl-NM,0.0
Hf2Cl2N2-FeOCl-NM,3.765491033604614
Hf2Cl2O2-FeOCl-NM,0.0
Hf2Cl2S2-FeOCl-NM,0.0
Hf2Cl2Se2-FeOCl-NM,0.0
Hf2I2N2-FeOCl-NM,2.994611694394928
Hf2I2O2-FeOCl-NM,0.0
Hf2I2S2-FeOCl-NM,0.0
Hf2I2Se2-FeOCl-NM,0.0
Hg2Br2N2-FeOCl-NM,0.0
Hg2Cl2N2-FeOCl-NM,0.0
Hg2Cl2S2-FeOCl-NM,0.0
Hg2Cl2Se2-FeOCl-NM,0.0
Hg2I2N2-FeOCl-NM,0.0
Hg2I2O2-FeOCl-NM,0.0
Hg2I2S2-FeOCl-NM,0.0
Hg2Br2Se2-FeOCl-NM,0.0
Hg2I2Se2-FeOCl-NM,0.0
In2Br2N2-FeOCl-NM,0.0
In2Br2O2-FeOCl-NM,4.092787562674526
In2Br2S2-FeOCl-NM,3.338950528523595
In2Br2Se2-FeOCl-NM,2.195748280869311
In2Cl2N2-FeOCl-NM,0.0
In2Cl2O2-FeOCl-NM,4.796401513824322
In2Cl2S2-FeOCl-NM,3.250394065393002
In2Cl2Se2-FeOCl-NM,2.0909000780591853
In2I2N2-FeOCl-NM,0.0
In2I2O2-FeOCl-NM,2.3511124965604324
In2I2S2-FeOCl-NM,2.6558808013999657
In2I2Se2-FeOCl-NM,2.2186273716208134
Ir2Br2N2-FeOCl-NM,0.0
Ir2Br2O2-FeOCl-NM,0.8034262275676998
Ir2Br2S2-FeOCl-NM,0.7329564523997207
Ir2Br2Se2-FeOCl-NM,0.2451651941826012
Ir2Cl2N2-FeOCl-NM,0.0
Ir2Cl2O2-FeOCl-NM,1.005189203446553
Ir2Cl2S2-FeOCl-NM,0.7429535833050616
Ir2Cl2Se2-FeOCl-NM,0.24229941305779867
Ir2I2N2-FeOCl-NM,0.0
Ir2I2O2-FeOCl-NM,0.260842395658639
Ir2I2S2-FeOCl-NM,0.5067566881925395
Ir2I2Se2-FeOCl-NM,0.09539040238673002
Mo2Br2N2-FeOCl-NM,0.0
Mo2Br2O2-FeOCl-NM,0.0
Mo2Br2S2-FeOCl-NM,0.0
Mo2Br2Se2-FeOCl-NM,0.0
Mo2Cl2N2-FeOCl-NM,0.0
Mo2Cl2O2-FeOCl-NM,0.0
Mo2I2N2-FeOCl-NM,0.0
Mo2I2O2-FeOCl-NM,0.0
Mo2I2Se2-FeOCl-NM,0.0
Nb2Br2N2-FeOCl-NM,0.0
Nb2Br2O2-FeOCl-NM,0.0
Nb2Br2S2-FeOCl-NM,0.0
Nb2Br2Se2-FeOCl-NM,0.0
Nb2Cl2N2-FeOCl-NM,0.0
Nb2Cl2O2-FeOCl-NM,0.0
Nb2Cl2S2-FeOCl-NM,0.0
Nb2Cl2Se2-FeOCl-NM,0.0
Nb2I2N2-FeOCl-NM,0.0
Nb2I2O2-FeOCl-NM,0.0
Nb2I2S2-FeOCl-NM,0.0
Nb2I2Se2-FeOCl-NM,0.0
Ni2Br2S2-FeOCl-NM,0.0
Ni2Br2Se2-FeOCl-NM,0.0
Ni2Cl2N2-FeOCl-NM,0.0
Ni2Cl2S2-FeOCl-NM,0.0
Ni2I2N2-FeOCl-NM,0.0
Ni2I2S2-FeOCl-NM,0.0
Ni2I2Se2-FeOCl-NM,0.0
Ni2Br2N2-FeOCl-NM,0.0
Ni2Cl2Se2-FeOCl-NM,0.0
Os2Br2N2-FeOCl-NM,0.0
Os2Br2O2-FeOCl-NM,0.0
Os2Br2S2-FeOCl-NM,0.0
Os2Br2Se2-FeOCl-NM,0.0
Os2Cl2N2-FeOCl-NM,0.0
Os2Cl2O2-FeOCl-NM,0.0
Os2Cl2S2-FeOCl-NM,0.0
Os2Cl2Se2-FeOCl-NM,0.0
Os2I2O2-FeOCl-NM,0.0
Os2I2S2-FeOCl-NM,0.0
Os2I2Se2-FeOCl-NM,0.0
Pb2Br2N2-FeOCl-NM,0.0
Pb2Br2O2-FeOCl-NM,0.0
Pb2Br2S2-FeOCl-NM,0.0
Pb2Cl2N2-FeOCl-NM,0.0
Pb2Cl2O2-FeOCl-NM,0.0
Pb2Cl2S2-FeOCl-NM,0.0
Pb2Cl2Se2-FeOCl-NM,0.0
Pb2I2N2-FeOCl-NM,0.13209995227401494
Pb2I2O2-FeOCl-NM,0.0
Pb2I2S2-FeOCl-NM,0.0
Pb2I2Se2-FeOCl-NM,0.0
Pb2Br2Se2-FeOCl-NM,0.0
Pd2Br2N2-FeOCl-NM,0.0
Pd2Br2O2-FeOCl-NM,0.0
Pd2Br2S2-FeOCl-NM,0.0
Pd2Cl2N2-FeOCl-NM,0.0
Pd2Cl2O2-FeOCl-NM,0.0
Pd2Cl2S2-FeOCl-NM,0.0
Pd2Cl2Se2-FeOCl-NM,0.0
Pd2I2N2-FeOCl-NM,0.0
Pd2I2O2-FeOCl-NM,0.0
Pd2I2S2-FeOCl-NM,0.0
Pd2I2Se2-FeOCl-NM,0.0
Pt2Br2N2-FeOCl-NM,0.28244970285763404
Pt2Br2O2-FeOCl-NM,0.0
Pt2Br2S2-FeOCl-NM,0.0
Pt2Br2Se2-FeOCl-NM,0.0
Pt2Cl2N2-FeOCl-NM,0.5908137800362874
Pt2Cl2O2-FeOCl-NM,0.0
Pt2Cl2S2-FeOCl-NM,0.0
Pt2Cl2Se2-FeOCl-NM,0.0
Pt2I2N2-FeOCl-NM,0.0
Pt2I2O2-FeOCl-NM,0.0
Pt2I2S2-FeOCl-NM,0.0
Pt2I2Se2-FeOCl-NM,0.0
Rh2Br2N2-FeOCl-NM,0.0
Rh2Br2O2-FeOCl-NM,0.3459950066167772
Rh2Br2S2-FeOCl-NM,0.22886897570517384
Rh2Br2Se2-FeOCl-NM,0.0
Rh2Cl2N2-FeOCl-NM,0.0
Rh2Cl2O2-FeOCl-NM,0.5669637928556188
Rh2Cl2Se2-FeOCl-NM,0.0
Rh2I2N2-FeOCl-NM,0.0
Rh2I2O2-FeOCl-NM,0.0
Rh2I2S2-FeOCl-NM,0.021990143370853366
Rh2I2Se2-FeOCl-NM,0.0
Rh2Cl2S2-FeOCl-NM,0.21330792433115153
Ru2Br2N2-FeOCl-NM,0.0
Ru2Br2O2-FeOCl-NM,0.0
Ru2Br2S2-FeOCl-NM,0.0
Ru2Br2Se2-FeOCl-NM,0.0
Ru2Cl2N2-FeOCl-NM,0.0
Ru2Cl2O2-FeOCl-NM,0.0
Ru2Cl2S2-FeOCl-NM,0.0
Ru2Cl2Se2-FeOCl-NM,0.0
Ru2I2S2-FeOCl-NM,0.0
Ru2I2Se2-FeOCl-NM,0.0
Ru2I2N2-FeOCl-NM,0.0
Sc2Br2N2-FeOCl-NM,0.0
Sc2Br2O2-FeOCl-NM,5.780388669851492
Sc2Br2S2-FeOCl-NM,3.8976181725696972
Sc2Br2Se2-FeOCl-NM,2.950319907745163
Sc2Cl2N2-FeOCl-NM,0.0
Sc2Cl2O2-FeOCl-NM,7.373903742208093
Sc2Cl2S2-FeOCl-NM,3.8599797737115855
Sc2Cl2Se2-FeOCl-NM,2.793259516453709
Sc2I2N2-FeOCl-NM,0.0
Sc2I2O2-FeOCl-NM,3.5424533520199093
Sc2I2S2-FeOCl-NM,3.1896181948504134
Sc2I2Se2-FeOCl-NM,2.7711530849249386
Sn2Br2N2-FeOCl-NM,2.534589686139086
Sn2Br2O2-FeOCl-NM,0.0
Sn2Br2S2-FeOCl-NM,0.0
Sn2Br2Se2-FeOCl-NM,0.0
Sn2Cl2N2-FeOCl-NM,2.6655354028066576
Sn2Cl2O2-FeOCl-NM,0.0
Sn2Cl2S2-FeOCl-NM,0.0
Sn2Cl2Se2-FeOCl-NM,0.0
Sn2I2N2-FeOCl-NM,1.978719484910206
Sn2I2O2-FeOCl-NM,0.0
Sn2I2S2-FeOCl-NM,0.0
Sn2I2Se2-FeOCl-NM,0.0
Ta2Br2O2-FeOCl-NM,0.0
Ta2Br2S2-FeOCl-NM,0.0
Ta2Br2Se2-FeOCl-NM,0.0
Ta2Cl2N2-FeOCl-NM,0.0
Ta2Cl2O2-FeOCl-NM,0.0
Ta2Cl2S2-FeOCl-NM,0.0
Ta2Cl2Se2-FeOCl-NM,0.0
Ta2I2N2-FeOCl-NM,0.0
Ta2I2O2-FeOCl-NM,0.0
Ta2I2S2-FeOCl-NM,0.0
Ta2I2Se2-FeOCl-NM,0.0
Ta2Br2N2-FeOCl-NM,0.0
Ti2Br2N2-FeOCl-NM,1.656534653508304
Ti2Br2O2-FeOCl-NM,0.0
Ti2Br2S2-FeOCl-NM,0.0
Ti2Cl2N2-FeOCl-NM,1.6659970375460271
Ti2I2N2-FeOCl-NM,0.2581658408576333
Ti2I2O2-FeOCl-NM,0.0
Ti2I2S2-FeOCl-NM,0.0
Tl2Br2N2-FeOCl-NM,0.0
Tl2Br2O2-FeOCl-NM,2.0366386113570023
Tl2Cl2N2-FeOCl-NM,0.0
Tl2Cl2O2-FeOCl-NM,2.18639767015758
Tl2I2N2-FeOCl-NM,0.0
Tl2I2O2-FeOCl-NM,0.8389891543029115
Tl2I2S2-FeOCl-NM,0.7471496752784001
V2Br2N2-FeOCl-NM,0.0
V2Cl2N2-FeOCl-NM,0.0
W2Br2N2-FeOCl-NM,0.0
W2Br2O2-FeOCl-NM,0.0
W2Br2Se2-FeOCl-NM,0.0
W2Cl2N2-FeOCl-NM,0.0
W2Cl2O2-FeOCl-NM,0.0
W2Cl2S2-FeOCl-NM,0.0
W2Cl2Se2-FeOCl-NM,0.0
W2I2N2-FeOCl-NM,0.0
W2I2O2-FeOCl-NM,0.0
W2I2Se2-FeOCl-NM,0.0
Zr2Br2N2-FeOCl-NM,3.509807780719326
Zr2Br2O2-FeOCl-NM,0.0
Zr2Br2S2-FeOCl-NM,0.0
Zr2Br2Se2-FeOCl-NM,0.0
Zr2Cl2N2-FeOCl-NM,3.5411894178020233
Zr2Cl2O2-FeOCl-NM,0.0
Zr2Cl2Se2-FeOCl-NM,0.0
Zr2I2N2-FeOCl-NM,2.527085167413278
Zr2I2O2-FeOCl-NM,0.0
Zr2I2S2-FeOCl-NM,0.0
Zr2I2Se2-FeOCl-NM,0.0
Zr2Cl2S2-FeOCl-NM,0.0
Al2O2-GaS-NM,2.3001107989851137
Al2S2-GaS-NM,3.6951771194954635
Al2Se2-GaS-NM,3.445817018961551
Al2Te2-GaS-NM,2.965998855245926
Au2O2-GaS-NM,0.0
Au2S2-GaS-NM,0.0
Au2Se2-GaS-NM,0.0
Au2Te2-GaS-NM,0.0896067761930891
Bi2O2-GaS-NM,1.1853113828466353
Bi2S2-GaS-NM,0.5287617197948951
Bi2Se2-GaS-NM,0.22918005574462708
Bi2Te2-GaS-NM,0.0
Co2O2-GaS-NM,0.0
Co2S2-GaS-NM,0.0
Co2Se2-GaS-NM,0.0
Co2Te2-GaS-NM,0.0
Cu2S2-GaS-NM,0.0
Cu2Se2-GaS-NM,0.0
Cu2Te2-GaS-NM,0.04067820699236424
Fe2O2-GaS-NM,0.0
Fe2S2-GaS-NM,0.0
Fe2Se2-GaS-NM,0.0
Ga2O2-GaS-NM,2.9689984949259514
Ga2S2-GaS-NM,3.7465018902686507
Ga2Se2-GaS-NM,2.8955165756324472
Ga2Te2-GaS-NM,2.099283987684817
Hf2O2-GaS-NM,0.0
Hf2S2-GaS-NM,0.0
Hf2Se2-GaS-NM,0.0
Hf2Te2-GaS-NM,0.0
In2O2-GaS-NM,1.1364824541338283
In2S2-GaS-NM,2.9837306389374967
In2Se2-GaS-NM,2.4871840773607685
In2Te2-GaS-NM,2.160956727243227
Ir2O2-GaS-NM,0.22688211509640266
Ir2S2-GaS-NM,0.5561872957314271
Ir2Se2-GaS-NM,0.6396691032307009
Ir2Te2-GaS-NM,0.0
Mo2O2-GaS-NM,0.0
Mo2S2-GaS-NM,0.0
Mo2Se2-GaS-NM,0.0
Mo2Te2-GaS-NM,0.0
Nb2O2-GaS-NM,0.0
Nb2S2-GaS-NM,0.0
Nb2Se2-GaS-NM,0.0
Nb2Te2-GaS-NM,0.0
Ni2S2-GaS-NM,0.0
Ni2Se2-GaS-NM,0.0
Ni2Te2-GaS-NM,0.0
Os2O2-GaS-NM,0.0
Os2S2-GaS-NM,0.0
Os2Se2-GaS-NM,0.0
Os2Te2-GaS-NM,0.0
Pd2O2-GaS-NM,0.0
Pd2S2-GaS-NM,0.0
Pd2Se2-GaS-NM,0.0
Pd2Te2-GaS-NM,0.0
Pt2O2-GaS-NM,0.0
Pt2S2-GaS-NM,0.0
Pt2Se2-GaS-NM,0.0
Pt2Te2-GaS-NM,0.0
Re2O2-GaS-NM,0.08199754501338119
Re2S2-GaS-NM,0.0
Re2Se2-GaS-NM,0.0
Re2Te2-GaS-NM,0.0
Rh2O2-GaS-NM,0.06115495931181014
Rh2S2-GaS-NM,0.0
Rh2Se2-GaS-NM,0.0
Rh2Te2-GaS-NM,0.0
Ru2O2-GaS-NM,0.0
Ru2S2-GaS-NM,0.0
Ru2Se2-GaS-NM,0.0
Ru2Te2-GaS-NM,0.0
Sc2O2-GaS-NM,1.5158439169683502
Sc2S2-GaS-NM,1.166441688913638
Sc2Se2-GaS-NM,1.001402084201093
Sc2Te2-GaS-NM,0.6204009971744123
Ta2O2-GaS-NM,0.0
Ta2S2-GaS-NM,0.0
Ta2Se2-GaS-NM,0.0
Ti2O2-GaS-NM,0.0
Ti2S2-GaS-NM,0.0
Ti2Se2-GaS-NM,0.0
Ti2Te2-GaS-NM,0.31204610723099147
Tl2O2-GaS-NM,0.10768784937101028
Tl2S2-GaS-NM,1.2813000693151353
Tl2Se2-GaS-NM,0.9605775948469568
Tl2Te2-GaS-NM,0.7047013815445364
V2S2-GaS-NM,0.5070209845299869
V2Se2-GaS-NM,0.602889997906908
V2Te2-GaS-NM,0.5612952655787353
W2O2-GaS-NM,0.15590715242005992
W2S2-GaS-NM,0.0
W2Se2-GaS-NM,0.0
W2Te2-GaS-NM,0.01827144117408719
Zr2O2-GaS-NM,0.0
Zr2S2-GaS-NM,0.0
Zr2Se2-GaS-NM,0.0387292852174419
Zr2Te2-GaS-NM,0.7460294152869965
Co2S6-Undefined-NM,0.0
Co2Se6-Undefined-NM,0.0
Fe2Te6-VTe3-NM,0.0
Hf2O6-TiS3-NM,6.021731044582799
Hf2S6-TiS3-NM,2.192679067420225
Hf2Se6-TiS3-NM,0.8563934365394785
Hf2Te6-TiS3-NM,0.0
Ir2S6-Undefined-NM,0.0
Ir2Se6-VTe3-NM,0.0
Ir2Te6-VTe3-NM,0.0
Nb2S6-TiS3-NM,0.0
Os2Se6-VTe3-NM,0.0
W2S6-TiS3-NM,0.0
C2F2-CH-NM,5.07030095511856
C2H2-CH-NM,7.324722277982493
F2Ge2-CH-NM,0.1617191260837929
Ge2H2-CH-NM,1.4810308042266978
F2Si2-CH-NM,1.7029137525138616
H2Si2-CH-NM,3.4348103753159402
CF2Si-CH2Si-NM,3.775414755807828
CH2Si-CH2Si-NM,6.328158860676156
Sn2F2-CH-NM,0.29685690087015804
Sn2H2-CH-NM,0.6222740796146078
Hf4Cl4S4-HfBrS-NM,0.0
Hf4Cl4Se4-HfBrS-NM,0.0
Hf4I4Se4-HfBrS-NM,0.0
Zr4Br4Se4-HfBrS-NM,0.0
Zr4Cl4Se4-HfBrS-NM,0.0
Zr4I4S4-HfBrS-NM,0.0
