Ag2O2-AuSe-NM,0.7245708095618326
Ag2S2-AuSe-NM,1.6995872469448616
Ag2Se2-AuSe-NM,1.3623797898311225
Ag2Te2-AuSe-NM,1.0265188083897416
Au2O2-AuSe-NM,0.5677242239506777
Au2S2-AuSe-NM,2.1886459798626996
Au2Se2-AuSe-NM,1.8398682608698946
Au2Te2-AuSe-NM,1.474376410659871
Co2S2-NiSe-NM,0.0
Co2Se2-NiSe-NM,0.0
Co2Te2-NiSe-NM,0.0
Cu2O2-AuSe-NM,0.28857221867920746
Cu2S2-AuSe-NM,1.0871891431599856
Cu2Se2-AuSe-NM,0.8850779321704345
Cu2Te2-NiSe-NM,0.0
Hf2O2-AuSe-NM,0.0
Hf2S2-AuSe-NM,0.0
Hf2Se2-NiSe-NM,0.0
Hf2Te2-NiSe-NM,0.0
Ir2O2-AuSe-NM,0.0
Ir2S2-NiSe-NM,0.0
Ir2Se2-AuSe-NM,0.0
Ir2Te2-NiSe-NM,0.0
Mo2O2-RhO-NM,0.0
Mo2S2-Undefined-NM,0.0
Mo2Se2-Undefined-NM,0.0
Mo2Te2-Undefined-NM,0.0
Nb2O2-RhO-NM,0.0
Nb2S2-NiSe-NM,0.0
Nb2Se2-NiSe-NM,0.0
Nb2Te2-NiSe-NM,0.0
Ni2O2-AuSe-NM,0.0
Os2O2-RhO-NM,0.0
Os2S2-RhO-NM,0.0
Os2Se2-RhO-NM,0.0
Os2Te2-Undefined-NM,0.0
Pb2O2-Undefined-NM,0.9729301589935604
Pb2Se2-RhO-NM,0.0
Pb2Te2-AuSe-NM,0.0
Pt2O2-AuSe-NM,0.0
Pt2S2-AuSe-NM,0.0
Pt2Se2-NiSe-NM,0.0
Pt2Te2-NiSe-NM,0.0
Re2O2-RhO-NM,0.0
Re2S2-RhO-NM,0.0
Re2Se2-RhO-NM,0.0
Re2Te2-Undefined-NM,0.0
Rh2O2-RhO-NM,0.0
Rh2S2-AuSe-NM,0.0
Rh2Se2-AuSe-NM,0.0
Rh2Te2-NiSe-NM,0.0
Ru2O2-RhO-NM,0.0
Ru2S2-RhO-NM,0.0
Ru2Se2-RhO-NM,0.0
Ru2Te2-Undefined-NM,0.0
Sc2O2-AuSe-NM,0.0
Sc2S2-AuSe-NM,0.0
Sc2Se2-NiSe-NM,0.0
Sc2Te2-NiSe-NM,0.0
Ta2O2-RhO-NM,0.0
Ta2S2-NiSe-NM,0.0
Ta2Se2-NiSe-NM,0.0
Ta2Te2-NiSe-NM,0.0
Ti2O2-AuSe-NM,0.0
Ti2S2-NiSe-NM,0.0
Ti2Se2-NiSe-NM,0.0
Ti2Te2-NiSe-NM,0.0
W2O2-AuSe-NM,0.0
W2S2-AuSe-NM,0.0
W2Se2-NiSe-NM,0.0
W2Te2-NiSe-NM,0.0
Zr2O2-AuSe-NM,0.0
Zr2S2-NiSe-NM,0.0
Zr2Se2-NiSe-NM,0.0
Zr2Te2-NiSe-NM,0.0
AlAs-BN-NM,3.0045920252580207
AlN-BN-NM,6.050697682900916
AlSb-GeSe-NM,2.8119790177310096
AsB-BN-NM,1.3843630393493693
BN-BN-NM,7.899889863319241
BP-BN-NM,1.5892943647034443
BSb-BN-NM,0.46071951691884605
GaAs-GeSe-NM,2.0277182546059924
GaN-BN-NM,3.872918724126322
GaP-GeSe-NM,3.0115609628656106
GeO-GeSe-NM,3.434473563960023
GeS-GeSe-NM,4.164674072942617
GeSe-GeSe-NM,3.8109716170788466
GeTe-GeSe-NM,2.8311276335550835
HgO-BN-NM,0.0
HgS-BN-NM,0.44295428363727396
HgSe-GeSe-NM,0.1894120070647558
HgTe-GeSe-NM,0.27369235916574874
InAs-GeSe-NM,1.526204679166519
InN-BN-NM,1.5714828418429119
InP-GeSe-NM,2.3130386904397113
InSb-GeSe-NM,1.3080500708532905
PbO-GeSe-NM,3.971223435715757
PbS-GeSe-NM,3.860213536743151
PbSe-GeSe-NM,3.47833225645246
PbTe-GeSe-NM,2.8839236265377264
SnO-GeSe-NM,2.821799565453603
SnS-GeSe-NM,3.9637476510880862
SnSe-GeSe-NM,3.7946099056057863
SnTe-GeSe-NM,3.1127999054223547
AsBrS-BiTeI-NM,2.471453953411854
AsClS-BiTeI-NM,2.644336094918467
AsBrSe-BiTeI-NM,2.1966569679843997
AsClSe-BiTeI-NM,2.461215753955567
AsISe-BiTeI-NM,2.189510225510786
AsIS-BiTeI-NM,2.62174315072675
AsBrTe-BiTeI-NM,2.317509486930101
AsClTe-BiTeI-NM,2.7289507025214372
AsITe-BiTeI-NM,2.0202077756476884
BiBrS-BiTeI-NM,3.2401559040544408
BiClS-BiTeI-NM,3.3101907739757372
BiBrSe-BiTeI-NM,2.8471589999169504
BiClSe-BiTeI-NM,2.983953719340473
BiISe-BiTeI-NM,2.882407122918049
BiIS-BiTeI-NM,3.3812850588414847
BiBrTe-BiTeI-NM,2.7549485838126975
BiClTe-BiTeI-NM,3.0022565126608916
BiITe-BiTeI-NM,2.572791427558567
BrSSb-BiTeI-NM,2.4716827277034037
ClSSb-BiTeI-NM,2.586597627445466
BrSbSe-BiTeI-NM,2.173685747177223
ClSbSe-BiTeI-NM,2.3792516065629177
ISbSe-BiTeI-NM,2.2052452362405925
ISSb-BiTeI-NM,2.650176881202017
BrSbTe-BiTeI-NM,2.264136490661798
ClSbTe-BiTeI-NM,2.606124700175911
ISbTe-BiTeI-NM,1.9758856758728547
BiWSb-BiTeI-NM,0.0
WBrI-BiTeI-NM,0.0
WSeTe-BiTeI-NM,0.12038982757591427
WSSe-BiTeI-NM,0.0
BiZrAs-BiTeI-NM,0.0
ZrAsSb-BiTeI-NM,0.0
ZrBrCl-BiTeI-NM,0.0
ZrBrI-BiTeI-NM,0.0
ZrSeTe-BiTeI-NM,0.11314270330293463
ZrSSe-BiTeI-NM,1.646842142885213
ZrSTe-BiTeI-NM,0.1858073453568032
BiCrAs-BiTeI-NM,0.10945743886020964
CrAsSb-BiTeI-NM,0.0
CrSeTe-BiTeI-NM,0.08631973110849622
CrSSe-BiTeI-NM,0.0
CrSTe-BiTeI-NM,0.0
BiHfAs-BiTeI-NM,0.0
HfAsSb-BiTeI-NM,0.0
BiHfSb-BiTeI-NM,0.0
HfBrCl-BiTeI-NM,0.0
HfBrI-BiTeI-NM,0.0
HfClI-BiTeI-NM,0.0
HfSeTe-BiTeI-NM,0.25282741792484287
HfSSe-BiTeI-NM,1.7282837561848
HfSTe-BiTeI-NM,0.23113477334941868
BiMoAs-BiTeI-NM,0.0
MoAsSb-BiTeI-NM,0.0
BiMoSb-BiTeI-NM,0.0
MoBrCl-BiTeI-NM,0.0
MoBrI-BiTeI-NM,0.35956781384229974
MoClI-BiTeI-NM,0.3726276665571693
MoSeTe-BiTeI-NM,0.20856784969251835
MoSSe-BiTeI-NM,0.0
MoSTe-BiTeI-NM,0.40798501579542135
BiNbAs-BiTeI-NM,0.0
NbAsSb-BiTeI-NM,0.0
BiNbSb-BiTeI-NM,0.0
NbBrCl-BiTeI-NM,0.0
NbBrI-BiTeI-NM,0.0
NbClI-BiTeI-NM,0.0
NbSeTe-BiTeI-NM,0.0
NbSSe-BiTeI-NM,0.0
NbSTe-BiTeI-NM,0.0
BiTaAs-BiTeI-NM,0.0
TaAsSb-BiTeI-NM,0.0
BiTaSb-BiTeI-NM,0.0
TaBrCl-BiTeI-NM,0.0
TaBrI-BiTeI-NM,0.0
TaClI-BiTeI-NM,0.0
TaSeTe-BiTeI-NM,0.0
TaSSe-BiTeI-NM,0.0
TaSTe-BiTeI-NM,0.0
BiTiAs-BiTeI-NM,0.0
TiAsSb-BiTeI-NM,0.0
BiTiSb-BiTeI-NM,0.0
TiBrCl-BiTeI-NM,0.0
TiSeTe-BiTeI-NM,0.0
TiSSe-BiTeI-NM,0.0
TiSTe-BiTeI-NM,0.0
BiVAs-BiTeI-NM,0.0
VAsSb-BiTeI-NM,0.0
BiVSb-BiTeI-NM,0.0
VSSe-BiTeI-NM,0.0
BiWAs-BiTeI-NM,0.0
WAsSb-BiTeI-NM,0.0
WBrCl-BiTeI-NM,0.0
WClI-BiTeI-NM,0.0
WSTe-BiTeI-NM,0.3880257925465843
BiZrSb-BiTeI-NM,0.0
ZrClI-BiTeI-NM,0.0
As2-C-NM,2.4904477199138277
C2-C-NM,0.0007700346285517412
Ge2-C-NM,0.0005723684956207009
Si2-C-NM,0.00027937046690196254
Sn2-C-NM,0.000372558698005232
As2C6-C3N-NM,0.0
As2Ge6-C3N-NM,0.0
As2Si6-C3N-NM,0.0
Bi2C6-C3N-NM,0.0
Bi2Ge6-C3N-NM,0.0
Bi2Si6-C3N-NM,0.0
Bi2Sn6-C3N-NM,0.0
C6N2-C3N-NM,1.0013750376504782
C6P2-C3N-NM,0.0
C6Sb2-C3N-NM,0.0
Ge6N2-C3N-NM,0.0
Ge6P2-C3N-NM,0.0
Ge6Sb2-C3N-NM,0.0
N2Si6-C3N-NM,0.0
P2Si6-C3N-NM,0.0
Sb2Si6-C3N-NM,0.0
Sn6As2-C3N-NM,0.0
Sn6N2-C3N-NM,0.0
Sn6P2-C3N-NM,0.0
Sn6Sb2-C3N-NM,0.0
Sc2S2-CH-NM,0.0
Sc2Se2-CH-NM,0.0
Ti2S2-CH-NM,0.08339119686664098
Ti2F2-CH-NM,0.0
V2S2-CH-NM,0.0
V2F2-CH-NM,0.0
Cr2F2-CH-NM,0.0
Co2S2-CH-NM,0.0
Co2Se2-CH-NM,0.0
Co2Te2-CH-NM,0.0
Ni2S2-CH-NM,0.0
Ni2Se2-CH-NM,0.0
Ni2Te2-CH-NM,0.0
Cu2S2-CH-NM,0.0
Cu2Se2-CH-NM,0.0
Cu2Te2-CH-NM,0.0
Cu2F2-CH-NM,0.0
Cu2Cl2-CH-NM,3.708082721058949
Cu2Br2-CH-NM,3.684671232214036
Cu2I2-CH-NM,3.9325007333485793
Zn2S2-CH-NM,3.968291065069301
Zn2Se2-CH-NM,2.723215308952078
Zn2Te2-CH-NM,1.3182315345993985
Zn2F2-CH-NM,0.0
Zn2Cl2-CH-NM,0.0
Zn2Br2-CH-NM,0.0
Ga2Te2-CH-NM,0.0
Br2Ge2-CH-NM,0.0
Ge2I2-CH-NM,0.0
Zr2S2-CH-NM,0.11298039438694008
Zr2Se2-CH-NM,0.1224030949137973
Zr2Te2-CH-NM,0.11155733625214731
Zr2F2-CH-NM,0.0
Zr2Cl2-CH-NM,0.006112239244584261
Zr2Br2-CH-NM,0.006015531044014755
Zr2I2-CH-NM,0.0
Nb2S2-CH-NM,0.0
Nb2Se2-CH-NM,0.0
Nb2Te2-CH-NM,0.0
Nb2I2-ISb-NM,0.0
Mo2S2-CH-NM,0.0
Mo2Se2-CH-NM,0.0
Mo2Te2-CH-NM,0.0
Mo2F2-CH-NM,0.0
Mo2Cl2-CH-NM,0.0
Mo2Br2-CH-NM,0.0
Ru2S2-CH-NM,0.0
Ru2Se2-CH-NM,0.0
Ru2Te2-CH-NM,0.0
Ru2F2-GaSe-NM,0.0
Ru2Cl2-CH-NM,0.0
Rh2S2-CH-NM,0.0
Rh2Se2-CH-NM,0.0
Rh2Te2-CH-NM,0.0
Rh2I2-CH-NM,0.0
Pd2S2-CH-NM,0.0
Pd2Se2-CH-NM,0.0
Pd2Te2-CH-NM,0.0
Pd2F2-GaSe-NM,1.5997712356368048
Pd2Cl2-CH-NM,0.0
Pd2Br2-CH-NM,0.0
Pd2I2-CH-NM,0.0
Ag2Se2-CH-NM,1.9853161542946363
Ag2Te2-CH-NM,0.0
Ag2F2-Undefined-NM,1.6551037814555176
Ag2Cl2-CH-NM,3.6910743031482225
Ag2Br2-CH-NM,3.594047003863214
Ag2I2-CH-NM,3.636501775971846
Cd2S2-CH-NM,3.3489945420812277
Cd2Se2-CH-NM,2.5922398487239544
Cd2Te2-CH-NM,1.5902351496879406
Cd2F2-CH-NM,0.0
Cd2Cl2-CH-NM,0.0
Cd2Br2-CH-NM,0.0
In2S2-CH-NM,0.0
In2Te2-CH-NM,0.9561342440162564
In2I2-CH-NM,1.7968273569454434
Sn2Cl2-CH-NM,0.0
Sn2Br2-CH-NM,0.0
Sn2I2-CH-NM,0.0
S2Sb2-CH-NM,0.7195875407960137
Sb2Se2-CH-NM,0.5066125199819012
Sb2Te2-CH-NM,0.0
F2Sb2-Undefined-NM,0.0
Cl2Sb2-CH-NM,0.011235634099390435
Br2Sb2-CH-NM,0.007058572597296031
I2Sb2-ISb-NM,0.5385133458818852
Hf2S2-CH-NM,0.17244940669347375
Hf2Se2-CH-NM,0.13742362851618678
Hf2Te2-CH-NM,0.0
Hf2F2-CH-NM,0.0
Hf2Cl2-CH-NM,0.0
Hf2Br2-CH-NM,0.0
Hf2I2-CH-NM,0.0
Ta2S2-CH-NM,0.0
Ta2Se2-CH-NM,0.0
Ta2Te2-CH-NM,0.0
Ta2I2-CH-NM,0.0
W2S2-CH-NM,0.0
W2Se2-CH-NM,0.0
W2F2-CH-NM,0.0
W2Cl2-CH-NM,0.0
Re2S2-CH-NM,0.0004326178095185179
Re2Cl2-CH-NM,0.0
Os2S2-CH-NM,0.0
Os2F2-CH-NM,0.0
Ir2S2-CH-NM,0.0
Ir2Se2-CH-NM,0.0
Ir2Te2-CH-NM,0.0
Ir2F2-Undefined-NM,0.0
Ir2Cl2-ISb-NM,0.0
Pt2S2-CH-NM,0.0
Pt2Se2-CH-NM,0.0
Pt2Te2-CH-NM,0.0
Pt2Cl2-GaSe-NM,2.251315687861651
Au2Se2-CH-NM,0.0
Au2Te2-CH-NM,0.0
Au2Br2-CH-NM,1.5202246816480547
Au2I2-CH-NM,2.1323907836034084
Hg2Se2-CH-NM,0.0
Hg2Te2-CH-NM,0.0
Hg2F2-CH-NM,0.0
Hg2Cl2-CH-NM,0.0017684093285019742
Hg2Br2-CH-NM,0.00637363647160516
Hg2I2-GaSe-NM,2.296804279854195
Tl2Se2-CH-NM,1.9672789430656015
Tl2Te2-CH-NM,1.6635278055993143
Tl2Cl2-CH-NM,7.06351253473164
Tl2Br2-ISb-NM,6.352238826381013
Tl2I2-CH-NM,5.644049062352588
Pb2Te2-CH-NM,2.478754129765636
Pb2F2-CH-NM,0.27758901099080546
Pb2Cl2-CH-NM,0.8388801416563763
Pb2Br2-CH-NM,0.8221474175415581
Pb2I2-ISb-NM,0.0
Bi2S2-CH-NM,1.2058882410013125
Bi2Se2-CH-NM,0.9344282010787384
Bi2Te2-CH-NM,0.28686737464225687
Bi2F2-CH-NM,0.0
Bi2Cl2-CH-NM,0.014785425047970868
Bi2Br2-CH-NM,0.009184774427279496
Bi2I2-CH-NM,0.004695726729633254
Co2Se2-FeSe-NM,0.0
Co2Te2-FeSe-NM,0.0
Fe2S2-FeSe-NM,0.0
Hf2O2-FeSe-NM,0.0
Hf2S2-FeSe-NM,0.0
Hf2Se2-FeSe-NM,0.0
Hf2Te2-FeSe-NM,0.0
Ir2O2-FeSe-NM,0.0
Ir2S2-FeSe-NM,0.0
Ir2Se2-FeSe-NM,0.0
Ir2Te2-FeSe-NM,0.0
Mo2O2-FeSe-NM,0.0
Mo2S2-FeSe-NM,0.0
Mo2Se2-FeSe-NM,0.0
Mo2Te2-FeSe-NM,0.0
Nb2O2-FeSe-NM,0.0
Nb2S2-FeSe-NM,0.0
Nb2Se2-FeSe-NM,0.0
Nb2Te2-FeSe-NM,0.0
Ni2S2-FeSe-NM,0.0
Ni2Se2-FeSe-NM,0.0
Ni2Te2-FeSe-NM,0.0
Os2O2-FeSe-NM,0.0
Os2S2-FeSe-NM,0.0
Os2Se2-FeSe-NM,0.0
Os2Te2-FeSe-NM,0.0
Pb2O2-FeSe-NM,2.143615071442995
Pb2S2-FeSe-NM,1.631682984041637
Pb2Se2-FeSe-NM,1.2852723283031668
Pb2Te2-FeSe-NM,0.9154477092158637
Pt2O2-FeSe-NM,1.0361782379314999
Pt2S2-FeSe-NM,0.0
Pt2Se2-FeSe-NM,0.0
Pt2Te2-FeSe-NM,0.0
Re2O2-FeSe-NM,0.0
Re2S2-FeSe-NM,0.0
Re2Se2-FeSe-NM,0.0
Re2Te2-FeSe-NM,0.0
Rh2O2-FeSe-NM,0.0
Rh2S2-FeSe-NM,0.0
Rh2Se2-FeSe-NM,0.0
Rh2Te2-FeSe-NM,0.0
Ru2O2-FeSe-NM,0.0
Ru2S2-FeSe-NM,0.0
Ru2Se2-FeSe-NM,0.0
Ru2Te2-FeSe-NM,0.0
Sc2O2-FeSe-NM,0.0
Sc2S2-FeSe-NM,0.0
Sc2Se2-FeSe-NM,0.0
Sc2Te2-FeSe-NM,0.0
Ta2O2-FeSe-NM,0.0
Ta2S2-FeSe-NM,0.0
Ta2Se2-FeSe-NM,0.0
Ta2Te2-FeSe-NM,0.0
Ti2S2-FeSe-NM,0.0
Ti2Se2-FeSe-NM,0.0
Ti2Te2-FeSe-NM,0.0
V2O2-FeSe-NM,0.0
W2O2-FeSe-NM,0.0
W2S2-FeSe-NM,0.0
W2Se2-FeSe-NM,0.0
W2Te2-FeSe-NM,0.0
Zr2O2-FeSe-NM,0.0
Zr2S2-FeSe-NM,0.0
Zr2Se2-FeSe-NM,0.0
Zr2Te2-FeSe-NM,0.0
Ca2F2-PbSe-NM,0.0
Ti2I2-FeSe-NM,0.0
V2Cl2-FeSe-NM,0.0
V2I2-FeSe-NM,0.024861984536726833
Ca2Cl2-FeSe-NM,0.0
Ti2Cl2-FeSe-NM,0.0
V2Br2-FeSe-NM,0.0
Ti2Br2-FeSe-NM,0.0
Cu2F2-FeSe-NM,0.7536607326391804
Cu2Cl2-FeSe-NM,3.8477447893534213
Cu2Br2-FeSe-NM,3.7092557488924416
Cu2I2-FeSe-NM,4.185452326519387
Ga2Cl2-FeSe-NM,4.127311170355289
Ga2I2-FeSe-NM,3.1698390011676447
Sr2F2-PbSe-NM,0.0
Sr2Br2-FeSe-NM,0.0
Zr2F2-FeSe-NM,0.0
Zr2Cl2-FeSe-NM,0.0
Zr2Br2-FeSe-NM,0.0
Zr2I2-FeSe-NM,0.0
Ru2F2-FeSe-NM,0.0
Pd2Cl2-FeSe-NM,0.0
Pd2Br2-FeSe-NM,0.0
Ag2F2-FeSe-NM,2.782526501391051
Ag2Cl2-FeSe-NM,4.2159524124618475
Ag2Br2-FeSe-NM,3.776864712826561
Ag2I2-FeSe-NM,3.8471323393450945
Cd2F2-FeSe-NM,0.0
In2Cl2-FeSe-NM,4.08630958385612
In2I2-FeSe-NM,3.3245812237426264
Sn2Br2-FeSe-NM,0.0
Cs2F2-FeSe-NM,11.285029361655896
Ba2Cl2-FeSe-NM,0.0
Ba2Br2-FeSe-NM,0.0
Hf2Cl2-FeSe-NM,0.0
Hf2Br2-FeSe-NM,0.0
Hf2I2-FeSe-NM,0.0
Ta2F2-FeSe-NM,0.0
Au2Cl2-FeSe-NM,1.3030872048462037
Au2Br2-FeSe-NM,1.788575599210911
Au2I2-FeSe-NM,1.9914908898521764
Hg2Br2-FeSe-NM,0.0
Tl2Br2-FeSe-NM,5.139032520543372
Tl2I2-FeSe-NM,4.569432321697107
Ag2Te2-GaSe-NM,0.0
Al2S2-GaSe-NM,3.753841875761571
Al2Se2-GaSe-NM,3.6192743744356792
Al2Te2-GaSe-NM,3.4723738898388024
Au2S2-GaSe-NM,0.0
Au2Se2-GaSe-NM,0.0
Au2Te2-GaSe-NM,0.0
Bi2S2-GaSe-NM,0.0
Bi2Se2-GaSe-NM,1.42821327247986
Bi2Te2-GaSe-NM,1.288483390046774
Co2S2-GaSe-NM,0.0
Co2Se2-GaSe-NM,0.0
Cu2Se2-GaSe-NM,0.0
Cu2Te2-GaSe-NM,0.0
Fe2S2-GaSe-NM,0.0
Fe2Se2-GaSe-NM,0.0
Ga2S2-GaSe-NM,3.56127183492038
Ga2Se2-GaSe-NM,2.7469260133039763
Ga2Te2-GaSe-NM,2.183087280022667
Hf2S2-GaSe-NM,0.0
Hf2Te2-GaSe-NM,0.0
In2S2-GaSe-NM,2.886987365311885
In2Se2-GaSe-NM,2.3905642586380766
In2Te2-GaSe-NM,2.1589114157673652
Ir2S2-GaSe-NM,0.0
Ir2Se2-GaSe-NM,0.001805060786322532
Ir2Te2-GaSe-NM,0.0
Mo2Se2-CH-NM-2,0.0
Nb2S2-GaSe-NM,0.0
Nb2Se2-GaSe-NM,0.0
Nb2Te2-GaSe-NM,0.0
Ni2S2-GaSe-NM,0.0
Ni2Se2-GaSe-NM,0.0
Ni2Te2-GaSe-NM,0.0
Os2S2-GaSe-NM,0.0
Pd2S2-GaSe-NM,0.0
Pd2Se2-GaSe-NM,0.0
Pd2Te2-GaSe-NM,0.0
Pt2S2-GaSe-NM,0.0
Pt2Se2-GaSe-NM,0.0
Pt2Te2-GaSe-NM,0.0
Rh2S2-GaSe-NM,0.0
Rh2Se2-GaSe-NM,0.0
Rh2Te2-GaSe-NM,0.0
Ru2S2-GaSe-NM,0.0
Ru2Se2-GaSe-NM,0.0
S2Sb2-GaSe-NM,0.0
Sb2Se2-GaSe-NM,1.1815894396685174
Sc2S2-GaSe-NM,0.0010401527942938138
Sc2Se2-GaSe-NM,0.0006259551261773577
Sc2Te2-GaSe-NM,0.0009881525454789042
Ta2S2-GaSe-NM,0.0
Ta2Se2-GaSe-NM,0.0
Ti2S2-GaSe-NM,0.0
Tl2S2-GaSe-NM,1.2140295589494285
Tl2Se2-GaSe-NM,0.9273802744839128
Tl2Te2-GaSe-NM,0.7626548935153723
W2S2-GaSe-NM,0.0
W2Se2-CH-NM-2,0.0
W2Te2-GaSe-NM,0.0
Zr2S2-GaSe-NM,0.0
Zr2Se2-GaSe-NM,0.0
Zr2Te2-GaSe-NM,0.3194388908462718
FeO2-GeS2-NM,0.0
FeS2-GeS2-NM,0.0
FeF2-GeS2-NM,0.0
NiSe2-GeS2-NM,0.0
NiTe2-GeS2-NM,0.0
NiCl2-GeS2-NM,0.0
CuTe2-GeS2-NM,0.0
CuF2-GeS2-NM,0.0
CuBr2-GeS2-NM,3.9453963905568328
CuI2-GeS2-NM,3.293752948435883
ZnS2-GeS2-NM,1.6048821698224582
ZnSe2-GeS2-NM,0.0
ZnF2-GeS2-NM,8.405439424622102
ZnCl2-GeS2-NM,7.139965530639328
ZnI2-GeS2-NM,4.371267397803775
GaSe2-GeS2-NM,1.6102984450050344
GeS2-GeS2-NM,2.6932445941292342
GeSe2-GeS2-NM,1.4801420895704571
Cl2Ge-GeS2-NM,2.653390189770035
GeI2-GeS2-NM,2.2970869094692103
RbTe2-GeS2-NM,0.0
RbI2-Undefined-NM,2.6642712824291697
GaTe2-GeS2-NM,0.30805999041933374
GeO2-GeS2-NM,5.832214980362782
GeTe2-GeS2-NM,0.27596503453795007
F2Ge-GeS2-NM,3.4680262754580737
Br2Ge-GeS2-NM,2.5956465925843943
RbSe2-GeS2-NM,0.0
KSe2-GeS2-NM,0.0
KTe2-GeS2-NM,0.0
CaSe2-GeS2-NM,0.48627160590119667
CaTe2-GeS2-NM,0.0
CaBr2-GeS2-NM,9.435379016967994
CaI2-GeS2-NM,7.728460928891349
ScS2-GeS2-NM,2.628418733216555
ScSe2-GeS2-NM,1.8249577902667529
ScTe2-GeS2-NM,0.7565028856938216
TiO2-GeS2-NM,5.946277237893197
TiS2-GeS2-NM,2.3313219041959155
TiSe2-GeS2-NM,1.7670587031474123
TiTe2-GeS2-NM,1.0891122885515325
VF2-GeS2-NM,0.0
MnS2-GeS2-NM,0.0
FeSe2-GeS2-NM,0.0
CoO2-GeS2-NM,0.0
CuSe2-GeS2-NM,0.0
CuCl2-GeS2-NM,4.794495852204854
ZnTe2-GeS2-NM,0.0
ZnBr2-GeS2-NM,5.757328719637208
GaS2-GeS2-NM,2.5655868568801687
SrTe2-GeS2-NM,0.0
YTe2-GeS2-NM,1.6505814269297034
YF2-GeS2-NM,0.0
YCl2-GeS2-NM,0.0
ZrO2-GeS2-NM,7.8195513583732685
ZrS2-GeS2-NM,3.589489962316291
ZrSe2-GeS2-NM,2.8416939865641364
ZrTe2-GeS2-NM,1.866133280927849
ZrF2-GeS2-NM,0.0
ZrCl2-GeS2-NM,0.0
NbS2-GeS2-NM,0.0
NbSe2-GeS2-NM,0.0
NbF2-GeS2-NM,0.0
NbCl2-GeS2-NM,0.0
NbBr2-GeS2-NM,0.0
MoO2-GeS2-NM,0.0
MoS2-GeS2-NM,0.0
MoSe2-GeS2-NM,0.0
RuO2-GeS2-NM,0.0
RuS2-GeS2-NM,0.0
RuSe2-GeS2-NM,0.0
RuF2-GeS2-NM,0.3591493400556649
RhO2-GeS2-NM,0.0
RhI2-GeS2-NM,0.0
PdSe2-GeS2-NM,0.0
PdTe2-GeS2-NM,0.0
PdCl2-GeS2-NM,3.729511618868059
PdBr2-GeS2-NM,3.3397280610390503
PdI2-GeS2-NM,3.2950030457108306
AgSe2-GeS2-NM,0.0
AgTe2-GeS2-NM,0.0
AgF2-Undefined-NM,0.0
AgCl2-GeS2-NM,3.956608823609517
AgBr2-GeS2-NM,3.4349906103396513
AgI2-GeS2-NM,3.0391202505906083
CdSe2-GeS2-NM,0.0
CdTe2-GeS2-NM,0.0
CdF2-GeS2-NM,7.571713492074894
CdCl2-GeS2-NM,6.452451607863189
CdBr2-GeS2-NM,5.426573450310931
CdI2-GeS2-NM,4.463098280364681
InS2-GeS2-NM,2.1741268023489466
InSe2-GeS2-NM,1.4893811754011943
InTe2-GeS2-NM,0.6243186475288529
SnO2-GeS2-NM,4.865750190265334
SnS2-GeS2-NM,3.056054997919101
SnSe2-GeS2-NM,2.0539204341856228
SnTe2-GeS2-NM,1.1121607464322842
SnF2-GeS2-NM,3.596806028153722
SnCl2-GeS2-NM,2.892502709712557
SnBr2-GeS2-NM,2.6100623916900676
SnI2-GeS2-NM,2.4579799457675513
S2Sb-GeS2-NM,0.0
SbSe2-GeS2-NM,0.0
BaTe2-GeS2-NM,0.0
HfO2-GeS2-NM,8.16712367110595
HfS2-GeS2-NM,3.8985616652252264
HfSe2-GeS2-NM,3.1383370772535835
HfTe2-GeS2-NM,2.12240744229597
HfF2-GeS2-NM,0.0
HfCl2-GeS2-NM,0.0
HfBr2-GeS2-NM,0.0
HfI2-GeS2-NM,0.0
TaS2-GeS2-NM,0.0
TaSe2-GeS2-NM,0.0
TaTe2-GeS2-NM,0.0
TaF2-GeS2-NM,0.0
TaCl2-GeS2-NM,0.0
TaBr2-GeS2-NM,0.0
WO2-GeS2-NM,0.08606913698068386
WS2-GeS2-NM,0.0
ReS2-GeS2-NM,0.0
ReF2-GeS2-NM,0.0
OsF2-GeS2-NM,0.0
IrS2-GeS2-NM,0.0
IrTe2-GeS2-NM,0.0
PtO2-GeS2-NM,0.0
PtI2-GeS2-NM,2.1912216523358024
AuTe2-GeS2-NM,0.0
AuCl2-GeS2-NM,2.4219617492634677
AuBr2-GeS2-NM,2.073724541171807
AuI2-GeS2-NM,1.9526450157809547
HgO2-GeS2-NM,0.0
HgTe2-GeS2-NM,0.0
HgF2-GeS2-NM,4.687800970371115
HgCl2-GeS2-NM,4.451128627759134
HgBr2-GeS2-NM,3.78695787787494
HgI2-GeS2-NM,3.1272333948905695
TlSe2-GeS2-NM,0.5845082883089168
TlTe2-GeS2-NM,0.0
TlF2-GeS2-NM,0.0
TlI2-GeS2-NM,0.0
PbO2-GeS2-NM,2.9571826942906148
PbS2-GeS2-NM,1.8522947578770155
PbSe2-GeS2-NM,1.1195169802205571
PbTe2-GeS2-NM,0.34196812643143915
PbF2-GeS2-NM,5.9665663164268
PbCl2-GeS2-NM,4.57736885388544
PbBr2-GeS2-NM,4.10445999842956
PbI2-GeS2-NM,3.6005490517607863
BiS2-GeS2-NM,0.0
BiSe2-GeS2-NM,0.0
BiF2-GeS2-NM,0.0
Cd2P2S6-MnPSe3-NM,3.4088041179404396
Sc2P2S6-ScPSe3-NM,1.6327252590776427
Sc2P2Te6-MnPSe3-NM,0.0
Fe2P2S6-MnPSe3-NM,1.5607396649164527
Fe2P2Se6-MnPSe3-NM,1.1028080667130251
Fe2P2Te6-MnPSe3-NM,0.9223117138324648
Co2P2Se6-MnPSe3-NM,0.0
Co2P2Te6-MnPSe3-NM,0.0
Cu2P2Se6-MnPSe3-NM,0.0
Ir2P2Te6-MnPSe3-NM,0.1669229544497185
Zn2P2Se6-MnPSe3-NM,2.405919615263842
Zn2P2Te6-MnPSe3-NM,1.331376396147709
Zr2P2S6-Undefined-NM,1.542512440275111
Zr2P2Se6-Undefined-NM,0.9716242951401197
Zr2P2Te6-Undefined-NM,0.0
Mo2P2S6-Undefined-NM,0.37555859649966794
Mo2P2Se6-Undefined-NM,0.09886999211691405
Mo2P2Te6-Undefined-NM,0.0
Ru2P2S6-MnPSe3-NM,1.129398432780696
Ru2P2Se6-MnPSe3-NM,0.8004960184492553
Ru2P2Te6-MnPSe3-NM,0.8588317886238583
Rh2P2Se6-MnPSe3-NM,0.057070985043462086
Rh2P2Te6-MnPSe3-NM,0.0
Pd2P2S6-MnPSe3-NM,0.0013425371828708066
Pd2P2Se6-MnPSe3-NM,0.0
Pd2P2Te6-MnPSe3-NM,0.0
Hg2P2Se6-MnPSe3-NM,1.3698614944210314
Co2P2S6-MnPSe3-NM,0.0
Rh2P2S6-MnPSe3-NM,0.0
Cd2P2Se6-MnPSe3-NM,2.4385290740708236
Hf2P2S6-Undefined-NM,1.700789343761792
Hf2P2Se6-Undefined-NM,1.0640977342582982
Hf2P2Te6-Undefined-NM,0.1505382064694223
Ta2P2S6-Undefined-NM,0.0
Ta2P2Se6-Undefined-NM,0.7595456677770891
W2P2S6-Undefined-NM,0.10695392962400807
W2P2Se6-Undefined-NM,0.0
Os2P2S6-ScPSe3-NM,0.37344798783951294
Os2P2Se6-MnPSe3-NM,0.0
Os2P2Te6-MnPSe3-NM,0.5080592747629542
Ir2P2S6-MnPSe3-NM,0.04815080124815063
Ir2P2Se6-MnPSe3-NM,0.029067332643399446
Pt2P2S6-MnPSe3-NM,0.0
Pt2P2Se6-Undefined-NM,0.6650754588882701
Pt2P2Te6-MnPSe3-NM,0.0
Hg2P2S6-MnPSe3-NM,2.04880910886158
Cu2P2S6-MnPSe3-NM,0.0
Cd2P2Te6-MnPSe3-NM,1.6238890481914967
Ge2P2Te6-Undefined-NM,1.3968444565806835
Cu2P2Te6-MnPSe3-NM,0.0
Ga2P2Se6-MnPSe3-NM,0.0
Ga2P2Te6-Undefined-NM,0.8281426860506508
Ge2P2S6-MnPSe3-NM,2.401603816417957
Ge2P2Se6-MnPSe3-NM,1.8103514960074492
In2P2S6-Undefined-NM,1.4864538497846491
In2P2Se6-MnPSe3-NM,0.0
In2P2Te6-MnPSe3-NM,0.0
Sn2P2S6-MnPSe3-NM,1.9963485428732257
Sn2P2Se6-MnPSe3-NM,1.5532757301513715
Sn2P2Te6-MnPSe3-NM,0.8446842326957279
P2Sb2Se6-ScPSe3-NM,1.8010523031617636
Tl2P2S6-MnPSe3-NM,0.0
Tl2P2Se6-MnPSe3-NM,0.0
Tl2P2Te6-MnPSe3-NM,0.0
Pb2P2S6-MnPSe3-NM,2.886191743493738
Pb2P2Se6-MnPSe3-NM,2.3497723865933207
Bi2P2S6-VPSe3-NM,2.071549303434023
Bi2P2Se6-ScPSe3-NM,2.007722013433925
Bi2P2Te6-ScPSe3-NM,1.371296706869494
Ag2P2S6-MnPSe3-NM,0.0
Ag2P2Se6-MnPSe3-NM,0.0
Ag2P2Te6-MnPSe3-NM,0.0
Al2P2S6-ScPSe3-NM,2.4135448315551606
Al2P2Se6-ScPSe3-NM,1.3404050717096616
Al2P2Te6-MnPSe3-NM,0.0
Au2P2S6-Undefined-NM,0.0
Au2P2Se6-Undefined-NM,0.0
Au2P2Te6-MnPSe3-NM,0.0
Sc2P2Se6-ScPSe3-NM,1.2498513917514043
Nb2P2Te6-Undefined-NM,0.0
P2Sb2Te6-ScPSe3-NM,1.233353807385666
Zn2P2S6-MnPSe3-NM,3.6157221617571786
Ta2P2Te6-Undefined-NM,0.42441156343000586
Pb2P2Te6-MnPSe3-NM,1.6201242742580746
Hg2P2Te6-MnPSe3-NM,0.8249207093584616
Ni2P2Te6-MnPSe3-NM,0.0
AgBr2-CdI2-NM,4.027684973848217
AgI2-CdI2-NM,3.0974390009568142
AlBr2-CdI2-NM,0.0
AlCl2-CdI2-NM,0.0
AlI2-CdI2-NM,0.0
AuBr2-CdI2-NM,2.4922544597540313
AuCl2-CdI2-NM,2.7970130856657254
AuI2-CdI2-NM,1.7787481413403312
BaBr2-CdI2-NM,9.139032277120391
BaCl2-CdI2-NM,10.436855806994155
BaI2-CdI2-NM,7.4157125369140635
CaCl2-CdI2-NM,10.088172498650188
CaI2-CdI2-NM,6.810572898482499
CdBr2-CdI2-NM,5.437318285203134
CdCl2-CdI2-NM,6.571112855000841
CdI2-CdI2-NM,3.905463789048488
CuI2-CdI2-NM,2.5706584087910245
FeBr2-CdI2-NM,2.3397481545168746
FeCl2-CdI2-NM,2.5402812032114106
FeI2-CdI2-NM,2.115247355993861
GaBr2-CdI2-NM,0.0
GaI2-CdI2-NM,0.0
Br2Ge-CdI2-NM,3.9490797930749535
Cl2Ge-CdI2-NM,4.4072837589329055
GeI2-CdI2-NM,3.387558026484387
HfBr2-CdI2-NM,0.0
HfCl2-CdI2-NM,0.0
HfI2-CdI2-NM,0.0
HgBr2-CdI2-NM,3.6057353531380425
HgCl2-CdI2-NM,4.3368191035301
HgI2-CdI2-NM,2.38163468813975
InCl2-CdI2-NM,0.0
InI2-CdI2-NM,0.0
IrBr2-CdI2-NM,0.0
IrI2-CdI2-NM,0.0
MgBr2-CdI2-NM,8.326951848840613
MgCl2-CdI2-NM,10.332900180046973
MgI2-CdI2-NM,6.287806353038423
MoBr2-CdI2-NM,0.22683440339407634
MoCl2-CdI2-NM,0.0
NbBr2-CdI2-NM,0.0
NbCl2-CdI2-NM,0.0
NbI2-CdI2-NM,0.0
OsBr2-CdI2-NM,2.4609739978661156
OsCl2-CdI2-NM,2.719849626530544
OsI2-CdI2-NM,2.318394064564577
PbBr2-CdI2-NM,4.875103714851013
PbCl2-CdI2-NM,5.469843952830873
PbI2-CdI2-NM,4.287447353201678
PdI2-CdI2-NM,0.0
PtI2-CdI2-NM,0.0
ReCl2-CdI2-NM,0.0
RhI2-CdI2-NM,0.0
RuBr2-CdI2-NM,2.390564311207577
RuCl2-CdI2-NM,2.6285492489154327
RuI2-CdI2-NM,2.2343524686539187
ScBr2-CdI2-NM,0.0
ScCl2-CdI2-NM,0.0
ScI2-CdI2-NM,0.0
SnBr2-CdI2-NM,3.809996465088175
SnCl2-CdI2-NM,4.182740132914104
SnI2-CdI2-NM,3.3933706559447945
SrBr2-CdI2-NM,9.254631713275035
SrCl2-CdI2-NM,10.688441954979758
SrI2-CdI2-NM,7.524209055268813
TaBr2-CdI2-NM,0.0
TaCl2-CdI2-NM,0.0
TaI2-CdI2-NM,0.0
TiCl2-CdI2-NM,0.0
TlBr2-CdI2-NM,0.0
TlCl2-CdI2-NM,0.0
TlI2-CdI2-NM,0.0
WBr2-CdI2-NM,0.0
WCl2-CdI2-NM,0.0
WI2-CdI2-NM,0.06498592830835936
YBr2-CdI2-NM,0.0
YCl2-CdI2-NM,0.0
YI2-CdI2-NM,0.0
ZnBr2-CdI2-NM,5.42951538514985
ZnCl2-CdI2-NM,7.2108756583929505
ZnI2-CdI2-NM,3.160002880667247
ZrBr2-CdI2-NM,0.0
ZrCl2-CdI2-NM,0.0
ZrI2-CdI2-NM,0.0
SbTe2-CdI2-NM,0.0
MoSb2-CdI2-NM,0.0
NbAs2-CdI2-NM,0.0
Bi2Nb-CdI2-NM,0.0
SbSe2-CdI2-NM,0.0
MoAs2-CdI2-NM,0.0
NbSb2-CdI2-NM,0.0
AsBr2-CdI2-NM,0.0
AsSe2-CdI2-NM,0.0
AsS2-CdI2-NM,0.0
AsTe2-CdI2-NM,1.0992948243494363
BiSe2-CdI2-NM,0.0
BiS2-CdI2-NM,0.0
BiTe2-CdI2-NM,1.9407127885209796
CrAs2-CdI2-NM,0.0
HfAs2-CdI2-NM,0.0
Bi2Hf-CdI2-NM,0.0
HfSb2-CdI2-NM,0.0
S2Sb-CdI2-NM,0.0
TaAs2-CdI2-NM,0.0
TaSb2-CdI2-NM,0.0
TiAs2-CdI2-NM,0.0
Bi2Ti-CdI2-NM,0.0
TiSb2-CdI2-NM,0.0
VAs2-CdI2-NM,0.0
VSb2-CdI2-NM,0.0
WAs2-CdI2-NM,0.0
ZrAs2-CdI2-NM,0.0
Bi2Zr-CdI2-NM,0.0
ZrSb2-CdI2-NM,0.0
AgI2-MoS2-NM,2.769631041511128
AlI2-MoS2-NM,0.0
AuBr2-MoS2-NM,2.3797403945250437
AuCl2-MoS2-NM,2.523411380164551
BaBr2-MoS2-NM,7.8388250280444325
BaCl2-MoS2-NM,8.845082939886622
BaI2-MoS2-NM,6.5145334389314815
Br2Ge-MoS2-NM,4.2017547661614545
CaBr2-MoS2-NM,7.745116951556033
CaCl2-MoS2-NM,8.771924692193835
CaI2-MoS2-NM,5.9195355771968226
CdBr2-MoS2-NM,4.4084016990778405
CdCl2-MoS2-NM,5.466810968270291
CdI2-MoS2-NM,3.005514119695486
Cl2Ge-MoS2-NM,4.758578490781425
CuI2-MoS2-NM,0.0
GaBr2-MoS2-NM,0.0
GaCl2-MoS2-NM,0.0
GaI2-MoS2-NM,0.0
HfBr2-MoS2-NM,1.593643205345195
HfCl2-MoS2-NM,1.8048723055655767
HfI2-MoS2-NM,1.4000039940950086
HgCl2-MoS2-NM,3.887361268299633
HgI2-MoS2-NM,1.7310679222599124
InBr2-MoS2-NM,0.0
InCl2-MoS2-NM,0.0
InI2-MoS2-NM,0.0
IrBr2-MoS2-NM,0.0
IrCl2-MoS2-NM,0.0
IrI2-MoS2-NM,0.0
MgBr2-MoS2-NM,6.762934538517573
MgCl2-MoS2-NM,8.491120266111217
MgI2-MoS2-NM,5.3188688235095025
MoBr2-MoS2-NM,0.0
MoCl2-MoS2-NM,0.0
NbBr2-MoS2-NM,0.0
NbCl2-MoS2-NM,0.0
NbI2-MoS2-NM,0.0
OsI2-MoS2-NM,0.0
PbBr2-MoS2-NM,5.363758569524736
PbCl2-MoS2-NM,5.831005855978688
PbI2-MoS2-NM,4.356735362349012
PdBr2-MoS2-NM,0.0
PdI2-MoS2-NM,0.0
PtBr2-MoS2-NM,0.0
PtCl2-MoS2-NM,0.0
PtI2-MoS2-NM,0.0
RhI2-MoS2-NM,0.0
SnBr2-MoS2-NM,4.2729699255398135
SnCl2-MoS2-NM,4.564582467054399
SnI2-MoS2-NM,3.4412407457050023
SrBr2-MoS2-NM,8.126802671053937
SrCl2-MoS2-NM,9.185048364654467
SrI2-MoS2-NM,6.767458153875271
TaBr2-MoS2-NM,0.0
TaCl2-MoS2-NM,0.0
TaI2-MoS2-NM,0.0
TiBr2-MoS2-NM,1.2140720367310356
TiCl2-MoS2-NM,1.4086794040203197
TiI2-MoS2-NM,0.8229187710028081
TlBr2-MoS2-NM,0.0
TlCl2-MoS2-NM,0.0
TlI2-MoS2-NM,0.0
WBr2-MoS2-NM,0.0
WCl2-MoS2-NM,0.0
WI2-MoS2-NM,0.0
ZnBr2-MoS2-NM,4.3047018094974066
ZnCl2-MoS2-NM,5.721608797164155
ZnI2-MoS2-NM,2.0514079104088765
ZrBr2-MoS2-NM,1.5559377586254817
ZrCl2-MoS2-NM,1.7654376862334582
ZrI2-MoS2-NM,1.3519973291761276
TiAs2-MoS2-NM,0.0
S2Sb-MoS2-NM,0.0
TaSb2-MoS2-NM,0.0
SbTe2-MoS2-NM,0.0
Bi2Ti-MoS2-NM,0.0
TaAs2-MoS2-NM,0.0
BiSe2-MoS2-NM,1.2184659527158241
BiS2-MoS2-NM,0.0
BiTe2-MoS2-NM,0.04877073315128655
CrAs2-MoS2-NM,0.0
HfAs2-MoS2-NM,0.0
Bi2Hf-MoS2-NM,0.0
HfSb2-MoS2-NM,0.0
MoAs2-MoS2-NM,0.0
MoSb2-MoS2-NM,0.0
NbAs2-MoS2-NM,0.0
Bi2Nb-MoS2-NM,0.0
NbSb2-MoS2-NM,0.0
SbSe2-MoS2-NM,0.0
TiSb2-MoS2-NM,0.0
VAs2-MoS2-NM,0.0
VSb2-MoS2-NM,0.0
WAs2-MoS2-NM,0.0
ZrAs2-MoS2-NM,0.0
Bi2Zr-MoS2-NM,0.0
ZrSb2-MoS2-NM,0.0
Ag2I6-BiI3-NM,0.0
Al2Br6-BiI3-NM,6.852069364221916
Al2Cl6-BiI3-NM,9.09469625606926
Al2I6-BiI3-NM,4.257981729717844
As2Br6-BiI3-NM,4.074033285334116
As2I6-BiI3-NM,3.5192831098857447
Au2I6-BiI3-NM,0.0
Bi2Br6-BiI3-NM,4.99998778468712
Bi2Cl6-BiI3-NM,5.570979963209328
Bi2I6-BiI3-NM,4.2602104586090395
Br6Sb2-BiI3-NM,4.06980906125178
Co2Br6-BiI3-NM,2.1632395173126264
Co2Cl6-BiI3-NM,2.4695879056943744
Co2I6-BiI3-NM,1.4535518272732388
Cu2I6-BiI3-NM,0.0
Ga2Br6-BiI3-NM,4.398079319740388
Ga2Cl6-BiI3-NM,6.175543437302414
Ga2I6-BiI3-NM,2.404310971291498
Hf2Br6-BiI3-NM,0.0
Hf2Cl6-BiI3-NM,0.0
Hf2I6-BiI3-NM,0.0
I6Sb2-BiI3-NM,3.5489770186411915
In2Br6-BiI3-NM,4.968133271111649
In2Cl6-BiI3-NM,6.465412723504425
In2I6-BiI3-NM,3.1969611832853104
Ir2Br6-BiI3-NM,2.8835729340295893
Ir2Cl6-BiI3-NM,3.338874828341731
Ir2I6-BiI3-NM,2.5303822313872635
Os2I6-BiI3-NM,0.0
Rh2Br6-BiI3-NM,2.5218397719529353
Rh2Cl6-BiI3-NM,2.90144072395009
Rh2I6-BiI3-NM,2.1073276581324545
Ru2I6-BiI3-NM,0.0
Sc2Br6-BiI3-NM,5.477783977098047
Sc2Cl6-BiI3-NM,6.798159497054619
Sc2I6-BiI3-NM,3.9485253038115724
Ta2Br6-BiI3-NM,0.6467022044017064
Ta2Cl6-BiI3-NM,0.7786351263757805
Ta2I6-BiI3-NM,0.14016243107346094
Tl2Br6-BiI3-NM,3.1901074707367263
Tl2Cl6-BiI3-NM,4.232459979842476
Tl2I6-BiI3-NM,1.8429142899323168
W2Cl6-BiI3-NM,1.2731565114045438
Y2Br6-BiI3-NM,7.312661275180173
Y2Cl6-BiI3-NM,8.780571270882593
Y2I6-BiI3-NM,5.417996650654991
Ag2Br6-AgBr3-NM,0.0
Ag2I6-AgBr3-NM,0.0
Al2Br6-TiCl3-NM,4.967773238615341
Al2Cl6-TiCl3-NM,6.970392793503157
Al2I6-TiCl3-NM,2.505064824738743
Au2Br6-AgBr3-NM,0.01169914894007551
Au2Cl6-AgBr3-NM,0.01322505588621059
Au2I6-AgBr3-NM,0.0
Bi2Br6-AgBr3-NM,4.646426565460786
Bi2Cl6-AgBr3-NM,5.381849304548089
Bi2I6-TiCl3-NM,4.113845758849
Cu2Br6-AgBr3-NM,0.0
Cu2I6-AgBr3-NM,0.0
Ga2Br6-TiCl3-NM,2.803681290068032
Ga2Cl6-TiCl3-NM,4.458651491914961
Ga2I6-TiCl3-NM,0.7877548199442952
In2Br6-TiCl3-NM,3.8535575862579354
In2Cl6-AgBr3-NM,5.2189580875671435
In2I6-TiCl3-NM,1.9052389275374724
Ir2Br6-TiCl3-NM,0.5503387198533849
Ir2Cl6-Undefined-NM,0.8866560615948029
Ir2I6-TiCl3-NM,0.405297113299977
Nb2Br6-TiCl3-NM,0.0
Nb2Cl6-TiCl3-NM,0.0
Os2I6-TiCl3-NM,0.0
Pd2Br6-AgBr3-NM,0.0
Pd2I6-AgBr3-NM,0.0
Pt2I6-AgBr3-NM,0.0
Re2Br6-TiCl3-NM,0.1327548229507931
Re2Cl6-TiCl3-NM,0.06514016917017118
Rh2Br6-Undefined-NM,0.8239250443648358
Rh2Cl6-Undefined-NM,0.977970546581056
Rh2I6-TiCl3-NM,0.19155414713167795
Ru2I6-TiCl3-NM,0.0
Sc2Br6-TiCl3-NM,4.821159621266715
Sc2Cl6-AgBr3-NM,5.844627362693507
Sc2I6-TiCl3-NM,3.752768101538099
Ta2Br6-TiCl3-NM,0.0
Ta2Cl6-TiCl3-NM,0.0
Ta2I6-TiCl3-NM,0.0
Tl2Br6-TiCl3-NM,2.3272893077067005
Tl2Cl6-AgBr3-NM,3.2012594514033843
Tl2I6-TiCl3-NM,0.7732609812448281
W2Br6-TiCl3-NM,0.5394461280696903
W2Cl6-TiCl3-NM,1.3512391640017964
Y2Br6-AgBr3-NM,6.321863722351725
Y2Cl6-AgBr3-NM,7.817094110664836
Y2I6-TiCl3-NM,4.754428238868989
Cr2C-CdI2-NM,0.0
Hf2CF2-Ti2CO2-NM,0.0
Mo2CF2-Ti2CO2-NM,0.0
Nb2CF2-Ti2CO2-NM,0.0
Sc2CF2-Ti2CO2-NM,2.195587754832488
Ta2CF2-Ti2CO2-NM,0.0
Ti2CF2-Ti2CO2-NM,0.0
W2CF2-Ti2CO2-NM,0.0
Y2CF2-Ti2CO2-NM,2.487874399218179
Zr2CF2-Ti2CO2-NM,0.0
Mo2CH2O2-Ti2CH2O2-NM,0.0
Sc2CH2O2-Ti2CH2O2-NM,1.904218260046224
Ti2CH2O2-Ti2CH2O2-NM,0.0
Y2CH2O2-Ti2CH2O2-NM,2.154169281477422
Hf2C-CdI2-NM,0.0
Hf2CO2-Ti2CO2-NM,2.007377049078113
Mo2C-CdI2-NM,0.0
Mo2CO2-Ti2CO2-NM,0.0
Nb2C-CdI2-NM,0.0
Nb2CO2-Ti2CO2-NM,0.0
Sc2CO2-Ti2CO2-NM,0.0
Ta2CO2-Ti2CO2-NM,0.0
Ti2CO2-Ti2CO2-NM,0.9675610716967851
W2CO2-Ti2CO2-NM,0.0
Zr2CO2-Ti2CO2-NM,1.9646957193483727
Sc2C-CdI2-NM,0.0
Ta2C-CdI2-NM,0.0
V2C-CdI2-NM,0.0
W2C-CdI2-NM,0.0
Y2C-CdI2-NM,0.0
Y2N-CdI2-NM,0.0
Zr2H2NO2-Ti2CH2O2-NM,0.0
Zr2N-CdI2-NM,0.0
Zr2F2N-Ti2CO2-NM,0.0
Zr2NO2-Ti2CO2-NM,0.0
Hf2H2NO2-Ti2CH2O2-NM,0.0
Hf2NO2-Ti2CO2-NM,0.0
Hf2N-CdI2-NM,0.0
Mo2F2N-Ti2CO2-NM,0.0
Nb2NO2-Ti2CO2-NM,0.0
Nb2N-CdI2-NM,0.0
Sc2F2N-Ti2CO2-NM,0.0
Sc2NO2-Ti2CO2-NM,4.4044042471405405
Sc2N-CdI2-NM,0.0
Ta2F2N-Ti2CO2-NM,0.0
Ta2NO2-Ti2CO2-NM,0.0
Ta2N-CdI2-NM,0.0
Ti2F2N-Ti2CO2-NM,0.0
Ti2NO2-Ti2CO2-NM,0.0
V2N-CdI2-NM,0.0
W2F2N-Ti2CO2-NM,0.0
Y2F2N-Ti2CO2-NM,0.0
Hf3C2F2-Ti3C2O2-NM,0.0
Mo3C2F2-Ti3C2O2-NM,0.0
Nb3C2F2-Ti3C2O2-NM,0.0
Sc3C2F2-Ti3C2O2-NM,0.9138912977874205
Ta3C2F2-Ti3C2O2-NM,0.0
Ti3C2F2-Ti3C2O2-NM,0.0
W3C2F2-Ti3C2O2-NM,0.0
Zr3C2F2-Ti3C2O2-NM,0.04053025771608976
Hf3C2H2O2-Ti3C2H2O2-NM,0.0
Mo3C2H2O2-Ti3C2H2O2-NM,0.0
Nb3C2H2O2-Ti3C2H2O2-NM,0.0
Sc3C2H2O2-Ti3C2H2O2-NM,0.0
Ta3C2H2O2-Ti3C2H2O2-NM,0.0
Ti3C2H2O2-Ti3C2H2O2-NM,0.0
W3C2H2O2-Ti3C2H2O2-NM,0.0
Zr3C2H2O2-Ti3C2H2O2-NM,0.0
Hf3C2O2-Ti3C2O2-NM,1.0490729940614734
Mo3C2-Ti3C2-NM,0.0
Mo3C2O2-Ti3C2O2-NM,0.0
Nb3C2-Ti3C2-NM,0.0
Nb3C2O2-Ti3C2O2-NM,0.0
Sc3C2O2-Ti3C2O2-NM,1.1238819036324885
Ta3C2O2-Ti3C2O2-NM,0.0
Ti3C2O2-Ti3C2O2-NM,0.2005332182996461
W3C2O2-Ti3C2O2-NM,0.0
Y3C2O2-Ti3C2O2-NM,0.0
Zr3C2O2-Ti3C2O2-NM,1.0293721535335456
Sc3C2-Ti3C2-NM,0.0
Ta3C2-Ti3C2-NM,0.0
V3C2-Ti3C2-NM,0.0
W3C2-Ti3C2-NM,0.0
Y3C2-Ti3C2-NM,0.0
Hf3F2N2-Ti3C2O2-NM,0.0
Hf3H2N2O2-Ti3C2H2O2-NM,0.0
Hf3N2O2-Ti3C2O2-NM,0.3965320873258773
Mo3F2N2-Ti3C2O2-NM,0.0
Nb3N2-Ti3C2-NM,0.0
Sc3F2N2-Ti3C2O2-NM,0.0
Sc3N2O2-Ti3C2O2-NM,0.0
Ta3F2N2-Ti3C2O2-NM,0.0
Ta3N2-Ti3C2-NM,0.0
Ti3N2O2-Ti3C2O2-NM,0.03854909845536414
Ti3N2-Ti3C2-NM,0.0642825259082385
W3F2N2-Ti3C2O2-NM,0.0
W3H2N2O2-Ti3C2H2O2-NM,0.0
W3N2O2-Ti3C2O2-NM,0.0
Y3F2N2-Ti3C2O2-NM,0.0
Zr3N2O2-Ti3C2O2-NM,0.5599370935276338
Hf4C3F2-Ti4C3O2-NM,0.0
Mo4C3F2-Ti4C3O2-NM,0.0
Nb4C3F2-Ti4C3O2-NM,0.0
Sc4C3F2-Ti4C3O2-NM,0.1682176797563395
Ta4C3F2-Ti4C3O2-NM,0.0
Ti4C3F2-Ti4C3O2-NM,0.0
W4C3F2-Ti4C3O2-NM,0.0
Y4C3F2-Ti4C3O2-NM,0.29353845822465696
Zr4C3F2-Ti4C3O2-NM,0.0
Mo4C3H2O2-Ti4C3H2O2-NM,0.0
Nb4C3H2O2-Ti4C3H2O2-NM,0.0
Sc4C3H2O2-Ti4C3H2O2-NM,0.10344552785587613
Ti4C3H2O2-Ti4C3H2O2-NM,0.0
W4C3H2O2-Ti4C3H2O2-NM,0.0
Y4C3H2O2-Ti4C3H2O2-NM,0.2423696222994427
Hf4C3-Ti4C3-NM,0.0
Hf4C3O2-Ti4C3O2-NM,0.0
Mo4C3-Ti4C3-NM,0.0
Mo4C3O2-Ti4C3O2-NM,0.0
Nb4C3-Ti4C3-NM,0.0
Nb4C3O2-Ti4C3O2-NM,0.0
Sc4C3O2-Ti4C3O2-NM,0.0
Ta4C3O2-Ti4C3O2-NM,0.0
Ti4C3O2-Ti4C3O2-NM,0.0
W4C3O2-Ti4C3O2-NM,0.0
Y4C3O2-Ti4C3O2-NM,0.0
Zr4C3O2-Ti4C3O2-NM,0.0
Sc4C3-Ti4C3-NM,0.0
Ta4C3-Ti4C3-NM,0.0
W4C3-Ti4C3-NM,0.0
Y4C3-Ti4C3-NM,0.0
Hf4F2N3-Ti4C3O2-NM,0.0
Hf4H2N3O2-Ti4C3H2O2-NM,0.0
Hf4N3O2-Ti4C3O2-NM,0.0
Hf4N3-Ti4C3-NM,0.0
Mo4F2N3-Ti4C3O2-NM,0.0
Mo4N3-Ti4C3-NM,0.0
Nb4N3-Ti4C3-NM,0.0
Sc4F2N3-Ti4C3O2-NM,0.0
Sc4N3O2-Ti4C3O2-NM,2.5319369992540333
Ta4H2N3O2-Ti4C3H2O2-NM,0.0
Ti4F2N3-Ti4C3O2-NM,0.0
Ti4N3O2-Ti4C3O2-NM,0.0
W4N3-Ti4C3-NM,0.0
Y4F2N3-Ti4C3O2-NM,0.0
Y4N3O2-Ti4C3O2-NM,2.69292985596063
Zr4F2N3-Ti4C3O2-NM,0.0
Zr4N3O2-Ti4C3O2-NM,0.0
Zr4N3-Ti4C3-NM,0.0
CrAsSb-MoSSe-NM,0.0
CrSeTe-MoSSe-NM,0.8578921720654463
CrSSe-MoSSe-NM,1.0657999635105848
CrSTe-MoSSe-NM,0.3709406970320359
BiHfAs-MoSSe-NM,0.0
HfAsSb-MoSSe-NM,0.0
BiHfSb-MoSSe-NM,0.0
HfBrCl-MoSSe-NM,1.728503122289097
HfBrI-MoSSe-NM,1.5339600898434185
HfClI-MoSSe-NM,1.7049783480018017
HfSeTe-MoSSe-NM,0.6822964954826998
HfSSe-MoSSe-NM,1.856366449680622
HfSTe-MoSSe-NM,0.4586530872973644
BiMoAs-MoSSe-NM,0.0
MoAsSb-MoSSe-NM,0.0
BiMoSb-MoSSe-NM,0.0
MoBrCl-MoSSe-NM,0.0
MoClI-MoSSe-NM,0.0
MoSeTe-MoSSe-NM,1.7959009651068016
MoSTe-MoSSe-NM,1.4576916935771649
BiNbAs-MoSSe-NM,0.0
NbAsSb-MoSSe-NM,0.0
BiNbSb-MoSSe-NM,0.0
NbBrCl-MoSSe-NM,0.0
NbBrI-MoSSe-NM,0.0
NbClI-MoSSe-NM,0.0
NbSeTe-MoSSe-NM,0.0
NbSSe-MoSSe-NM,0.0
NbSTe-MoSSe-NM,0.0
BiTaAs-MoSSe-NM,0.0
TaAsSb-MoSSe-NM,0.0
BiTaSb-MoSSe-NM,0.0
TaBrCl-MoSSe-NM,0.0
TaBrI-MoSSe-NM,0.0
TaClI-MoSSe-NM,0.0
TaSeTe-MoSSe-NM,0.0
TaSSe-MoSSe-NM,0.0
TaSTe-MoSSe-NM,0.0
BiTiAs-MoSSe-NM,0.0
TiAsSb-MoSSe-NM,0.0
BiTiSb-MoSSe-NM,0.0
TiBrCl-MoSSe-NM,1.3285666161866225
TiBrI-MoSSe-NM,1.0250300035985611
TiClI-MoSSe-NM,1.1767549417867826
TiSeTe-MoSSe-NM,0.48744785138641045
TiSSe-MoSSe-NM,1.1611143151943075
TiSTe-MoSSe-NM,0.4636158076910668
BiVAs-MoSSe-NM,0.0
VAsSb-MoSSe-NM,0.0
BiVSb-MoSSe-NM,0.0
BiWAs-MoSSe-NM,0.0
WAsSb-MoSSe-NM,0.0
BiWSb-MoSSe-NM,0.0
WBrCl-MoSSe-NM,0.0
WBrI-MoSSe-NM,0.0
WClI-MoSSe-NM,0.0
WSeTe-MoSSe-NM,1.8606092734102422
WSSe-MoSSe-NM,2.2845516214534
WSTe-MoSSe-NM,1.7254941125814232
BiZrAs-MoSSe-NM,0.0
ZrAsSb-MoSSe-NM,0.0
BiZrSb-MoSSe-NM,0.0
ZrBrCl-MoSSe-NM,1.676897269017557
ZrBrI-MoSSe-NM,1.4787441314638665
ZrClI-MoSSe-NM,1.6463367155796105
ZrSeTe-MoSSe-NM,0.8558763955054205
ZrSSe-MoSSe-NM,1.9193377047845033
ZrSTe-MoSSe-NM,0.7051898792715467
AsClTe-MoSSe-NM,2.386615344456917
BiBrS-MoSSe-NM,3.5900013215266413
BiClS-MoSSe-NM,3.8732598902468047
BiClSe-MoSSe-NM,3.7395141003576047
BiIS-MoSSe-NM,2.8452634241294246
BiClTe-MoSSe-NM,2.888639884062605
BrSSb-MoSSe-NM,2.588735777437928
ClSbSe-MoSSe-NM,2.9074915832485706
BrSbTe-MoSSe-NM,2.3811906884987795
ClSSb-MoSSe-NM,2.8897545182806033
ISbSe-MoSSe-NM,2.154420920066205
ClSbTe-MoSSe-NM,2.706130830742923
BiISe-MoSSe-NM,3.0270091432447175
BiBrTe-MoSSe-NM,2.9493037299139595
BiITe-MoSSe-NM,2.774883388749995
BrSbSe-MoSSe-NM,2.595629733236829
ISSb-MoSSe-NM,2.1568824538730853
ISbTe-MoSSe-NM,1.9918658009426335
AsBrS-MoSSe-NM,2.5200025137994406
AsClS-MoSSe-NM,2.886696908971205
AsBrSe-MoSSe-NM,2.575618683915659
AsClSe-MoSSe-NM,2.846267214550442
AsISe-MoSSe-NM,1.463016614295393
AsIS-MoSSe-NM,1.1193401140109942
AsBrTe-MoSSe-NM,2.1470792261996983
AsITe-MoSSe-NM,1.3623563438751463
BiBrSe-MoSSe-NM,3.469138665800662
Ge2S2-SnS-NM,2.9250049913284526
Ge2Se2-SnS-NM,1.922951389941777
Ge2Te2-SnS-NM,1.390471904229687
P4-P-NM,1.7471372142226533
Pb2S2-PbS-NM,3.0347998194316954
Pb2Se2-PbS-NM,2.3979205666185335
Pb2Te2-PbS-NM,2.192125783644677
S2Si2-SnS-NM,2.53459679066054
Se2Si2-SnS-NM,2.085507314304735
Si2Te2-SnS-NM,0.5959661976398594
Sn2S2-SnS-NM,2.6503281131795697
Sn2Se2-SnS-NM,1.816932002265277
Sn2Te2-PbS-NM,1.3536256162793645
As4-P-NM,1.5792554484529733
Al2S2-PbSe-NM,0.0
Al2Se2-PbSe-NM,0.0
Al2Te2-PbSe-NM,0.0
Bi2S2-PbSe-NM,0.0
Bi2Se2-PbSe-NM,0.0
Bi2Te2-PbSe-NM,0.0
Cd2S2-PbSe-NM,0.0
Cd2Se2-PbSe-NM,0.0
Cd2Te2-PbSe-NM,0.0
Ga2S2-PbSe-NM,0.0
Ga2Se2-PbSe-NM,0.0
Ga2Te2-PbSe-NM,0.0
Ge2S2-PbSe-NM,0.015173844929675884
Ge2Se2-PbSe-NM,0.07053120725774242
Ge2Te2-PbSe-NM,0.0
In2S2-PbSe-NM,0.0
In2Se2-PbSe-NM,0.0
In2Te2-PbSe-NM,0.0
Pb2S2-PbSe-NM,1.2228311582336657
Pb2Se2-PbSe-NM,1.1085119689933096
Pb2Te2-PbSe-NM,0.928567186781573
S2Sb2-PbSe-NM,0.0
S2Si2-PbSe-NM,0.0
Sb2Se2-PbSe-NM,0.0
Sb2Te2-PbSe-NM,0.0
Se2Si2-PbSe-NM,0.0
Si2Te2-PbSe-NM,0.0
Zn2S2-PbSe-NM,0.0
Zn2Se2-PbSe-NM,0.0
Zn2Te2-PbSe-NM,0.0
Ag2S4-PdS2-NM,0.0
Ag2Se4-PdS2-NM,0.0
Ag2Te4-PdS2-NM,0.0
Al2S4-WTe2-NM,0.0
Al2Se4-WTe2-NM,0.0
Al2Te4-CdI2-NM,0.0
Au2S4-PdS2-NM,0.0
Au2Se4-PdS2-NM,0.0
Au2Te4-PdS2-NM,0.0
Bi2S4-WTe2-NM,0.0
Bi2Te4-WTe2-NM,0.0
Cd2S4-PdS2-NM,2.9487772142623854
Cd2Se4-WTe2-NM,2.783017096646661
Cd2Te4-WTe2-NM,2.1921913366924777
Cu2S4-PdS2-NM,0.0
Cu2Se4-PdS2-NM,0.0
Cu2Te4-PdS2-NM,0.0
Ga2Se4-MnS2-NM,0.0
Ga2Te4-PdS2-NM,0.0
Ge2S4-WTe2-NM,0.8378548741444063
Ge2Se4-WTe2-NM,0.21215684650227096
Ge2Te4-MnS2-NM,0.0524593405794187
In2S4-Undefined-NM,1.3890143600931797
In2Se4-MnS2-NM,0.0
In2Te4-MnS2-NM,0.0
Ir2S4-PdS2-NM,0.0
Ir2Se4-PdS2-NM,1.0154936886502575
Ir2Te4-PdS2-NM,1.1503810043971328
Ni2S4-PdS2-NM,1.7712712380022735
Ni2Se4-PdS2-NM,1.8937519089812147
Ni2Te4-PdS2-NM,1.751090756027476
Os2S4-MnS2-NM,0.19521352690754235
Os2Se4-MnS2-NM,0.2795690796435215
Os2Te4-MnS2-NM,0.2736045581543123
Pb2S4-WTe2-NM,2.7911660024685467
Pb2Se4-WTe2-NM,2.1377513948881717
Pb2Te4-WTe2-NM,1.0629039920271235
Pd2S4-PdS2-NM,1.9005645572120526
Pd2Se4-PdS2-NM,2.04393355182365
Pd2Te4-PdS2-NM,1.979355141409937
Pt2S4-PdS2-NM,3.0123710970274447
Pt2Se4-PdS2-NM,2.6466213835119814
Pt2Te4-PdS2-NM,2.3489844280356373
Rh2S4-PdS2-NM,0.0
Rh2Se4-PdS2-NM,0.0
Rh2Te4-PdS2-NM,0.0
Ru2S4-MnS2-NM,0.23623052496676333
Ru2Se4-MnS2-NM,0.1903883527673358
Ru2Te4-MnS2-NM,0.2991028792810262
S4Sb2-WTe2-NM,0.0
Sb2Te4-PdS2-NM,0.0
Sc2Te4-MnS2-NM,0.0
Sn2Se4-WTe2-NM,1.1609661435525134
Sn2Te4-WTe2-NM,0.0
Tl2S4-WTe2-NM,2.1103582103454253
Tl2Se4-WTe2-NM,1.3602540345742882
Tl2Te4-WTe2-NM,0.0
Zn2S4-PdS2-NM,3.13833939777616
Zn2Se4-PdS2-NM,2.6652487798676496
Zn2Te4-PdS2-NM,1.9142208123274518
Br4C16Cl4Ge2H48N4-PbA2I4-NM,2.471116079818879
Br4C16Cl4Ge2H48N4-PbA2I4-NM-2,4.187841299930367
Br4C16Ge2H48I4N4-PbA2I4-NM,3.1356182766969702
Br4C16Ge2H48I4N4-PbA2I4-NM-2,1.976629089981718
Br8C16Ge2H48N4-PbA2I4-NM,2.9867094572132276
C16Cl4Ge2H48I4N4-PbA2I4-NM,4.051857624845066
C16Cl4Ge2H48I4N4-PbA2I4-NM-2,1.863462493652446
C16Cl8Ge2H48N4-PbA2I4-NM,4.129015123842171
C16Ge2H48I8N4-PbA2I4-NM,2.0033433257790243
Pb2Br4C16Cl4H48N4-PbA2I4-NM,4.229501221404773
Pb2Br4C16Cl4H48N4-PbA2I4-NM-2,4.861903511624605
Pb2Br4C16H48I4N4-PbA2I4-NM,4.076845240754681
Pb2Br4C16H48I4N4-PbA2I4-NM-2,3.3957993510824345
Pb2Br8C16H48N4-PbA2I4-NM,4.202884785922243
Pb2C16Cl4H48I4N4-PbA2I4-NM,4.482462751531438
Pb2C16Cl4H48I4N4-PbA2I4-NM-2,3.3620061298620567
Pb2C16Cl8H48N4-PbA2I4-NM,4.9236242847904315
Pb2C16H48I8N4-PbA2I4-NM,3.4683918441774857
Sn2Br4C16Cl4H48N4-PbA2I4-NM,2.624482055231881
Sn2Br4C16Cl4H48N4-PbA2I4-NM-2,3.386123900781346
Sn2Br4C16H48I4N4-PbA2I4-NM,2.5680228869698007
Sn2Br4C16H48I4N4-PbA2I4-NM-2,1.999806397294296
Sn2Br8C16H48N4-PbA2I4-NM,2.634680962169414
Sn2C16Cl4H48I4N4-PbA2I4-NM,3.3521688769385394
Sn2C16Cl4H48I4N4-PbA2I4-NM-2,1.9726697903472494
Sn2C16Cl8H48N4-PbA2I4-NM,3.4983167356953215
Sn2C16H48I8N4-PbA2I4-NM,2.1240376257006437
Co4S8-ReS2-NM,0.34147693299385606
Co4Se8-CdI2-NM,0.0
In4Br8-Undefined-NM,2.7776427873029004
Ir4S8-ReS2-NM,1.2672094281242232
Ir4Se8-ReS2-NM,1.4709254184971239
Ir4Te8-ReS2-NM,0.8400085443669688
Nb4O8-Undefined-NM,1.2283267600872239
Re4O8-ReS2-NM,2.1058551806804204
Re4S8-ReS2-NM,2.054686121607845
Re4Se8-ReS2-NM,1.8048227458643686
Re4Te8-ReS2-NM,1.375683266954434
Rh4S8-ReS2-NM,1.1229982412853716
Rh4Se8-ReS2-NM,0.8608697926749715
Ta4O8-Undefined-NM,1.3454477167997796
AuO2-CdI2-NM,0.0
AuS2-CdI2-NM,0.0
AuS2-MoS2-NM,0.0
AuSe2-CdI2-NM,0.0
AuSe2-MoS2-NM,0.0
AuTe2-CdI2-NM,0.0
AuTe2-MoS2-NM,0.0
CoS2-CdI2-NM,0.0
CoS2-MoS2-NM,0.0
CoSe2-CdI2-NM,0.0
CoSe2-MoS2-NM,0.0
CoTe2-CdI2-NM,0.0
CoTe2-MoS2-NM,0.0
CrO2-MoS2-NM,0.5198240980691446
CrS2-CdI2-NM,0.0
CrS2-MoS2-NM,1.1576684363330405
CrSe2-CdI2-NM,0.0
CrSe2-MoS2-NM,0.9621129335606933
CrTe2-MoS2-NM,0.7327887145994136
CuS2-CdI2-NM,0.0
CuS2-MoS2-NM,1.2857580828690702
CuSe2-CdI2-NM,0.0
CuSe2-MoS2-NM,0.25542655464126685
CuTe2-CdI2-NM,0.0
CuTe2-MoS2-NM,0.0
GeO2-CdI2-NM,6.265841209318983
GeO2-MoS2-NM,3.1069628748444487
GeS2-CdI2-NM,1.4353541229561229
GeS2-MoS2-NM,0.0
GeSe2-CdI2-NM,0.14964995922827873
GeSe2-MoS2-NM,0.0
GeTe2-CdI2-NM,0.0
GeTe2-MoS2-NM,0.0
HfO2-CdI2-NM,7.933854399839019
HfO2-MoS2-NM,4.300582758215951
HfS2-CdI2-NM,2.490532531898016
HfS2-MoS2-NM,2.2744677310286923
HfSe2-CdI2-NM,1.4212858634828316
HfSe2-MoS2-NM,1.8647042078405929
HfTe2-CdI2-NM,0.0
HfTe2-MoS2-NM,0.785086985403358
HgO2-CdI2-NM,0.0
HgS2-MoS2-NM,0.0
HgSe2-CdI2-NM,0.0
HgSe2-MoS2-NM,0.0
HgTe2-CdI2-NM,0.0
HgTe2-MoS2-NM,0.0
IrO2-CdI2-NM,0.0
IrS2-CdI2-NM,1.8303122748593426
IrS2-MoS2-NM,0.0
IrSe2-CdI2-NM,1.3915618888127375
IrSe2-MoS2-NM,0.0
IrTe2-CdI2-NM,0.5869311189086195
IrTe2-MoS2-NM,0.0
MoO2-CdI2-NM,0.0
MoO2-MoS2-NM,1.3890121235220856
MoS2-CdI2-NM,0.0
MoS2-MoS2-NM,2.282729252572487
MoSe2-CdI2-NM,0.0
MoSe2-MoS2-NM,1.9884873649261554
MoTe2-CdI2-NM,0.0
MoTe2-MoS2-NM,1.5460785141416584
NbO2-MoS2-NM,0.0
NbS2-CdI2-NM,0.0
NbS2-MoS2-NM,0.0
NbSe2-CdI2-NM,0.0
NbSe2-MoS2-NM,0.0
NbTe2-CdI2-NM,0.0
NbTe2-MoS2-NM,0.0
NiO2-CdI2-NM,2.4241301924558893
NiS2-CdI2-NM,0.825451131191361
NiS2-MoS2-NM,0.0
NiSe2-CdI2-NM,0.25288991303001707
NiSe2-MoS2-NM,0.0
NiTe2-CdI2-NM,0.0
NiTe2-MoS2-NM,0.0
OsS2-CdI2-NM,0.0
OsS2-MoS2-NM,0.0
OsSe2-CdI2-NM,1.914932731144506
OsSe2-MoS2-NM,0.0
OsTe2-CdI2-NM,1.25071096037227
OsTe2-MoS2-NM,0.0
PbO2-MoS2-NM,0.9488937365092376
PbS2-CdI2-NM,1.4718939126161308
PbS2-MoS2-NM,4.30556547459295
PbSe2-CdI2-NM,0.44202653266911973
PbSe2-MoS2-NM,3.49499835332291
PbTe2-CdI2-NM,0.0
PbTe2-MoS2-NM,0.0
PdO2-CdI2-NM,2.4473329045762
PdO2-MoS2-NM,0.0
PdS2-CdI2-NM,1.7671062767287564
PdS2-MoS2-NM,0.0
PdSe2-CdI2-NM,1.0203626245596489
PdSe2-MoS2-NM,0.0
PdTe2-CdI2-NM,0.28585965107101896
PdTe2-MoS2-NM,0.0
PtO2-CdI2-NM,2.8454597479712476
PtS2-CdI2-NM,2.723771948219038
PtS2-MoS2-NM,0.0
PtSe2-CdI2-NM,1.9436508645183135
PtSe2-MoS2-NM,0.0
PtTe2-CdI2-NM,1.0112231705649337
PtTe2-MoS2-NM,0.0
ReO2-CdI2-NM,0.0
ReO2-MoS2-NM,0.0
ReS2-CdI2-NM,0.0
ReS2-MoS2-NM,0.0
ReSe2-CdI2-NM,0.0
ReSe2-MoS2-NM,0.0
ReTe2-CdI2-NM,0.0
ReTe2-MoS2-NM,0.0
RhO2-CdI2-NM,0.0
RhS2-CdI2-NM,1.5108985394523682
RhS2-MoS2-NM,0.0
RhSe2-CdI2-NM,0.938771795676161
RhSe2-MoS2-NM,0.0
RhTe2-CdI2-NM,0.0
RhTe2-MoS2-NM,0.0
RuO2-CdI2-NM,0.0
RuO2-MoS2-NM,0.0
RuS2-MoS2-NM,0.0
RuSe2-MoS2-NM,0.0
RuTe2-CdI2-NM,0.0
RuTe2-MoS2-NM,0.0
ScS2-CdI2-NM,2.519900184791325
ScSe2-CdI2-NM,1.864763877179561
ScTe2-CdI2-NM,0.0
ScTe2-MoS2-NM,0.0
SnO2-CdI2-NM,5.241686414766619
SnO2-MoS2-NM,2.2085538053559484
SnS2-CdI2-NM,2.822901767185831
SnS2-MoS2-NM,1.5991398610582381
SnSe2-CdI2-NM,1.5493989855393404
SnSe2-MoS2-NM,0.3663070923321179
SnTe2-CdI2-NM,0.0
SnTe2-MoS2-NM,0.0
TaO2-CdI2-NM,0.0
TaO2-MoS2-NM,0.0
TaS2-CdI2-NM,0.0
TaS2-MoS2-NM,0.0
TaSe2-CdI2-NM,0.0
TaSe2-MoS2-NM,0.0
TaTe2-CdI2-NM,0.0
TaTe2-MoS2-NM,0.0
TiO2-CdI2-NM,4.7881171134868845
TiO2-MoS2-NM,2.8298266150221716
TiS2-CdI2-NM,0.5549841085933429
TiS2-MoS2-NM,1.6476052552647706
TiSe2-CdI2-NM,0.0
TiSe2-MoS2-NM,1.2673424637301682
TiTe2-CdI2-NM,0.0
TiTe2-MoS2-NM,0.5492062409429281
VS2-CdI2-NM,0.0
VSe2-CdI2-NM,0.0
WO2-CdI2-NM,0.0
WO2-MoS2-NM,1.9788580448081607
WS2-CdI2-NM,0.0
WS2-MoS2-NM,2.4312137341848103
WSe2-CdI2-NM,0.0
WSe2-MoS2-NM,2.0911008112159886
WTe2-CdI2-NM,0.0
WTe2-MoS2-NM,1.4769411953720255
ZrO2-CdI2-NM,7.702743282202377
ZrO2-MoS2-NM,3.969868588058719
ZrS2-CdI2-NM,2.436676220253676
ZrS2-MoS2-NM,2.1377861030556033
ZrSe2-CdI2-NM,1.3061879769658147
ZrSe2-MoS2-NM,1.7526604147347236
ZrTe2-CdI2-NM,0.0
ZrTe2-MoS2-NM,0.9436499700847074
AgH2-MoS2-NM,0.7706231735115248
AgLi2-MoS2-NM,0.0
AuH2-MoS2-NM,0.0
AuLi2-MoS2-NM,0.0
CoH2-MoS2-NM,0.0
CrLi2-MoS2-NM,0.0
CuH2-MoS2-NM,0.0
CuLi2-MoS2-NM,0.0
HfH2-MoS2-NM,0.5417680380864685
HfLi2-MoS2-NM,0.0
IrH2-MoS2-NM,0.0
IrLi2-MoS2-NM,0.0
MoH2-MoS2-NM,0.0
Li2Mo-MoS2-NM,0.0
Li2Nb-MoS2-NM,0.0
NiH2-MoS2-NM,0.0
Li2Ni-MoS2-NM,0.0
OsH2-MoS2-NM,0.0
Li2Os-MoS2-NM,0.0
Li2Pb-MoS2-NM,0.0
PtH2-MoS2-NM,0.0
Li2Pt-MoS2-NM,0.0
ReH2-MoS2-NM,0.0
Li2Re-MoS2-NM,0.0
RhH2-MoS2-NM,0.0
Li2Rh-MoS2-NM,0.0
RuH2-MoS2-NM,0.0
Li2Ru-MoS2-NM,0.0
TaH2-MoS2-NM,0.0
TiH2-MoS2-NM,0.6161778501755246
Li2Ti-MoS2-NM,0.0
VH2-MoS2-NM,0.0
Li2V-MoS2-NM,0.0
WH2-MoS2-NM,0.0
Li2W-MoS2-NM,0.0
ZrH2-MoS2-NM,0.09661048070017841
Li2Zr-MoS2-NM,0.0
CrMo3S8-CrW3S8-NM,1.6514188238205587
CrW3S8-CrW3S8-NM,1.6877062350746401
CrW3Se8-CrW3S8-NM,1.4046919549205932
Mo2W2S8-CrWS4-NM,2.3168298923680664
Mo2W2Se8-CrWS4-NM,2.0019642441853547
Mo2W2Te8-CrWS4-NM,1.5035156067928641
Mo3WS8-CrW3S8-NM,2.2971365276559705
Mo3WSe8-CrW3S8-NM,1.9962440161039772
Mo3WTe8-CrW3S8-NM,1.5245113386769673
MoW3S8-CrW3S8-NM,2.3710906202638506
MoW3Se8-CrW3S8-NM,2.0463114279154904
MoW3Te8-CrW3S8-NM,1.4971309834074988
Hf2Ti2S8-CrWS4-NM,1.9166592234780433
Hf2Ti2Se8-CrWS4-NM,1.5114222881756176
Hf2Ti2Te8-CrWS4-NM,0.6023243855381546
Ti2Zr2S8-CrWS4-NM,1.8171219884297725
Ti2Zr2Se8-CrWS4-NM,1.513124907083725
Ti2Zr2Te8-CrWS4-NM,0.6824643490760811
HfTi3S8-CrW3S8-NM,1.806743904926757
HfTi3Se8-CrW3S8-NM,1.3882916499274613
HfTi3Te8-CrW3S8-NM,0.6067866100017998
Ti3ZrS8-CrW3S8-NM,1.7599228073040702
Ti3ZrSe8-CrW3S8-NM,1.3993541604590165
Ti3ZrTe8-CrW3S8-NM,0.6273171297850513
Hf3TiS8-CrW3S8-NM,2.0658261697979867
Hf3TiSe8-CrW3S8-NM,1.6652060436510854
Hf3TiTe8-CrW3S8-NM,0.7044431232524604
TiZr3S8-CrW3S8-NM,2.05638824878731
TiZr3Se8-CrW3S8-NM,1.6094003584035752
TiZr3Te8-CrW3S8-NM,0.8275934734562047
Hf2Zr2S8-CrWS4-NM,2.3751104244555408
Hf2Zr2Se8-CrWS4-NM,1.8753356098860574
Hf2Zr2Te8-CrWS4-NM,0.8222017393846726
HfZr3S8-CrW3S8-NM,2.342147401647437
HfZr3Se8-CrW3S8-NM,1.8393705394570223
HfZr3Te8-CrW3S8-NM,0.8873521238361868
Hf3ZrS8-CrW3S8-NM,2.361843522431594
Hf3ZrSe8-CrW3S8-NM,1.8794115119806616
Hf3ZrTe8-CrW3S8-NM,0.8016839810945946
Ag2Br2N2-FeOCl-NM,0.0
Ag2Br2O2-FeOCl-NM,0.0
Ag2Br2S2-FeOCl-NM,0.0
Ag2Br2Se2-FeOCl-NM,0.0
Ag2Cl2N2-FeOCl-NM,0.0
Ag2Cl2O2-FeOCl-NM,0.0
Ag2Cl2S2-FeOCl-NM,0.0
Ag2Cl2Se2-FeOCl-NM,0.0
Ag2I2N2-FeOCl-NM,0.0
Ag2I2O2-FeOCl-NM,0.0
Ag2I2S2-FeOCl-NM,0.0
Ag2I2Se2-FeOCl-NM,0.0
Al2Br2N2-FeOCl-NM,0.0
Al2Br2O2-FeOCl-NM,7.047870478527754
Al2Br2S2-FeOCl-NM,4.042403098166701
Al2Br2Se2-FeOCl-NM,3.0365546690787277
Al2Cl2N2-FeOCl-NM,4.2008374160554425
Al2Cl2O2-FeOCl-NM,9.490238894833022
Al2Cl2S2-FeOCl-NM,4.1166414158556055
Al2Cl2Se2-FeOCl-NM,2.865553952513382
Al2I2O2-FeOCl-NM,3.9936555920798424
Al2I2S2-FeOCl-NM,3.1848584809420926
Al2I2Se2-FeOCl-NM,2.857524348983684
Au2Br2N2-FeOCl-NM,0.0
Au2Br2O2-FeOCl-NM,0.0
Au2Br2S2-FeOCl-NM,0.0
Au2Br2Se2-FeOCl-NM,0.0
Au2Cl2N2-FeOCl-NM,0.0
Au2Cl2O2-FeOCl-NM,0.0
Au2Cl2Se2-FeOCl-NM,0.0
Au2I2N2-FeOCl-NM,0.0
Au2I2O2-FeOCl-NM,0.0
Au2I2S2-FeOCl-NM,0.0
Au2I2Se2-FeOCl-NM,0.0
Bi2Br2N2-FeOCl-NM,0.0
Bi2Br2O2-FeOCl-NM,4.215792833663425
Bi2Br2S2-FeOCl-NM,3.2074438073365483
Bi2Br2Se2-FeOCl-NM,2.3163315755132396
Bi2Cl2N2-FeOCl-NM,0.0
Bi2Cl2O2-FeOCl-NM,4.701648116199611
Bi2Cl2S2-FeOCl-NM,3.2512338480458562
Bi2Cl2Se2-FeOCl-NM,2.3588804697406833
Bi2I2N2-FeOCl-NM,1.5333431329728588
Bi2I2O2-FeOCl-NM,3.464436165518136
Bi2I2S2-FeOCl-NM,2.8629173525714995
Bi2I2Se2-FeOCl-NM,2.246598085939964
Br2Ge2N2-FeOCl-NM,2.8294305213291793
Br2Ge2O2-FeOCl-NM,0.0
Br2Ge2S2-FeOCl-NM,0.0
Br2Ge2Se2-FeOCl-NM,0.0
Cl2Ge2N2-FeOCl-NM,3.2617636123763334
Cl2Ge2O2-FeOCl-NM,0.0
Cl2Ge2S2-FeOCl-NM,0.0
Cl2Ge2Se2-FeOCl-NM,0.0
Co2Br2N2-FeOCl-NM,0.0
Co2Br2O2-FeOCl-NM,0.5883754944414337
Co2Br2S2-FeOCl-NM,0.025162305799545148
Co2Br2Se2-FeOCl-NM,0.0
Co2Cl2N2-FeOCl-NM,0.0
Co2Cl2O2-FeOCl-NM,0.8282720187759018
Co2Cl2S2-FeOCl-NM,0.038453100363230686
Co2Cl2Se2-FeOCl-NM,0.0
Co2I2N2-FeOCl-NM,0.0
Co2I2O2-FeOCl-NM,0.0
Co2I2S2-FeOCl-NM,0.0
Co2I2Se2-FeOCl-NM,0.0
Cu2Br2N2-FeOCl-NM,0.0
Cu2Br2O2-FeOCl-NM,0.0
Cu2Cl2O2-FeOCl-NM,0.0
Cu2Cl2Se2-FeOCl-NM,0.0
Cu2I2N2-FeOCl-NM,0.0
Cu2I2O2-FeOCl-NM,0.0
Cu2I2S2-FeOCl-NM,0.0
Cu2I2Se2-FeOCl-NM,0.0
Cu2Cl2S2-FeOCl-NM,0.0
Cu2Br2Se2-FeOCl-NM,0.0
Fe2I2S2-FeOCl-NM,0.0
Ga2Br2N2-FeOCl-NM,0.0
Ga2Br2O2-FeOCl-NM,4.197336195131781
Ga2Br2S2-FeOCl-NM,2.542087856995191
Ga2Br2Se2-FeOCl-NM,1.378769147232683
Ga2Cl2N2-FeOCl-NM,2.041930924881182
Ga2Cl2O2-FeOCl-NM,5.899917200674346
Ga2Cl2S2-FeOCl-NM,2.4292812629201417
Ga2Cl2Se2-FeOCl-NM,1.1959695576366776
Ga2I2N2-FeOCl-NM,0.0
Ga2I2O2-FeOCl-NM,1.935365184656967
Ga2I2S2-FeOCl-NM,1.5929147741994298
Ga2I2Se2-FeOCl-NM,1.4600415440034034
Ge2I2N2-FeOCl-NM,0.20241998355430724
Ge2I2O2-FeOCl-NM,0.0
Ge2I2S2-FeOCl-NM,0.0
Ge2I2Se2-FeOCl-NM,0.0
Hf2Br2N2-FeOCl-NM,3.761789664786463
Hf2Br2O2-FeOCl-NM,0.0
Hf2Br2S2-FeOCl-NM,0.0
Hf2Br2Se2-FeOCl-NM,0.0
Hf2Cl2N2-FeOCl-NM,3.80732865504903
Hf2Cl2O2-FeOCl-NM,0.0
Hf2Cl2S2-FeOCl-NM,0.0
Hf2Cl2Se2-FeOCl-NM,0.0
Hf2I2N2-FeOCl-NM,3.1513118365536292
Hf2I2O2-FeOCl-NM,0.0
Hf2I2S2-FeOCl-NM,0.0
Hf2I2Se2-FeOCl-NM,0.0
Hg2Br2N2-FeOCl-NM,0.0
Hg2Cl2N2-FeOCl-NM,0.0
Hg2Cl2S2-FeOCl-NM,0.0
Hg2Cl2Se2-FeOCl-NM,0.0
Hg2I2N2-FeOCl-NM,0.0
Hg2I2O2-FeOCl-NM,1.0470320618680016
Hg2I2S2-FeOCl-NM,1.5430275378610436
Hg2Br2Se2-FeOCl-NM,0.0
Hg2I2Se2-FeOCl-NM,0.0
In2Br2N2-FeOCl-NM,1.824831672979451
In2Br2O2-FeOCl-NM,4.125722702748546
In2Br2S2-FeOCl-NM,3.3385585107914584
In2Br2Se2-FeOCl-NM,2.207501067892414
In2Cl2N2-FeOCl-NM,1.8136989311395495
In2Cl2O2-FeOCl-NM,4.79748086817348
In2Cl2S2-FeOCl-NM,3.251916207912957
In2Cl2Se2-FeOCl-NM,2.1045677170773716
In2I2N2-FeOCl-NM,1.8558258171149986
In2I2O2-FeOCl-NM,2.430126540867422
In2I2S2-FeOCl-NM,2.7885400881953077
In2I2Se2-FeOCl-NM,2.2120622495273508
Ir2Br2N2-FeOCl-NM,0.0
Ir2Br2O2-FeOCl-NM,0.7295821532883023
Ir2Br2S2-FeOCl-NM,0.6804477313812649
Ir2Br2Se2-FeOCl-NM,0.16374463675551887
Ir2Cl2N2-FeOCl-NM,0.0
Ir2Cl2O2-FeOCl-NM,0.9428258100330653
Ir2Cl2S2-FeOCl-NM,0.6583937834625377
Ir2Cl2Se2-FeOCl-NM,0.11783247004944508
Ir2I2N2-FeOCl-NM,0.0
Ir2I2O2-FeOCl-NM,0.1749031189510736
Ir2I2S2-FeOCl-NM,0.4830131715900866
Ir2I2Se2-FeOCl-NM,0.054299277953791414
Mo2Br2N2-FeOCl-NM,0.0
Mo2Br2O2-FeOCl-NM,0.0
Mo2Br2S2-FeOCl-NM,0.0
Mo2Br2Se2-FeOCl-NM,0.0
Mo2Cl2N2-FeOCl-NM,0.0
Mo2Cl2O2-FeOCl-NM,0.0
Mo2I2N2-FeOCl-NM,0.0
Mo2I2O2-FeOCl-NM,0.0
Mo2I2Se2-FeOCl-NM,0.0
Nb2Br2N2-FeOCl-NM,0.0
Nb2Br2O2-FeOCl-NM,0.0
Nb2Br2S2-FeOCl-NM,0.0
Nb2Br2Se2-FeOCl-NM,0.0
Nb2Cl2N2-FeOCl-NM,0.0
Nb2Cl2O2-FeOCl-NM,0.0
Nb2Cl2S2-FeOCl-NM,0.0
Nb2Cl2Se2-FeOCl-NM,0.0
Nb2I2N2-FeOCl-NM,0.0
Nb2I2O2-FeOCl-NM,0.0
Nb2I2S2-FeOCl-NM,0.0
Nb2I2Se2-FeOCl-NM,0.0
Ni2Br2S2-FeOCl-NM,0.0
Ni2Br2Se2-FeOCl-NM,0.0
Ni2Cl2N2-FeOCl-NM,0.0
Ni2Cl2S2-FeOCl-NM,0.0
Ni2I2N2-FeOCl-NM,0.0
Ni2I2S2-FeOCl-NM,0.0
Ni2I2Se2-FeOCl-NM,0.0
Ni2Br2N2-FeOCl-NM,0.0
Ni2Cl2Se2-FeOCl-NM,0.0
Os2Br2N2-FeOCl-NM,0.0
Os2Br2O2-FeOCl-NM,0.0
Os2Br2S2-FeOCl-NM,0.0
Os2Br2Se2-FeOCl-NM,0.0
Os2Cl2N2-FeOCl-NM,0.0
Os2Cl2O2-FeOCl-NM,0.0
Os2Cl2S2-FeOCl-NM,0.0
Os2Cl2Se2-FeOCl-NM,0.0
Os2I2O2-FeOCl-NM,0.0
Os2I2S2-FeOCl-NM,0.0
Os2I2Se2-FeOCl-NM,0.0
Pb2Br2N2-FeOCl-NM,0.0
Pb2Br2O2-FeOCl-NM,0.0
Pb2Br2S2-FeOCl-NM,0.0
Pb2Cl2N2-FeOCl-NM,0.0
Pb2Cl2O2-FeOCl-NM,0.0
Pb2Cl2S2-FeOCl-NM,0.0
Pb2Cl2Se2-FeOCl-NM,0.0
Pb2I2N2-FeOCl-NM,0.0
Pb2I2O2-FeOCl-NM,3.073439232692123
Pb2I2S2-FeOCl-NM,0.0
Pb2I2Se2-FeOCl-NM,1.9024178501623346
Pb2Br2Se2-FeOCl-NM,0.0
Pd2Br2N2-FeOCl-NM,0.0
Pd2Br2O2-FeOCl-NM,0.0
Pd2Br2S2-FeOCl-NM,3.7483354086466996
Pd2Cl2N2-FeOCl-NM,0.0
Pd2Cl2O2-FeOCl-NM,0.0
Pd2Cl2S2-FeOCl-NM,0.0
Pd2Cl2Se2-FeOCl-NM,0.0
Pd2I2N2-FeOCl-NM,0.0
Pd2I2O2-FeOCl-NM,0.0
Pd2I2S2-FeOCl-NM,0.0
Pd2I2Se2-FeOCl-NM,0.0
Pt2Br2N2-FeOCl-NM,0.20810737945464242
Pt2Br2O2-FeOCl-NM,0.0
Pt2Br2S2-FeOCl-NM,0.0
Pt2Br2Se2-FeOCl-NM,0.0
Pt2Cl2N2-FeOCl-NM,0.4900584649573205
Pt2Cl2O2-FeOCl-NM,0.0
Pt2Cl2S2-FeOCl-NM,0.0
Pt2Cl2Se2-FeOCl-NM,0.0
Pt2I2N2-FeOCl-NM,0.0
Pt2I2O2-FeOCl-NM,0.0
Pt2I2S2-FeOCl-NM,0.0
Pt2I2Se2-FeOCl-NM,0.0
Rh2Br2N2-FeOCl-NM,0.0
Rh2Br2O2-FeOCl-NM,0.33951154561770647
Rh2Br2S2-FeOCl-NM,0.22827385846652026
Rh2Br2Se2-FeOCl-NM,0.0
Rh2Cl2N2-FeOCl-NM,0.0
Rh2Cl2O2-FeOCl-NM,0.5563614127848959
Rh2Cl2Se2-FeOCl-NM,0.0
Rh2I2N2-FeOCl-NM,0.0
Rh2I2O2-FeOCl-NM,0.0
Rh2I2S2-FeOCl-NM,0.02377062604344471
Rh2I2Se2-FeOCl-NM,0.0
Rh2Cl2S2-FeOCl-NM,0.2006476714650498
Ru2Br2N2-FeOCl-NM,0.0
Ru2Br2O2-FeOCl-NM,0.0
Ru2Br2S2-FeOCl-NM,0.0
Ru2Br2Se2-FeOCl-NM,0.0
Ru2Cl2N2-FeOCl-NM,0.0
Ru2Cl2O2-FeOCl-NM,0.0
Ru2Cl2S2-FeOCl-NM,0.0
Ru2Cl2Se2-FeOCl-NM,0.0
Ru2I2S2-FeOCl-NM,0.0
Ru2I2Se2-FeOCl-NM,0.0
Ru2I2N2-FeOCl-NM,0.0
Sc2Br2N2-FeOCl-NM,3.995911944984626
Sc2Br2O2-FeOCl-NM,5.803668022683787
Sc2Br2S2-FeOCl-NM,3.9288704806881
Sc2Br2Se2-FeOCl-NM,3.012425388897117
Sc2Cl2N2-FeOCl-NM,3.277232545856293
Sc2Cl2O2-FeOCl-NM,7.378478280769073
Sc2Cl2S2-FeOCl-NM,3.8651518187295206
Sc2Cl2Se2-FeOCl-NM,2.831370478539243
Sc2I2N2-FeOCl-NM,3.1579883172600773
Sc2I2O2-FeOCl-NM,3.613725046954509
Sc2I2S2-FeOCl-NM,3.3381746000610635
Sc2I2Se2-FeOCl-NM,2.9344579347981785
Sn2Br2N2-FeOCl-NM,2.5315649482736164
Sn2Br2O2-FeOCl-NM,0.0
Sn2Br2S2-FeOCl-NM,0.0
Sn2Br2Se2-FeOCl-NM,0.0
Sn2Cl2N2-FeOCl-NM,2.666245120573918
Sn2Cl2O2-FeOCl-NM,0.0
Sn2Cl2S2-FeOCl-NM,0.0
Sn2Cl2Se2-FeOCl-NM,0.0
Sn2I2N2-FeOCl-NM,2.041804620597789
Sn2I2O2-FeOCl-NM,0.0
Sn2I2S2-FeOCl-NM,0.0
Sn2I2Se2-FeOCl-NM,0.0
Ta2Br2O2-FeOCl-NM,0.0
Ta2Br2S2-FeOCl-NM,0.0
Ta2Br2Se2-FeOCl-NM,0.0
Ta2Cl2N2-FeOCl-NM,0.0
Ta2Cl2O2-FeOCl-NM,0.0
Ta2Cl2S2-FeOCl-NM,0.0
Ta2Cl2Se2-FeOCl-NM,0.0
Ta2I2N2-FeOCl-NM,0.0
Ta2I2O2-FeOCl-NM,0.0
Ta2I2S2-FeOCl-NM,0.0
Ta2I2Se2-FeOCl-NM,0.0
Ta2Br2N2-FeOCl-NM,0.0
Ti2Br2N2-FeOCl-NM,1.6567897584760738
Ti2Br2O2-FeOCl-NM,0.0
Ti2Br2S2-FeOCl-NM,0.0
Ti2Cl2N2-FeOCl-NM,1.6663208560441456
Ti2I2N2-FeOCl-NM,0.3662207821727228
Ti2I2O2-FeOCl-NM,0.0
Ti2I2S2-FeOCl-NM,0.0
Tl2Br2N2-FeOCl-NM,0.6173419142833416
Tl2Br2O2-FeOCl-NM,2.059454937008451
Tl2Cl2N2-FeOCl-NM,0.6156788946187897
Tl2Cl2O2-FeOCl-NM,2.198634347572728
Tl2I2N2-FeOCl-NM,0.4779353795058441
Tl2I2O2-FeOCl-NM,0.9262703176420586
Tl2I2S2-FeOCl-NM,0.6551568271298311
V2Br2N2-FeOCl-NM,0.0
V2Cl2N2-FeOCl-NM,0.0
W2Br2N2-FeOCl-NM,0.0
W2Br2O2-FeOCl-NM,0.0
W2Br2Se2-FeOCl-NM,0.0
W2Cl2N2-FeOCl-NM,0.0
W2Cl2O2-FeOCl-NM,0.0
W2Cl2S2-FeOCl-NM,0.0
W2Cl2Se2-FeOCl-NM,0.0
W2I2N2-FeOCl-NM,0.0
W2I2O2-FeOCl-NM,0.0
W2I2Se2-FeOCl-NM,0.0
Zr2Br2N2-FeOCl-NM,3.5125642127178107
Zr2Br2O2-FeOCl-NM,0.0
Zr2Br2S2-FeOCl-NM,0.0
Zr2Br2Se2-FeOCl-NM,0.0
Zr2Cl2N2-FeOCl-NM,3.5434259926591665
Zr2Cl2O2-FeOCl-NM,0.0
Zr2Cl2Se2-FeOCl-NM,0.0
Zr2I2N2-FeOCl-NM,2.7079116323241266
Zr2I2O2-FeOCl-NM,0.0
Zr2I2S2-FeOCl-NM,0.0
Zr2I2Se2-FeOCl-NM,0.0
Zr2Cl2S2-FeOCl-NM,0.0
Al2O2-GaS-NM,2.30135355070136
Al2S2-GaS-NM,3.6968077916578066
Al2Se2-GaS-NM,3.464311825434582
Al2Te2-GaS-NM,3.1090639332987036
Au2O2-GaS-NM,0.0
Au2S2-GaS-NM,0.0
Au2Se2-GaS-NM,0.0
Au2Te2-GaS-NM,0.0
Bi2O2-GaS-NM,1.9901693257835174
Bi2S2-GaS-NM,1.11452834414871
Bi2Se2-GaS-NM,0.7774408434194314
Bi2Te2-GaS-NM,0.0
Co2O2-GaS-NM,0.0
Co2S2-GaS-NM,0.0
Co2Se2-GaS-NM,0.0
Co2Te2-GaS-NM,0.0
Cu2S2-GaS-NM,0.0
Cu2Se2-GaS-NM,0.0
Cu2Te2-GaS-NM,0.0
Fe2O2-GaS-NM,0.0
Fe2S2-GaS-NM,0.0
Fe2Se2-GaS-NM,0.0
Ga2O2-GaS-NM,2.97210898004976
Ga2S2-GaS-NM,3.749467696974839
Ga2Se2-GaS-NM,2.923186865842153
Ga2Te2-GaS-NM,2.2471108481395015
Hf2O2-GaS-NM,0.0
Hf2S2-GaS-NM,0.0
Hf2Se2-GaS-NM,0.0
Hf2Te2-GaS-NM,0.0
In2O2-GaS-NM,1.1388835262654773
In2S2-GaS-NM,2.9867158652644776
In2Se2-GaS-NM,2.5160234533339505
In2Te2-GaS-NM,2.2985544119335453
Ir2O2-GaS-NM,0.1673122094746209
Ir2S2-GaS-NM,0.4643207632098444
Ir2Se2-GaS-NM,0.8337113216845979
Ir2Te2-GaS-NM,0.0
Mo2O2-GaS-NM,0.0
Mo2S2-GaS-NM,0.0
Mo2Se2-GaS-NM,0.0
Mo2Te2-GaS-NM,0.0
Nb2O2-GaS-NM,0.0
Nb2S2-GaS-NM,0.0
Nb2Se2-GaS-NM,0.0
Nb2Te2-GaS-NM,0.0
Ni2S2-GaS-NM,0.0
Ni2Se2-GaS-NM,0.0
Ni2Te2-GaS-NM,0.0
Os2O2-GaS-NM,0.0
Os2S2-GaS-NM,0.0
Os2Se2-GaS-NM,0.0
Os2Te2-GaS-NM,0.0
Pd2O2-GaS-NM,0.0
Pd2S2-GaS-NM,0.0
Pd2Se2-GaS-NM,0.0
Pd2Te2-GaS-NM,0.0
Pt2O2-GaS-NM,0.0
Pt2S2-GaS-NM,0.0
Pt2Se2-GaS-NM,0.0
Pt2Te2-GaS-NM,0.0
Re2O2-GaS-NM,0.0
Re2S2-GaS-NM,0.0
Re2Se2-GaS-NM,0.0
Re2Te2-GaS-NM,0.0
Rh2O2-GaS-NM,0.10508734916881268
Rh2S2-GaS-NM,0.0
Rh2Se2-GaS-NM,0.0
Rh2Te2-GaS-NM,0.0
Ru2O2-GaS-NM,0.0
Ru2S2-GaS-NM,0.0
Ru2Se2-GaS-NM,0.0
Ru2Te2-GaS-NM,0.0
Sc2O2-GaS-NM,1.519429535042148
Sc2S2-GaS-NM,1.1701717747378597
Sc2Se2-GaS-NM,1.0034474052019746
Sc2Te2-GaS-NM,0.619861345977521
Ta2O2-GaS-NM,0.0
Ta2S2-GaS-NM,0.0
Ta2Se2-GaS-NM,0.0
Ti2O2-GaS-NM,0.0
Ti2S2-GaS-NM,0.0
Ti2Se2-GaS-NM,0.0
Ti2Te2-GaS-NM,0.4516502790893222
Tl2O2-GaS-NM,0.10634072512640902
Tl2S2-GaS-NM,1.2866118694147977
Tl2Se2-GaS-NM,1.0122697648700396
Tl2Te2-GaS-NM,0.8642241410051215
V2S2-GaS-NM,0.5212329611397999
V2Se2-GaS-NM,0.6247888942753617
V2Te2-GaS-NM,0.6026276272613684
W2O2-GaS-NM,0.0
W2S2-GaS-NM,0.0
W2Se2-GaS-NM,0.0
W2Te2-GaS-NM,0.0
Zr2O2-GaS-NM,0.0
Zr2S2-GaS-NM,0.0
Zr2Se2-GaS-NM,0.056149824733517706
Zr2Te2-GaS-NM,0.8778426497164016
Co2S6-Undefined-NM,0.0
Co2Se6-Undefined-NM,0.0
Fe2Te6-VTe3-NM,0.0
Hf2O6-TiS3-NM,6.027823171513726
Hf2S6-TiS3-NM,2.215264613571576
Hf2Se6-TiS3-NM,0.9849985257270716
Hf2Te6-TiS3-NM,0.0
Ir2S6-Undefined-NM,0.0
Ir2Se6-VTe3-NM,0.0
Ir2Te6-VTe3-NM,0.0
Nb2S6-TiS3-NM,0.0
Os2Se6-VTe3-NM,0.0
W2S6-TiS3-NM,0.0
C2F2-CH-NM,5.077059455321053
C2H2-CH-NM,7.326378825629407
F2Ge2-CH-NM,0.2512110659885387
Ge2H2-CH-NM,1.5782304139695666
F2Si2-CH-NM,1.716742951199837
H2Si2-CH-NM,3.4481138389592085
CF2Si-CH2Si-NM,3.782084280161423
CH2Si-CH2Si-NM,6.33192576216064
Sn2F2-CH-NM,0.0
Sn2H2-CH-NM,0.8495560132822471
Hf4Cl4S4-HfBrS-NM,0.0
Hf4Cl4Se4-HfBrS-NM,0.0
Hf4I4Se4-HfBrS-NM,0.0
Zr4Br4Se4-HfBrS-NM,0.0
Zr4Cl4Se4-HfBrS-NM,0.0
Zr4I4S4-HfBrS-NM,0.0
