Ag2O2-AuSe-NM,2
Ag2S2-AuSe-NM,2
Ag2Se2-AuSe-NM,2
Ag2Te2-AuSe-NM,2
Au2O2-AuSe-NM,2
Au2S2-AuSe-NM,2
Au2Se2-AuSe-NM,2
Au2Te2-AuSe-NM,2
Co2O2-AuSe-FM,2
Co2S2-NiSe-FM,2
Co2S2-NiSe-NM,2
Co2Se2-NiSe-FM,2
Co2Se2-NiSe-NM,2
Co2Te2-NiSe-FM,2
Co2Te2-NiSe-NM,2
Cr2O2-RhO-FM,2
Cr2S2-NiSe-AFM,2
Cr2Se2-NiSe-AFM,2
Cr2Te2-NiSe-AFM,2
Cu2O2-AuSe-NM,2
Cu2S2-AuSe-NM,2
Cu2Se2-AuSe-NM,2
Cu2Te2-NiSe-NM,2
Fe2O2-AuSe-FM,2
Fe2S2-NiSe-FM,2
Fe2Se2-NiSe-FM,2
Fe2Te2-NiSe-FM,2
Hf2O2-AuSe-FM,2
Hf2O2-AuSe-NM,2
Hf2S2-AuSe-FM,2
Hf2S2-AuSe-NM,2
Hf2Se2-NiSe-NM,2
Hf2Te2-NiSe-NM,2
Ir2O2-AuSe-NM,2
Ir2S2-NiSe-NM,2
Ir2Se2-AuSe-NM,2
Ir2Te2-NiSe-NM,2
Mn2O2-AuSe-FM,2
Mn2S2-NiSe-AFM,2
Mn2Se2-NiSe-FM,2
Mn2Te2-NiSe-FM,2
Mo2O2-RhO-FM,2
Mo2O2-RhO-NM,2
Mo2S2-Undefined-NM,2
Mo2Se2-Undefined-NM,2
Mo2Te2-Undefined-NM,2
Nb2O2-RhO-NM,2
Nb2S2-NiSe-NM,2
Nb2Se2-NiSe-NM,2
Nb2Te2-NiSe-NM,2
Ni2O2-AuSe-FM,2
Ni2O2-AuSe-NM,2
Ni2S2-NiSe-FM,2
Ni2Se2-NiSe-FM,2
Ni2Te2-NiSe-FM,2
Os2O2-RhO-NM,2
Os2S2-RhO-NM,2
Os2Se2-RhO-NM,2
Os2Te2-Undefined-NM,2
Pb2O2-Undefined-NM,2
Pb2Se2-RhO-NM,2
Pb2Te2-AuSe-NM,2
Pt2O2-AuSe-NM,2
Pt2S2-AuSe-NM,2
Pt2Se2-NiSe-NM,2
Pt2Te2-NiSe-NM,2
Re2O2-RhO-NM,2
Re2S2-RhO-NM,2
Re2Se2-RhO-NM,2
Re2Te2-Undefined-NM,2
Rh2O2-RhO-NM,2
Rh2S2-AuSe-NM,2
Rh2Se2-AuSe-NM,2
Rh2Te2-NiSe-NM,2
Ru2O2-RhO-NM,2
Ru2S2-RhO-NM,2
Ru2Se2-RhO-NM,2
Ru2Te2-Undefined-NM,2
Sc2O2-AuSe-FM,2
Sc2O2-AuSe-NM,2
Sc2S2-AuSe-NM,2
Sc2Se2-NiSe-FM,2
Sc2Se2-NiSe-NM,2
Sc2Te2-NiSe-FM,2
Sc2Te2-NiSe-NM,2
Ta2O2-RhO-NM,2
Ta2S2-NiSe-NM,2
Ta2Se2-NiSe-NM,2
Ta2Te2-NiSe-NM,2
Ti2O2-AuSe-FM,2
Ti2O2-AuSe-NM,2
Ti2S2-NiSe-NM,2
Ti2Se2-NiSe-NM,2
Ti2Te2-NiSe-NM,2
V2O2-RhO-NM,2
V2S2-NiSe-FM,2
V2S2-NiSe-NM,2
V2S2-NiSe-AFM,2
V2Se2-NiSe-NM,2
V2Se2-NiSe-AFM,2
V2Te2-NiSe-FM,2
V2Te2-NiSe-NM,2
W2O2-AuSe-NM,2
W2S2-AuSe-NM,2
W2Se2-NiSe-NM,2
W2Te2-NiSe-NM,2
Zr2O2-AuSe-FM,2
Zr2O2-AuSe-NM,2
Zr2S2-NiSe-NM,2
Zr2Se2-NiSe-NM,2
Zr2Te2-NiSe-NM,2
AlAs-BN-NM,2
AlN-BN-NM,2
AlSb-GeSe-NM,2
AsB-BN-NM,2
BN-BN-NM,2
BP-BN-NM,2
BSb-BN-NM,2
GaAs-GeSe-NM,2
GaN-BN-NM,2
GaP-GeSe-NM,2
GeO-GeSe-NM,2
GeS-GeSe-NM,2
GeSe-GeSe-NM,2
GeTe-GeSe-NM,2
HgO-BN-NM,2
HgS-BN-NM,2
HgSe-GeSe-NM,2
HgTe-GeSe-NM,2
InAs-GeSe-NM,2
InN-BN-NM,2
InP-GeSe-NM,2
InSb-GeSe-NM,2
PbO-GeSe-NM,2
PbS-GeSe-NM,2
PbSe-GeSe-NM,2
PbTe-GeSe-NM,2
SnO-GeSe-NM,2
SnS-GeSe-NM,2
SnSe-GeSe-NM,2
SnTe-GeSe-NM,2
AsBrS-BiTeI-NM,3
AsClS-BiTeI-NM,3
AsBrSe-BiTeI-NM,3
AsClSe-BiTeI-NM,3
AsISe-BiTeI-NM,3
AsIS-BiTeI-NM,3
AsBrTe-BiTeI-NM,3
AsClTe-BiTeI-NM,3
AsITe-BiTeI-NM,3
BiBrS-BiTeI-NM,3
BiClS-BiTeI-NM,3
BiBrSe-BiTeI-NM,3
BiClSe-BiTeI-NM,3
BiISe-BiTeI-NM,3
BiIS-BiTeI-NM,3
BiBrTe-BiTeI-NM,3
BiClTe-BiTeI-NM,3
BiITe-BiTeI-NM,3
BrSSb-BiTeI-NM,3
ClSSb-BiTeI-NM,3
BrSbSe-BiTeI-NM,3
ClSbSe-BiTeI-NM,3
ISbSe-BiTeI-NM,3
ISSb-BiTeI-NM,3
BrSbTe-BiTeI-NM,3
ClSbTe-BiTeI-NM,3
ISbTe-BiTeI-NM,3
BiWSb-BiTeI-NM,3
WBrI-BiTeI-NM,3
WSeTe-BiTeI-NM,3
WSSe-BiTeI-NM,3
BiZrAs-BiTeI-NM,3
ZrAsSb-BiTeI-NM,3
ZrBrCl-BiTeI-NM,3
ZrBrI-BiTeI-NM,3
ZrSeTe-BiTeI-NM,3
ZrSSe-BiTeI-NM,3
ZrSTe-BiTeI-NM,3
BiCrAs-BiTeI-NM,3
CrAsSb-BiTeI-FM,3
CrAsSb-BiTeI-NM,3
BiCrSb-BiTeI-FM,3
CrBrCl-BiTeI-FM,3
CrBrI-BiTeI-FM,3
CrClI-BiTeI-FM,3
CrSeTe-BiTeI-NM,3
CrSSe-BiTeI-NM,3
CrSTe-BiTeI-NM,3
BiHfAs-BiTeI-NM,3
HfAsSb-BiTeI-NM,3
BiHfSb-BiTeI-NM,3
HfBrCl-BiTeI-NM,3
HfBrI-BiTeI-NM,3
HfClI-BiTeI-NM,3
HfSeTe-BiTeI-NM,3
HfSSe-BiTeI-NM,3
HfSTe-BiTeI-NM,3
BiMoAs-BiTeI-NM,3
MoAsSb-BiTeI-NM,3
BiMoSb-BiTeI-NM,3
MoBrCl-BiTeI-NM,3
MoBrI-BiTeI-NM,3
MoClI-BiTeI-NM,3
MoSeTe-BiTeI-NM,3
MoSSe-BiTeI-NM,3
MoSTe-BiTeI-NM,3
BiNbAs-BiTeI-NM,3
NbAsSb-BiTeI-NM,3
BiNbSb-BiTeI-NM,3
NbBrCl-BiTeI-NM,3
NbBrI-BiTeI-NM,3
NbClI-BiTeI-NM,3
NbSeTe-BiTeI-NM,3
NbSSe-BiTeI-NM,3
NbSTe-BiTeI-NM,3
BiTaAs-BiTeI-NM,3
TaAsSb-BiTeI-NM,3
BiTaSb-BiTeI-NM,3
TaBrCl-BiTeI-NM,3
TaBrI-BiTeI-NM,3
TaClI-BiTeI-NM,3
TaSeTe-BiTeI-NM,3
TaSSe-BiTeI-NM,3
TaSTe-BiTeI-NM,3
BiTiAs-BiTeI-NM,3
TiAsSb-BiTeI-NM,3
BiTiSb-BiTeI-NM,3
TiBrCl-BiTeI-FM,3
TiBrCl-BiTeI-NM,3
TiBrI-BiTeI-FM,3
TiClI-BiTeI-FM,3
TiSeTe-BiTeI-NM,3
TiSSe-BiTeI-NM,3
TiSTe-BiTeI-NM,3
BiVAs-BiTeI-NM,3
VAsSb-BiTeI-NM,3
BiVSb-BiTeI-FM,3
BiVSb-BiTeI-NM,3
VBrCl-BiTeI-FM,3
VBrI-BiTeI-FM,3
VClI-BiTeI-FM,3
VSeTe-BiTeI-FM,3
VSSe-BiTeI-FM,3
VSSe-BiTeI-NM,3
VSTe-BiTeI-FM,3
BiWAs-BiTeI-NM,3
WAsSb-BiTeI-NM,3
WBrCl-BiTeI-NM,3
WClI-BiTeI-NM,3
WSTe-BiTeI-NM,3
BiZrSb-BiTeI-NM,3
ZrClI-BiTeI-NM,3
As2-C-NM,1
C2-C-NM,1
Ge2-C-NM,1
Si2-C-NM,1
Sn2-C-NM,1
As2C6-C3N-NM,2
As2Ge6-C3N-NM,2
As2Si6-C3N-NM,2
Bi2C6-C3N-NM,2
Bi2Ge6-C3N-NM,2
Bi2Pb6-C3N-NM,2
Bi2Si6-C3N-NM,2
Bi2Sn6-C3N-NM,2
C6N2-C3N-NM,2
C6P2-C3N-NM,2
C6Sb2-C3N-NM,2
Ge6N2-C3N-NM,2
Ge6P2-C3N-NM,2
Ge6Sb2-C3N-NM,2
N2Si6-C3N-NM,2
P2Si6-C3N-NM,2
Pb6As2-C3N-NM,2
Pb6N2-C3N-NM,2
Pb6P2-C3N-NM,2
Pb6Sb2-C3N-NM,2
Sb2Si6-C3N-NM,2
Sn6As2-C3N-NM,2
Sn6N2-C3N-NM,2
Sn6P2-C3N-NM,2
Sn6Sb2-C3N-NM,2
Sc2S2-CH-FM,2
Sc2S2-CH-NM,2
Sc2Se2-CH-FM,2
Sc2Se2-CH-NM,2
Sc2Te2-CH-FM,2
Sc2F2-CH-FM,2
Sc2Cl2-CH-FM,2
Sc2Br2-GaSe-FM,2
Sc2I2-CH-FM,2
Ti2S2-CH-NM,2
Ti2Se2-CH-NM,2
Ti2Te2-CH-FM,2
Ti2F2-CH-NM,2
Ti2Cl2-CH-NM,2
Ti2Cl2-CH-AFM,2
Ti2Br2-CH-NM,2
Ti2Br2-CH-AFM,2
Ti2I2-CH-FM,2
Ti2I2-CH-NM,2
V2S2-CH-NM,2
V2Se2-CH-NM,2
V2Te2-CH-NM,2
V2Te2-CH-AFM,2
V2F2-CH-NM,2
V2Cl2-CH-NM,2
V2Br2-CH-FM,2
V2Br2-CH-NM,2
V2Br2-CH-AFM,2
V2I2-CH-NM,2
V2I2-CH-AFM,2
Cr2S2-CH-FM,2
Cr2Se2-CH-FM,2
Cr2Se2-CH-AFM,2
Cr2Te2-CH-AFM,2
Cr2F2-CH-NM,2
Cr2Cl2-CH-AFM,2
Cr2Br2-CH-AFM,2
Cr2I2-CH-FM,2
Cr2I2-CH-AFM,2
Mn2S2-CH-AFM,2
Mn2Se2-CH-AFM,2
Mn2Te2-CH-FM,2
Mn2Te2-CH-AFM,2
Mn2Br2-CH-AFM,2
Fe2S2-CH-AFM,2
Fe2Se2-CH-FM,2
Fe2Se2-CH-AFM,2
Fe2Te2-CH-FM,2
Fe2Te2-CH-AFM,2
Fe2F2-CH-FM,2
Fe2F2-CH-AFM,2
Fe2Cl2-CH-FM,2
Fe2Cl2-CH-AFM,2
Fe2Br2-CH-FM,2
Fe2Br2-CH-AFM,2
Fe2I2-CH-FM,2
Fe2I2-CH-AFM,2
Co2S2-CH-NM,2
Co2Se2-CH-NM,2
Co2Te2-CH-NM,2
Co2F2-CH-FM,2
Co2F2-CH-AFM,2
Co2Cl2-CH-FM,2
Co2Cl2-CH-AFM,2
Co2Br2-CH-FM,2
Co2Br2-CH-AFM,2
Co2I2-CH-FM,2
Co2I2-CH-AFM,2
Ni2S2-CH-NM,2
Ni2Se2-CH-NM,2
Ni2Te2-CH-NM,2
Ni2F2-CH-FM,2
Ni2F2-CH-AFM,2
Ni2Cl2-CH-FM,2
Ni2Br2-CH-FM,2
Ni2I2-CH-FM,2
Cu2S2-CH-NM,2
Cu2Se2-CH-NM,2
Cu2Te2-CH-NM,2
Cu2F2-CH-FM,2
Cu2F2-CH-NM,2
Cu2Cl2-CH-NM,2
Cu2Br2-CH-NM,2
Cu2I2-CH-NM,2
Zn2S2-CH-NM,2
Zn2Se2-CH-NM,2
Zn2Te2-CH-NM,2
Zn2F2-CH-NM,2
Zn2Cl2-CH-NM,2
Zn2Br2-CH-NM,2
Zn2I2-GaSe-NM,2
Ga2Te2-CH-NM,2
Cl2Ge2-CH-NM,2
Br2Ge2-CH-NM,2
Ge2I2-CH-NM,2
Zr2S2-CH-NM,2
Zr2Se2-CH-NM,2
Zr2Te2-CH-NM,2
Zr2F2-CH-NM,2
Zr2Cl2-CH-NM,2
Zr2Br2-CH-NM,2
Zr2I2-CH-NM,2
Nb2S2-CH-NM,2
Nb2Se2-CH-NM,2
Nb2Te2-CH-NM,2
Nb2F2-CH-NM,2
Nb2Cl2-CH-NM,2
Nb2Br2-CH-NM,2
Nb2I2-ISb-NM,2
Mo2S2-CH-NM,2
Mo2Se2-CH-NM,2
Mo2Te2-CH-NM,2
Mo2F2-CH-NM,2
Mo2Cl2-CH-NM,2
Mo2Br2-CH-NM,2
Mo2I2-CH-NM,2
Ru2S2-CH-NM,2
Ru2Se2-CH-NM,2
Ru2Te2-CH-NM,2
Ru2F2-GaSe-NM,2
Ru2Cl2-CH-NM,2
Ru2Br2-CH-NM,2
Ru2I2-CH-NM,2
Rh2S2-CH-NM,2
Rh2Se2-CH-NM,2
Rh2Te2-CH-NM,2
Rh2F2-CH-FM,2
Rh2Cl2-CH-FM,2
Rh2Br2-CH-FM,2
Rh2I2-CH-NM,2
Pd2S2-CH-NM,2
Pd2Se2-CH-NM,2
Pd2Te2-CH-NM,2
Pd2F2-GaSe-NM,2
Pd2Cl2-CH-NM,2
Pd2Br2-CH-NM,2
Pd2I2-CH-NM,2
Ag2S2-CH-FM,2
Ag2S2-CH-NM,2
Ag2Se2-CH-NM,2
Ag2Te2-CH-NM,2
Ag2F2-Undefined-NM,2
Ag2Cl2-CH-NM,2
Ag2Br2-CH-NM,2
Ag2I2-CH-NM,2
Cd2S2-CH-NM,2
Cd2Se2-CH-NM,2
Cd2Te2-CH-NM,2
Cd2F2-CH-NM,2
Cd2Cl2-CH-NM,2
Cd2Br2-CH-NM,2
Cd2I2-CH-NM,2
In2S2-CH-NM,2
In2Te2-CH-NM,2
In2I2-CH-NM,2
Sn2Cl2-CH-NM,2
Sn2Br2-CH-NM,2
Sn2I2-CH-NM,2
S2Sb2-CH-NM,2
Sb2Se2-CH-NM,2
Sb2Te2-CH-NM,2
F2Sb2-Undefined-NM,2
Cl2Sb2-CH-NM,2
Br2Sb2-CH-NM,2
I2Sb2-ISb-NM,2
Hf2S2-CH-NM,2
Hf2Se2-CH-NM,2
Hf2Te2-CH-FM,2
Hf2Te2-CH-NM,2
Hf2F2-CH-NM,2
Hf2Cl2-CH-NM,2
Hf2Br2-CH-NM,2
Hf2I2-CH-NM,2
Ta2S2-CH-NM,2
Ta2Se2-CH-NM,2
Ta2Te2-CH-NM,2
Ta2F2-CH-NM,2
Ta2Cl2-CH-NM,2
Ta2Br2-CH-FM,2
Ta2Br2-CH-NM,2
Ta2I2-CH-NM,2
W2S2-CH-NM,2
W2Se2-CH-NM,2
W2Te2-CH-NM,2
W2F2-CH-NM,2
W2Cl2-CH-NM,2
W2Br2-CH-NM,2
W2I2-CH-NM,2
Re2S2-CH-NM,2
Re2Se2-CH-NM,2
Re2Te2-CH-NM,2
Re2F2-CH-NM,2
Re2Cl2-CH-NM,2
Re2Br2-CH-NM,2
Re2I2-CH-NM,2
Os2S2-CH-NM,2
Os2Se2-CH-NM,2
Os2Te2-CH-NM,2
Os2F2-CH-NM,2
Os2Cl2-CH-NM,2
Os2Br2-CH-NM,2
Os2I2-CH-NM,2
Ir2S2-CH-NM,2
Ir2Se2-CH-NM,2
Ir2Te2-CH-NM,2
Ir2F2-Undefined-NM,2
Ir2Cl2-ISb-NM,2
Ir2Br2-CH-NM,2
Ir2I2-CH-NM,2
Pt2S2-CH-NM,2
Pt2Se2-CH-NM,2
Pt2Te2-CH-NM,2
Pt2Cl2-GaSe-NM,2
Pt2Br2-CH-NM,2
Pt2I2-CH-NM,2
Au2Se2-CH-NM,2
Au2Te2-CH-NM,2
Au2Br2-CH-NM,2
Au2I2-CH-NM,2
Hg2Se2-CH-NM,2
Hg2Te2-CH-NM,2
Hg2F2-CH-NM,2
Hg2Cl2-CH-NM,2
Hg2Br2-CH-NM,2
Hg2I2-GaSe-NM,2
Tl2Se2-CH-NM,2
Tl2Te2-CH-NM,2
Tl2Cl2-CH-NM,2
Tl2Br2-ISb-NM,2
Tl2I2-CH-NM,2
Pb2Te2-CH-NM,2
Pb2F2-CH-NM,2
Pb2Cl2-CH-NM,2
Pb2Br2-CH-NM,2
Pb2I2-ISb-NM,2
Bi2S2-CH-NM,2
Bi2Se2-CH-NM,2
Bi2Te2-CH-NM,2
Bi2F2-CH-NM,2
Bi2Cl2-CH-NM,2
Bi2Br2-CH-NM,2
Bi2I2-CH-NM,2
Fe2Br2-FeSe-FM,2
Fe2Br2-FeSe-AFM,2
Co2O2-PbSe-AFM,2
Co2O2-FeSe-FM,2
Co2S2-FeSe-FM,2
Co2Se2-FeSe-FM,2
Co2Se2-FeSe-NM,2
Co2Te2-FeSe-NM,2
Cr2O2-FeSe-AFM,2
Cr2O2-FeSe-FM,2
Cr2S2-FeSe-AFM,2
Cr2S2-FeSe-FM,2
Cr2Se2-FeSe-AFM,2
Cr2Se2-FeSe-FM,2
Cr2Te2-FeSe-AFM,2
Cr2Te2-FeSe-FM,2
Fe2O2-PbSe-AFM,2
Fe2S2-FeSe-NM,2
Fe2Se2-FeSe-AFM,2
Fe2Te2-FeSe-AFM,2
Fe2Te2-FeSe-FM,2
Hf2O2-FeSe-NM,2
Hf2S2-FeSe-NM,2
Hf2Se2-FeSe-NM,2
Hf2Te2-FeSe-NM,2
Ir2O2-FeSe-FM,2
Ir2O2-FeSe-NM,2
Ir2S2-FeSe-NM,2
Ir2Se2-FeSe-NM,2
Ir2Te2-FeSe-NM,2
Mn2O2-FeSe-AFM,2
Mn2O2-FeSe-FM,2
Mn2S2-FeSe-AFM,2
Mn2S2-FeSe-FM,2
Mn2Se2-FeSe-AFM,2
Mn2Se2-FeSe-FM,2
Mn2Te2-FeSe-AFM,2
Mn2Te2-FeSe-FM,2
Mo2O2-FeSe-NM,2
Mo2S2-FeSe-NM,2
Mo2Se2-FeSe-NM,2
Mo2Te2-FeSe-NM,2
Nb2O2-FeSe-NM,2
Nb2S2-FeSe-NM,2
Nb2Se2-FeSe-NM,2
Nb2Te2-FeSe-NM,2
Ni2O2-PbSe-AFM,2
Ni2O2-PbSe-FM,2
Ni2S2-FeSe-NM,2
Ni2Se2-FeSe-NM,2
Ni2Te2-FeSe-FM,2
Ni2Te2-FeSe-NM,2
Os2O2-FeSe-NM,2
Os2S2-FeSe-NM,2
Os2Se2-FeSe-NM,2
Os2Te2-FeSe-NM,2
Pb2O2-FeSe-NM,2
Pb2S2-FeSe-NM,2
Pb2Se2-FeSe-NM,2
Pb2Te2-FeSe-NM,2
Pt2O2-FeSe-NM,2
Pt2S2-FeSe-NM,2
Pt2Se2-FeSe-NM,2
Pt2Te2-FeSe-NM,2
Re2O2-FeSe-NM,2
Re2S2-FeSe-NM,2
Re2Se2-FeSe-NM,2
Re2Te2-FeSe-NM,2
Rh2O2-FeSe-NM,2
Rh2S2-FeSe-FM,2
Rh2S2-FeSe-NM,2
Rh2Se2-FeSe-NM,2
Rh2Te2-FeSe-NM,2
Ru2O2-FeSe-NM,2
Ru2S2-FeSe-NM,2
Ru2Se2-FeSe-NM,2
Ru2Te2-FeSe-NM,2
Sc2O2-FeSe-NM,2
Sc2S2-FeSe-NM,2
Sc2Se2-FeSe-NM,2
Sc2Te2-FeSe-NM,2
Ta2O2-FeSe-NM,2
Ta2S2-FeSe-NM,2
Ta2Se2-FeSe-NM,2
Ta2Te2-FeSe-NM,2
Ti2O2-FeSe-NM,2
Ti2S2-FeSe-NM,2
Ti2Se2-FeSe-NM,2
Ti2Te2-FeSe-FM,2
Ti2Te2-FeSe-NM,2
V2O2-FeSe-NM,2
V2S2-FeSe-FM,2
V2S2-FeSe-NM,2
V2Se2-FeSe-FM,2
V2Se2-FeSe-NM,2
V2Te2-FeSe-AFM,2
V2Te2-FeSe-NM,2
W2O2-FeSe-NM,2
W2S2-FeSe-NM,2
W2Se2-FeSe-NM,2
W2Te2-FeSe-NM,2
Zr2O2-FeSe-NM,2
Zr2S2-FeSe-NM,2
Zr2Se2-FeSe-NM,2
Zr2Te2-FeSe-NM,2
Fe2I2-FeSe-FM,2
Fe2I2-FeSe-AFM,2
Ca2F2-PbSe-NM,2
Ca2Br2-FeSe-NM,2
Sc2F2-FeSe-NM,2
Sc2Br2-FeSe-FM,2
Ti2F2-FeSe-NM,2
Ti2I2-FeSe-NM,2
V2Cl2-FeSe-FM,2
V2Cl2-FeSe-NM,2
V2Cl2-FeSe-AFM,2
V2I2-FeSe-FM,2
V2I2-FeSe-NM,2
Cr2Cl2-FeSe-FM,2
Cr2Cl2-FeSe-AFM,2
Mn2F2-FeSe-FM,2
Mn2F2-FeSe-AFM,2
Mn2Br2-FeSe-FM,2
Mn2Br2-FeSe-AFM,2
Fe2Cl2-FeSe-FM,2
Fe2Cl2-FeSe-AFM,2
K2Br2-FeSe-NM,2
Ca2Cl2-FeSe-NM,2
Ca2I2-FeSe-FM,2
Sc2I2-FeSe-FM,2
Ti2Cl2-FeSe-NM,2
V2F2-FeSe-FM,2
V2F2-FeSe-AFM,2
V2Br2-FeSe-FM,2
V2Br2-FeSe-NM,2
Cr2F2-FeSe-FM,2
Cr2F2-FeSe-AFM,2
Cr2Br2-FeSe-FM,2
Cr2Br2-FeSe-AFM,2
Mn2Cl2-FeSe-FM,2
Mn2Cl2-FeSe-AFM,2
Mn2I2-FeSe-FM,2
Mn2I2-FeSe-AFM,2
Co2F2-FeSe-FM,2
Co2F2-FeSe-AFM,2
Fe2F2-FeSe-FM,2
Fe2F2-FeSe-AFM,2
Nb2Br2-FeSe-NM,2
K2F2-FeSe-NM,2
K2Cl2-FeSe-NM,2
K2I2-FeSe-NM,2
Ti2Br2-FeSe-NM,2
Cr2I2-FeSe-FM,2
Cr2I2-FeSe-AFM,2
Co2Cl2-FeSe-FM,2
Co2Cl2-FeSe-AFM,2
Co2Br2-FeSe-FM,2
Co2Br2-FeSe-AFM,2
Co2I2-FeSe-FM,2
Ni2F2-FeSe-FM,2
Ni2F2-FeSe-AFM,2
Ni2Cl2-FeSe-FM,2
Ni2Cl2-FeSe-AFM,2
Ni2Br2-FeSe-FM,2
Ni2Br2-FeSe-AFM,2
Ni2I2-FeSe-FM,2
Cu2F2-FeSe-NM,2
Cu2Cl2-FeSe-NM,2
Cu2Br2-FeSe-NM,2
Cu2I2-FeSe-NM,2
Zn2F2-FeSe-NM,2
Zn2Cl2-FeSe-NM,2
Zn2Br2-FeSe-NM,2
Zn2I2-FeSe-FM,2
Zn2I2-FeSe-NM,2
Ga2Cl2-FeSe-NM,2
Ga2Br2-FeSe-NM,2
Ga2I2-FeSe-NM,2
Br2Ge2-FeSe-NM,2
Ge2I2-FeSe-NM,2
Rb2F2-FeSe-NM,2
Rb2Cl2-FeSe-NM,2
Rb2Br2-FeSe-NM,2
Rb2I2-FeSe-NM,2
Sr2F2-PbSe-NM,2
Sr2Br2-FeSe-NM,2
Sr2I2-FeSe-FM,2
Y2F2-FeSe-NM,2
Y2Cl2-FeSe-FM,2
Y2Br2-FeSe-FM,2
Y2I2-FeSe-FM,2
Zr2F2-FeSe-NM,2
Zr2Cl2-FeSe-NM,2
Zr2Br2-FeSe-NM,2
Zr2I2-FeSe-NM,2
Nb2F2-FeSe-NM,2
Nb2Cl2-FeSe-FM,2
Nb2Cl2-FeSe-NM,2
Nb2Cl2-FeSe-AFM,2
Nb2I2-FeSe-FM,2
Nb2I2-FeSe-NM,2
Mo2F2-FeSe-AFM,2
Mo2Cl2-FeSe-NM,2
Mo2Cl2-FeSe-AFM,2
Mo2Br2-FeSe-NM,2
Mo2Br2-FeSe-AFM,2
Mo2I2-FeSe-NM,2
Mo2I2-FeSe-AFM,2
Ru2F2-FeSe-NM,2
Ru2Cl2-FeSe-NM,2
Ru2Br2-FeSe-FM,2
Ru2Br2-FeSe-NM,2
Ru2I2-FeSe-NM,2
Rh2F2-FeSe-FM,2
Rh2Cl2-FeSe-FM,2
Rh2Br2-FeSe-FM,2
Rh2I2-FeSe-NM,2
Pd2F2-FeSe-NM,2
Pd2Cl2-FeSe-NM,2
Pd2Br2-FeSe-FM,2
Pd2Br2-FeSe-NM,2
Pd2I2-FeSe-FM,2
Ag2F2-FeSe-NM,2
Ag2Cl2-FeSe-NM,2
Ag2Br2-FeSe-NM,2
Ag2I2-FeSe-NM,2
Cd2F2-FeSe-NM,2
Cd2Cl2-FeSe-NM,2
Cd2Br2-FeSe-NM,2
Cd2I2-FeSe-NM,2
In2Cl2-FeSe-NM,2
In2Br2-FeSe-NM,2
In2I2-FeSe-NM,2
Sn2Cl2-FeSe-NM,2
Sn2Br2-FeSe-NM,2
Sn2I2-FeSe-NM,2
Cl2Sb2-FeSe-NM,2
Br2Sb2-FeSe-NM,2
I2Sb2-FeSe-NM,2
Cs2F2-FeSe-NM,2
Cs2Cl2-FeSe-NM,2
Cs2Br2-FeSe-NM,2
Ba2Cl2-FeSe-NM,2
Ba2Br2-FeSe-NM,2
Ba2I2-FeSe-NM,2
Hf2F2-FeSe-NM,2
Hf2Cl2-FeSe-NM,2
Hf2Br2-FeSe-NM,2
Hf2I2-FeSe-NM,2
Ta2F2-FeSe-NM,2
Ta2Cl2-FeSe-FM,2
Ta2Cl2-FeSe-NM,2
Ta2Br2-FeSe-NM,2
Ta2I2-FeSe-NM,2
W2F2-FeSe-NM,2
W2Cl2-FeSe-NM,2
W2Br2-FeSe-NM,2
W2I2-FeSe-NM,2
Re2F2-FeSe-NM,2
Re2F2-FeSe-AFM,2
Re2Cl2-FeSe-NM,2
Re2Br2-FeSe-NM,2
Re2I2-FeSe-NM,2
Os2F2-FeSe-NM,2
Os2Cl2-FeSe-NM,2
Os2Br2-FeSe-NM,2
Os2I2-FeSe-NM,2
Ir2F2-FeSe-NM,2
Ir2Cl2-FeSe-NM,2
Ir2Br2-FeSe-NM,2
Ir2I2-FeSe-NM,2
Pt2F2-FeSe-FM,2
Pt2F2-FeSe-NM,2
Pt2Cl2-FeSe-NM,2
Pt2Br2-FeSe-NM,2
Pt2I2-FeSe-NM,2
Au2Cl2-FeSe-NM,2
Au2Br2-FeSe-NM,2
Au2I2-FeSe-NM,2
Hg2Cl2-FeSe-NM,2
Hg2Br2-FeSe-NM,2
Hg2I2-FeSe-FM,2
Hg2I2-FeSe-NM,2
Tl2Cl2-FeSe-NM,2
Tl2Br2-FeSe-NM,2
Tl2I2-FeSe-NM,2
Pb2Cl2-FeSe-NM,2
Pb2Br2-FeSe-NM,2
Pb2I2-FeSe-NM,2
Bi2Cl2-FeSe-NM,2
Bi2Br2-FeSe-NM,2
Bi2I2-FeSe-NM,2
Ag2Te2-GaSe-NM,2
Al2S2-GaSe-NM,2
Al2Se2-GaSe-NM,2
Al2Te2-GaSe-NM,2
Au2S2-GaSe-NM,2
Au2Se2-GaSe-NM,2
Au2Te2-GaSe-NM,2
Bi2S2-GaSe-NM,2
Bi2Se2-GaSe-NM,2
Bi2Te2-GaSe-NM,2
Co2S2-GaSe-NM,2
Co2Se2-GaSe-FM,2
Co2Se2-GaSe-NM,2
Co2Te2-GaSe-FM,2
Co2Te2-GaSe-NM,2
Cu2Se2-GaSe-NM,2
Cu2Te2-GaSe-FM,2
Cu2Te2-GaSe-NM,2
Fe2S2-GaSe-NM,2
Fe2Se2-GaSe-FM,2
Fe2Se2-GaSe-NM,2
Fe2Te2-GaSe-FM,2
Fe2Te2-GaSe-NM,2
Ga2S2-GaSe-NM,2
Ga2Se2-GaSe-NM,2
Ga2Te2-GaSe-NM,2
Hf2S2-GaSe-FM,2
Hf2S2-GaSe-NM,2
Hf2Se2-GaSe-FM,2
Hf2Te2-GaSe-NM,2
In2S2-GaSe-NM,2
In2Se2-GaSe-NM,2
In2Te2-GaSe-NM,2
Ir2S2-GaSe-NM,2
Ir2Se2-GaSe-NM,2
Ir2Te2-GaSe-NM,2
Mn2S2-GaSe-FM,2
Mn2S2-GaSe-NM,2
Mn2Se2-GaSe-AFM,2
Mn2Se2-GaSe-FM,2
Mn2Te2-GaSe-AFM,2
Mn2Te2-GaSe-FM,2
Mo2Se2-CH-NM-2,2
Nb2S2-GaSe-FM,2
Nb2S2-GaSe-NM,2
Nb2Se2-GaSe-FM,2
Nb2Se2-GaSe-NM,2
Nb2Te2-GaSe-NM,2
Ni2S2-GaSe-FM,2
Ni2S2-GaSe-NM,2
Ni2Se2-GaSe-NM,2
Ni2Te2-GaSe-NM,2
Os2S2-GaSe-NM,2
Os2Se2-GaSe-NM,2
Os2Te2-GaSe-NM,2
Pd2S2-GaSe-NM,2
Pd2Se2-GaSe-NM,2
Pd2Te2-GaSe-NM,2
Pt2S2-GaSe-NM,2
Pt2Se2-GaSe-NM,2
Pt2Te2-GaSe-NM,2
Rh2S2-GaSe-NM,2
Rh2Se2-GaSe-NM,2
Rh2Te2-GaSe-NM,2
Ru2S2-GaSe-NM,2
Ru2Se2-GaSe-NM,2
Ru2Te2-GaSe-NM,2
S2Sb2-GaSe-NM,2
Sb2Se2-GaSe-NM,2
Sc2S2-GaSe-NM,2
Sc2Se2-GaSe-NM,2
Sc2Te2-GaSe-NM,2
Ta2S2-GaSe-FM,2
Ta2S2-GaSe-NM,2
Ta2Se2-GaSe-NM,2
Ti2S2-GaSe-FM,2
Ti2S2-GaSe-NM,2
Ti2Se2-GaSe-FM,2
Ti2Te2-GaSe-NM,2
Tl2S2-GaSe-NM,2
Tl2Se2-GaSe-NM,2
Tl2Te2-GaSe-NM,2
V2S2-GaSe-AFM,2
V2S2-GaSe-NM,2
V2Se2-GaSe-NM,2
V2Te2-GaSe-NM,2
W2S2-GaSe-NM,2
W2Se2-CH-NM-2,2
W2Te2-GaSe-NM,2
Zr2S2-GaSe-NM,2
Zr2Se2-GaSe-NM,2
Zr2Te2-GaSe-NM,2
VI2-GeS2-FM,2
CrS2-GeS2-FM,2
CrSe2-GeS2-FM,2
CrF2-GeS2-FM,2
CrCl2-GeS2-FM,2
CrI2-GeS2-FM,2
MnO2-GeS2-FM,2
MnSe2-GeS2-FM,2
MnTe2-GeS2-FM,2
MnCl2-GeS2-FM,2
MnBr2-GeS2-FM,2
FeO2-GeS2-NM,2
FeS2-GeS2-NM,2
FeTe2-GeS2-FM,2
FeF2-GeS2-NM,2
FeBr2-GeS2-FM,2
FeI2-GeS2-FM,2
CoS2-GeS2-NM,2
CoSe2-GeS2-NM,2
CoF2-GeS2-FM,2
CoCl2-GeS2-FM,2
CoI2-GeS2-FM,2
NiO2-GeS2-FM,2
NiSe2-GeS2-FM,2
NiSe2-GeS2-NM,2
NiTe2-GeS2-FM,2
NiTe2-GeS2-NM,2
NiCl2-GeS2-NM,2
NiBr2-GeS2-FM,2
CuO2-GeS2-FM,2
CuS2-GeS2-NM,2
CuTe2-GeS2-NM,2
CuF2-GeS2-NM,2
CuBr2-GeS2-NM,2
CuI2-GeS2-NM,2
ZnS2-GeS2-NM,2
ZnSe2-GeS2-NM,2
ZnF2-GeS2-NM,2
ZnCl2-GeS2-NM,2
ZnI2-GeS2-NM,2
GaO2-GeS2-FM,2
GaSe2-GeS2-NM,2
GaF2-GeS2-NM,2
GaBr2-GeS2-NM,2
GeS2-GeS2-NM,2
GeSe2-GeS2-NM,2
Cl2Ge-GeS2-NM,2
GeI2-GeS2-NM,2
RbS2-GeS2-NM,2
RbTe2-GeS2-NM,2
RbI2-Undefined-NM,2
GaTe2-GeS2-NM,2
GaCl2-GeS2-NM,2
GeO2-GeS2-NM,2
GeTe2-GeS2-NM,2
F2Ge-GeS2-NM,2
Br2Ge-GeS2-NM,2
RbSe2-GeS2-NM,2
KS2-GeS2-NM,2
KSe2-GeS2-NM,2
KTe2-GeS2-NM,2
KI2-Undefined-NM,2
CaS2-GeS2-NM,2
CaSe2-GeS2-NM,2
CaTe2-GeS2-NM,2
CaF2-GeS2-NM,2
CaCl2-GeS2-NM,2
CaBr2-GeS2-NM,2
CaI2-GeS2-NM,2
ScS2-GeS2-NM,2
ScSe2-GeS2-NM,2
ScTe2-GeS2-NM,2
ScF2-GeS2-FM,2
ScF2-GeS2-NM,2
ScCl2-GeS2-FM,2
ScBr2-GeS2-FM,2
ScI2-GeS2-FM,2
TiO2-GeS2-NM,2
TiS2-GeS2-NM,2
TiSe2-GeS2-NM,2
TiTe2-GeS2-NM,2
TiF2-GeS2-FM,2
TiF2-GeS2-NM,2
TiCl2-GeS2-FM,2
TiBr2-GeS2-FM,2
TiI2-GeS2-FM,2
VO2-GeS2-FM,2
VS2-GeS2-FM,2
VSe2-GeS2-FM,2
VTe2-GeS2-FM,2
VF2-GeS2-NM,2
VCl2-GeS2-FM,2
VBr2-GeS2-FM,2
CrO2-GeS2-FM,2
CrTe2-GeS2-FM,2
CrBr2-GeS2-FM,2
MnS2-GeS2-FM,2
MnS2-GeS2-NM,2
MnF2-GeS2-FM,2
MnI2-GeS2-FM,2
FeSe2-GeS2-NM,2
FeCl2-GeS2-FM,2
CoO2-GeS2-NM,2
CoTe2-GeS2-NM,2
CoBr2-GeS2-FM,2
NiS2-GeS2-FM,2
NiS2-GeS2-NM,2
NiF2-GeS2-FM,2
NiI2-GeS2-FM,2
CuSe2-GeS2-NM,2
CuCl2-GeS2-FM,2
CuCl2-GeS2-NM,2
ZnTe2-GeS2-NM,2
ZnBr2-GeS2-NM,2
GaS2-GeS2-NM,2
GaI2-GeS2-NM,2
SrSe2-GeS2-NM,2
SrTe2-GeS2-NM,2
SrF2-GeS2-NM,2
SrCl2-GeS2-NM,2
SrBr2-GeS2-NM,2
SrI2-GeS2-NM,2
YS2-GeS2-FM,2
YSe2-GeS2-NM,2
YTe2-GeS2-NM,2
YF2-GeS2-FM,2
YF2-GeS2-NM,2
YCl2-GeS2-FM,2
YCl2-GeS2-NM,2
YBr2-GeS2-FM,2
YI2-GeS2-FM,2
ZrO2-GeS2-NM,2
ZrS2-GeS2-NM,2
ZrSe2-GeS2-NM,2
ZrTe2-GeS2-NM,2
ZrF2-GeS2-NM,2
ZrCl2-GeS2-NM,2
ZrBr2-GeS2-NM,2
ZrI2-GeS2-FM,2
NbO2-GeS2-FM,2
NbS2-GeS2-NM,2
NbSe2-GeS2-FM,2
NbSe2-GeS2-NM,2
NbTe2-GeS2-FM,2
NbF2-GeS2-NM,2
NbCl2-GeS2-NM,2
NbBr2-GeS2-NM,2
NbI2-GeS2-FM,2
NbI2-GeS2-NM,2
MoO2-GeS2-NM,2
MoS2-GeS2-NM,2
MoSe2-GeS2-FM,2
MoSe2-GeS2-NM,2
MoTe2-GeS2-FM,2
MoTe2-GeS2-NM,2
MoF2-GeS2-NM,2
MoCl2-GeS2-NM,2
MoBr2-GeS2-NM,2
MoI2-GeS2-FM,2
RuO2-GeS2-NM,2
RuS2-GeS2-NM,2
RuSe2-GeS2-NM,2
RuTe2-GeS2-NM,2
RuF2-GeS2-NM,2
RuCl2-GeS2-NM,2
RuBr2-GeS2-NM,2
RuI2-GeS2-NM,2
RhO2-GeS2-NM,2
RhS2-GeS2-NM,2
RhSe2-GeS2-NM,2
RhTe2-GeS2-NM,2
RhF2-GeS2-FM,2
RhCl2-GeS2-NM,2
RhBr2-GeS2-NM,2
RhI2-GeS2-NM,2
PdO2-GeS2-NM,2
PdS2-GeS2-NM,2
PdSe2-GeS2-NM,2
PdTe2-GeS2-NM,2
PdF2-GeS2-FM,2
PdCl2-GeS2-NM,2
PdBr2-GeS2-NM,2
PdI2-GeS2-NM,2
AgO2-GeS2-FM,2
AgS2-GeS2-NM,2
AgSe2-GeS2-NM,2
AgTe2-GeS2-NM,2
AgF2-Undefined-NM,2
AgCl2-GeS2-NM,2
AgBr2-GeS2-NM,2
AgI2-GeS2-NM,2
CdS2-GeS2-NM,2
CdSe2-GeS2-NM,2
CdTe2-GeS2-NM,2
CdF2-GeS2-NM,2
CdCl2-GeS2-NM,2
CdBr2-GeS2-NM,2
CdI2-GeS2-NM,2
InS2-GeS2-NM,2
InSe2-GeS2-NM,2
InTe2-GeS2-NM,2
InF2-GeS2-NM,2
InCl2-GeS2-NM,2
InBr2-GeS2-NM,2
InI2-GeS2-NM,2
SnO2-GeS2-NM,2
SnS2-GeS2-NM,2
SnSe2-GeS2-NM,2
SnTe2-GeS2-NM,2
SnF2-GeS2-NM,2
SnCl2-GeS2-NM,2
SnBr2-GeS2-NM,2
SnI2-GeS2-NM,2
O2Sb-GeS2-NM,2
S2Sb-GeS2-NM,2
SbSe2-GeS2-NM,2
SbTe2-GeS2-NM,2
F2Sb-GeS2-NM,2
Cl2Sb-GeS2-NM,2
Br2Sb-GeS2-FM,2
Br2Sb-GeS2-NM,2
I2Sb-GeS2-FM,2
CsO2-GeS2-NM,2
CsF2-Undefined-FM,2
BaTe2-GeS2-NM,2
BaF2-GeS2-NM,2
BaCl2-GeS2-NM,2
BaBr2-GeS2-NM,2
BaI2-GeS2-NM,2
HfO2-GeS2-NM,2
HfS2-GeS2-NM,2
HfSe2-GeS2-NM,2
HfTe2-GeS2-NM,2
HfF2-GeS2-NM,2
HfCl2-GeS2-NM,2
HfBr2-GeS2-NM,2
HfI2-GeS2-NM,2
TaO2-GeS2-FM,2
TaS2-GeS2-NM,2
TaSe2-GeS2-FM,2
TaSe2-GeS2-NM,2
TaTe2-GeS2-FM,2
TaTe2-GeS2-NM,2
TaF2-GeS2-NM,2
TaCl2-GeS2-NM,2
TaBr2-GeS2-NM,2
TaI2-GeS2-FM,2
TaI2-GeS2-NM,2
WO2-GeS2-NM,2
WS2-GeS2-NM,2
WSe2-GeS2-NM,2
WTe2-GeS2-NM,2
WF2-GeS2-FM,2
WF2-GeS2-NM,2
WCl2-GeS2-NM,2
WBr2-GeS2-NM,2
WI2-GeS2-NM,2
ReO2-GeS2-NM,2
ReS2-GeS2-NM,2
ReSe2-GeS2-NM,2
ReTe2-GeS2-NM,2
ReF2-GeS2-NM,2
ReCl2-GeS2-NM,2
ReBr2-GeS2-FM,2
ReBr2-GeS2-NM,2
ReI2-GeS2-FM,2
OsO2-GeS2-NM,2
OsS2-GeS2-NM,2
OsSe2-GeS2-NM,2
OsTe2-GeS2-NM,2
OsF2-GeS2-FM,2
OsF2-GeS2-NM,2
OsCl2-GeS2-NM,2
OsBr2-GeS2-NM,2
OsI2-GeS2-NM,2
IrO2-GeS2-NM,2
IrS2-GeS2-NM,2
IrSe2-GeS2-NM,2
IrTe2-GeS2-NM,2
IrF2-GeS2-FM,2
IrCl2-GeS2-NM,2
IrBr2-GeS2-NM,2
IrI2-GeS2-NM,2
PtO2-GeS2-NM,2
PtS2-GeS2-NM,2
PtSe2-GeS2-NM,2
PtTe2-GeS2-NM,2
PtF2-GeS2-FM,2
PtCl2-GeS2-NM,2
PtBr2-GeS2-NM,2
PtI2-GeS2-NM,2
AuO2-GeS2-NM,2
AuS2-GeS2-NM,2
AuSe2-GeS2-NM,2
AuTe2-GeS2-NM,2
AuF2-GeS2-FM,2
AuF2-GeS2-NM,2
AuCl2-GeS2-NM,2
AuBr2-GeS2-NM,2
AuI2-GeS2-NM,2
HgO2-GeS2-NM,2
HgS2-GeS2-NM,2
HgSe2-GeS2-NM,2
HgTe2-GeS2-NM,2
HgF2-GeS2-NM,2
HgCl2-GeS2-NM,2
HgBr2-GeS2-NM,2
HgI2-GeS2-NM,2
TlS2-GeS2-NM,2
TlSe2-GeS2-NM,2
TlTe2-GeS2-NM,2
TlF2-GeS2-NM,2
TlCl2-GeS2-NM,2
TlBr2-GeS2-NM,2
TlI2-GeS2-NM,2
PbO2-GeS2-NM,2
PbS2-GeS2-NM,2
PbSe2-GeS2-NM,2
PbTe2-GeS2-NM,2
PbF2-GeS2-NM,2
PbCl2-GeS2-NM,2
PbBr2-GeS2-NM,2
PbI2-GeS2-NM,2
BiO2-GeS2-NM,2
BiS2-GeS2-NM,2
BiSe2-GeS2-NM,2
BiTe2-GeS2-NM,2
BiF2-GeS2-NM,2
BiCl2-GeS2-NM,2
BiBr2-GeS2-FM,2
BiBr2-GeS2-NM,2
BiI2-GeS2-FM,2
Cd2P2S6-MnPSe3-NM,3
Sc2P2S6-ScPSe3-NM,3
Sc2P2Te6-MnPSe3-NM,3
Ti2P2S6-MnPSe3-FM,3
Ti2P2S6-MnPSe3-NM,3
Ti2P2S6-MnPSe3-AFM,3
Ti2P2Se6-MnPSe3-FM,3
Ti2P2Se6-MnPSe3-AFM,3
Ti2P2Te6-MnPSe3-FM,3
Ti2P2Te6-MnPSe3-AFM,3
V2P2Se6-VPSe3-FM,3
V2P2Se6-MnPSe3-AFM,3
V2P2Te6-Undefined-FM,3
V2P2Te6-MnPSe3-AFM,3
Cr2P2S6-MnPSe3-FM,3
Cr2P2S6-MnPSe3-AFM,3
Cr2P2Se6-ScPSe3-FM,3
Cr2P2Se6-ScPSe3-AFM,3
Cr2P2Te6-MnPSe3-FM,3
Cr2P2Te6-MnPSe3-AFM,3
Mn2P2S6-MnPSe3-FM,3
Mn2P2Se6-MnPSe3-FM,3
Mn2P2Se6-MnPSe3-AFM,3
Mn2P2Te6-MnPSe3-FM,3
Mn2P2Te6-Undefined-AFM,3
Fe2P2S6-MnPSe3-NM,3
Fe2P2Se6-MnPSe3-NM,3
Fe2P2Te6-MnPSe3-NM,3
Co2P2Se6-MnPSe3-NM,3
Co2P2Te6-MnPSe3-NM,3
Ni2P2S6-MnPSe3-FM,3
Ni2P2S6-MnPSe3-AFM,3
Ni2P2Se6-MnPSe3-FM,3
Ni2P2Se6-MnPSe3-AFM,3
Cu2P2Se6-MnPSe3-NM,3
Ir2P2Te6-MnPSe3-NM,3
Zn2P2Se6-MnPSe3-NM,3
Zn2P2Te6-MnPSe3-NM,3
Zr2P2S6-Undefined-NM,3
Zr2P2Se6-Undefined-NM,3
Zr2P2Te6-Undefined-NM,3
Nb2P2S6-MnPSe3-NM,3
Nb2P2S6-MnPSe3-AFM,3
Nb2P2Se6-Undefined-NM,3
Mo2P2S6-Undefined-NM,3
Mo2P2Se6-Undefined-NM,3
Mo2P2Te6-Undefined-NM,3
Ru2P2S6-MnPSe3-NM,3
Ru2P2Se6-MnPSe3-NM,3
Ru2P2Te6-MnPSe3-NM,3
Rh2P2Se6-MnPSe3-NM,3
Rh2P2Te6-MnPSe3-NM,3
Pd2P2S6-MnPSe3-NM,3
Pd2P2Se6-MnPSe3-NM,3
Pd2P2Te6-MnPSe3-NM,3
Hg2P2Se6-MnPSe3-NM,3
Co2P2S6-MnPSe3-NM,3
Rh2P2S6-MnPSe3-NM,3
Cd2P2Se6-MnPSe3-NM,3
Hf2P2S6-Undefined-NM,3
Hf2P2Se6-Undefined-NM,3
Hf2P2Te6-Undefined-NM,3
Ta2P2S6-Undefined-NM,3
Ta2P2Se6-Undefined-NM,3
W2P2S6-Undefined-NM,3
W2P2Se6-Undefined-NM,3
W2P2Te6-Undefined-NM,3
Os2P2S6-ScPSe3-NM,3
Os2P2Se6-MnPSe3-NM,3
Os2P2Te6-MnPSe3-NM,3
Ir2P2S6-MnPSe3-NM,3
Ir2P2Se6-MnPSe3-NM,3
Pt2P2S6-MnPSe3-NM,3
Pt2P2Se6-Undefined-NM,3
Pt2P2Te6-MnPSe3-NM,3
Hg2P2S6-MnPSe3-NM,3
Cu2P2S6-MnPSe3-FM,3
Cu2P2S6-MnPSe3-NM,3
Cd2P2Te6-MnPSe3-NM,3
Ge2P2Te6-Undefined-NM,3
Cu2P2Te6-MnPSe3-NM,3
Ga2P2Se6-MnPSe3-NM,3
Ga2P2Te6-Undefined-NM,3
Ge2P2S6-MnPSe3-NM,3
Ge2P2Se6-MnPSe3-NM,3
In2P2S6-Undefined-NM,3
In2P2Se6-MnPSe3-NM,3
In2P2Te6-MnPSe3-NM,3
Sn2P2S6-MnPSe3-NM,3
Sn2P2Se6-MnPSe3-NM,3
Sn2P2Te6-MnPSe3-NM,3
P2Sb2Se6-ScPSe3-NM,3
Tl2P2S6-MnPSe3-NM,3
Tl2P2Se6-MnPSe3-NM,3
Tl2P2Te6-MnPSe3-NM,3
Pb2P2S6-MnPSe3-NM,3
Pb2P2Se6-MnPSe3-NM,3
Bi2P2S6-VPSe3-NM,3
Bi2P2Se6-ScPSe3-NM,3
Bi2P2Te6-ScPSe3-NM,3
Ag2P2S6-MnPSe3-NM,3
Ag2P2Se6-MnPSe3-NM,3
Ag2P2Te6-MnPSe3-NM,3
Al2P2S6-ScPSe3-NM,3
Al2P2Se6-ScPSe3-NM,3
Al2P2Te6-MnPSe3-NM,3
Au2P2S6-Undefined-NM,3
Au2P2Se6-Undefined-NM,3
Au2P2Te6-MnPSe3-NM,3
Sc2P2Se6-ScPSe3-NM,3
Nb2P2Te6-Undefined-NM,3
P2Sb2Te6-ScPSe3-NM,3
V2P2S6-MnPSe3-FM,3
V2P2S6-MnPSe3-AFM,3
Zn2P2S6-MnPSe3-NM,3
Ta2P2Te6-Undefined-NM,3
Pb2P2Te6-MnPSe3-NM,3
Hg2P2Te6-MnPSe3-NM,3
Ni2P2Te6-MnPSe3-FM,3
Ni2P2Te6-MnPSe3-NM,3
AgBr2-CdI2-FM,2
AgBr2-CdI2-NM,2
AgCl2-CdI2-FM,2
AgI2-CdI2-NM,2
AlBr2-CdI2-FM,2
AlBr2-CdI2-NM,2
AlCl2-CdI2-FM,2
AlCl2-CdI2-NM,2
AlI2-CdI2-NM,2
AuBr2-CdI2-FM,2
AuBr2-CdI2-NM,2
AuCl2-CdI2-FM,2
AuCl2-CdI2-NM,2
AuI2-CdI2-FM,2
AuI2-CdI2-NM,2
BaBr2-CdI2-NM,2
BaCl2-CdI2-NM,2
BaI2-CdI2-NM,2
CaBr2-CdI2-NM,2
CaCl2-CdI2-NM,2
CaI2-CdI2-NM,2
CdBr2-CdI2-NM,2
CdCl2-CdI2-NM,2
CdI2-CdI2-NM,2
CoBr2-CdI2-FM,2
CoCl2-CdI2-FM,2
CoI2-CdI2-FM,2
CrBr2-CdI2-FM,2
CrCl2-CdI2-FM,2
CrI2-CdI2-FM,2
CuBr2-CdI2-FM,2
CuCl2-CdI2-FM,2
CuI2-CdI2-NM,2
FeBr2-CdI2-NM,2
FeCl2-CdI2-NM,2
FeI2-CdI2-NM,2
GaBr2-CdI2-NM,2
GaCl2-CdI2-FM,2
GaCl2-CdI2-NM,2
GaI2-CdI2-NM,2
Br2Ge-CdI2-NM,2
Cl2Ge-CdI2-NM,2
GeI2-CdI2-NM,2
HfBr2-CdI2-NM,2
HfCl2-CdI2-NM,2
HfI2-CdI2-NM,2
HgBr2-CdI2-NM,2
HgCl2-CdI2-NM,2
HgI2-CdI2-NM,2
InBr2-CdI2-NM,2
InCl2-CdI2-NM,2
InI2-CdI2-NM,2
IrBr2-CdI2-FM,2
IrBr2-CdI2-NM,2
IrCl2-CdI2-FM,2
IrI2-CdI2-NM,2
MgBr2-CdI2-NM,2
MgCl2-CdI2-NM,2
MgI2-CdI2-NM,2
MnBr2-CdI2-FM,2
MnCl2-CdI2-FM,2
MnI2-CdI2-FM,2
MoBr2-CdI2-NM,2
MoCl2-CdI2-NM,2
MoI2-CdI2-FM,2
NbBr2-CdI2-NM,2
NbCl2-CdI2-NM,2
NbI2-CdI2-NM,2
NiBr2-CdI2-FM,2
NiCl2-CdI2-FM,2
NiI2-CdI2-FM,2
OsBr2-CdI2-NM,2
OsCl2-CdI2-NM,2
OsI2-CdI2-NM,2
PbBr2-CdI2-NM,2
PbCl2-CdI2-NM,2
PbI2-CdI2-NM,2
PdBr2-CdI2-FM,2
PdCl2-CdI2-FM,2
PdI2-CdI2-NM,2
PtBr2-CdI2-FM,2
PtCl2-CdI2-FM,2
PtI2-CdI2-FM,2
PtI2-CdI2-NM,2
ReBr2-CdI2-FM,2
ReCl2-CdI2-NM,2
ReI2-CdI2-FM,2
RhBr2-CdI2-FM,2
RhCl2-CdI2-FM,2
RhI2-CdI2-FM,2
RhI2-CdI2-NM,2
RuBr2-CdI2-NM,2
RuCl2-CdI2-NM,2
RuI2-CdI2-NM,2
ScBr2-CdI2-NM,2
ScCl2-CdI2-NM,2
ScI2-CdI2-NM,2
SnBr2-CdI2-NM,2
SnCl2-CdI2-NM,2
SnI2-CdI2-NM,2
SrBr2-CdI2-NM,2
SrCl2-CdI2-NM,2
SrI2-CdI2-NM,2
TaBr2-CdI2-NM,2
TaCl2-CdI2-NM,2
TaI2-CdI2-NM,2
TiBr2-CdI2-FM,2
TiCl2-CdI2-NM,2
TiI2-CdI2-FM,2
TlBr2-CdI2-NM,2
TlCl2-CdI2-NM,2
TlI2-CdI2-NM,2
VBr2-CdI2-FM,2
VCl2-CdI2-FM,2
VI2-CdI2-FM,2
WBr2-CdI2-NM,2
WCl2-CdI2-NM,2
WI2-CdI2-NM,2
YBr2-CdI2-NM,2
YCl2-CdI2-NM,2
YI2-CdI2-NM,2
ZnBr2-CdI2-NM,2
ZnCl2-CdI2-NM,2
ZnI2-CdI2-NM,2
ZrBr2-CdI2-NM,2
ZrCl2-CdI2-NM,2
ZrI2-CdI2-NM,2
SbTe2-CdI2-NM,2
Br2Sb-CdI2-NM,2
MoSb2-CdI2-NM,2
Cl2Sb-CdI2-NM,2
NbAs2-CdI2-NM,2
Bi2Nb-CdI2-NM,2
I2Sb-CdI2-FM,2
I2Sb-CdI2-NM,2
SbSe2-CdI2-NM,2
MoAs2-CdI2-NM,2
NbSb2-CdI2-NM,2
AsBr2-CdI2-NM,2
AsCl2-CdI2-FM,2
AsCl2-CdI2-NM,2
AsI2-CdI2-NM,2
AsSe2-CdI2-NM,2
AsS2-CdI2-NM,2
AsTe2-CdI2-NM,2
BiBr2-CdI2-NM,2
BiCl2-CdI2-NM,2
BiI2-CdI2-FM,2
BiI2-CdI2-NM,2
BiSe2-CdI2-NM,2
BiS2-CdI2-NM,2
BiTe2-CdI2-NM,2
CrAs2-CdI2-FM,2
CrAs2-CdI2-NM,2
Bi2Cr-CdI2-FM,2
CrSb2-CdI2-FM,2
HfAs2-CdI2-NM,2
Bi2Hf-CdI2-NM,2
HfSb2-CdI2-NM,2
Bi2Mo-CdI2-NM,2
S2Sb-CdI2-NM,2
TaAs2-CdI2-NM,2
Bi2Ta-CdI2-NM,2
TaSb2-CdI2-NM,2
TiAs2-CdI2-NM,2
Bi2Ti-CdI2-NM,2
TiSb2-CdI2-NM,2
VAs2-CdI2-NM,2
Bi2V-CdI2-FM,2
Bi2V-CdI2-NM,2
VSb2-CdI2-NM,2
WAs2-CdI2-NM,2
Bi2W-CdI2-NM,2
WSb2-CdI2-NM,2
ZrAs2-CdI2-NM,2
Bi2Zr-CdI2-NM,2
ZrSb2-CdI2-NM,2
AgBr2-MoS2-FM,2
AgCl2-MoS2-FM,2
AgI2-MoS2-NM,2
AlCl2-MoS2-FM,2
AlI2-MoS2-NM,2
AuBr2-MoS2-FM,2
AuBr2-MoS2-NM,2
AuCl2-MoS2-FM,2
AuCl2-MoS2-NM,2
AuI2-MoS2-FM,2
BaBr2-MoS2-NM,2
BaCl2-MoS2-NM,2
BaI2-MoS2-NM,2
Br2Ge-MoS2-NM,2
CaBr2-MoS2-NM,2
CaCl2-MoS2-NM,2
CaI2-MoS2-NM,2
CdBr2-MoS2-NM,2
CdCl2-MoS2-NM,2
CdI2-MoS2-NM,2
Cl2Ge-MoS2-NM,2
CoBr2-MoS2-FM,2
CoCl2-MoS2-FM,2
CoI2-MoS2-FM,2
CrBr2-MoS2-FM,2
CrCl2-MoS2-FM,2
CrI2-MoS2-FM,2
CuBr2-MoS2-FM,2
CuCl2-MoS2-FM,2
CuI2-MoS2-FM,2
CuI2-MoS2-NM,2
FeBr2-MoS2-FM,2
FeCl2-MoS2-FM,2
FeI2-MoS2-FM,2
GaBr2-MoS2-NM,2
GaCl2-MoS2-FM,2
GaCl2-MoS2-NM,2
GaI2-MoS2-NM,2
HfBr2-MoS2-NM,2
HfCl2-MoS2-NM,2
HfI2-MoS2-NM,2
HgBr2-MoS2-NM,2
HgCl2-MoS2-NM,2
HgI2-MoS2-NM,2
InBr2-MoS2-FM,2
InBr2-MoS2-NM,2
InCl2-MoS2-NM,2
InI2-MoS2-NM,2
IrBr2-MoS2-NM,2
IrCl2-MoS2-FM,2
IrCl2-MoS2-NM,2
IrI2-MoS2-NM,2
MgBr2-MoS2-NM,2
MgCl2-MoS2-NM,2
MgI2-MoS2-NM,2
MnBr2-MoS2-FM,2
MnCl2-MoS2-FM,2
MnI2-MoS2-FM,2
MoBr2-MoS2-FM,2
MoBr2-MoS2-NM,2
MoCl2-MoS2-FM,2
MoCl2-MoS2-NM,2
MoI2-MoS2-FM,2
NbBr2-MoS2-NM,2
NbCl2-MoS2-NM,2
NbI2-MoS2-NM,2
NiBr2-MoS2-FM,2
NiCl2-MoS2-FM,2
NiI2-MoS2-FM,2
OsBr2-MoS2-FM,2
OsCl2-MoS2-FM,2
OsI2-MoS2-FM,2
OsI2-MoS2-NM,2
PbBr2-MoS2-NM,2
PbCl2-MoS2-NM,2
PbI2-MoS2-NM,2
PdBr2-MoS2-NM,2
PdCl2-MoS2-FM,2
PdI2-MoS2-NM,2
PtBr2-MoS2-NM,2
PtCl2-MoS2-FM,2
PtCl2-MoS2-NM,2
PtI2-MoS2-NM,2
ReBr2-MoS2-FM,2
ReCl2-MoS2-FM,2
ReI2-MoS2-FM,2
RhBr2-MoS2-FM,2
RhCl2-MoS2-FM,2
RhI2-MoS2-FM,2
RhI2-MoS2-NM,2
RuBr2-MoS2-FM,2
RuCl2-MoS2-FM,2
RuI2-MoS2-FM,2
ScBr2-MoS2-FM,2
ScCl2-MoS2-FM,2
ScI2-MoS2-FM,2
SnBr2-MoS2-NM,2
SnCl2-MoS2-NM,2
SnI2-MoS2-NM,2
SrBr2-MoS2-NM,2
SrCl2-MoS2-NM,2
SrI2-MoS2-NM,2
TaBr2-MoS2-NM,2
TaCl2-MoS2-NM,2
TaI2-MoS2-NM,2
TiBr2-MoS2-NM,2
TiCl2-MoS2-NM,2
TiI2-MoS2-NM,2
TlBr2-MoS2-NM,2
TlCl2-MoS2-FM,2
TlCl2-MoS2-NM,2
TlI2-MoS2-NM,2
VBr2-MoS2-FM,2
VCl2-MoS2-FM,2
VI2-MoS2-FM,2
WBr2-MoS2-NM,2
WCl2-MoS2-NM,2
WI2-MoS2-NM,2
YBr2-MoS2-FM,2
YCl2-MoS2-FM,2
YI2-MoS2-FM,2
ZnBr2-MoS2-NM,2
ZnCl2-MoS2-NM,2
ZnI2-MoS2-NM,2
ZrBr2-MoS2-NM,2
ZrCl2-MoS2-NM,2
ZrI2-MoS2-NM,2
TiAs2-MoS2-NM,2
Bi2Ta-MoS2-NM,2
S2Sb-MoS2-NM,2
TaSb2-MoS2-NM,2
SbTe2-MoS2-NM,2
Bi2Ti-MoS2-NM,2
I2Sb-MoS2-NM,2
TaAs2-MoS2-NM,2
AsBr2-MoS2-NM,2
AsCl2-MoS2-NM,2
AsI2-MoS2-FM,2
AsI2-MoS2-NM,2
AsSe2-MoS2-NM,2
AsS2-MoS2-NM,2
AsTe2-MoS2-NM,2
BiBr2-MoS2-NM,2
BiCl2-MoS2-NM,2
BiI2-MoS2-NM,2
BiSe2-MoS2-NM,2
BiS2-MoS2-NM,2
BiTe2-MoS2-NM,2
CrAs2-MoS2-FM,2
CrAs2-MoS2-NM,2
Bi2Cr-MoS2-FM,2
CrSb2-MoS2-FM,2
HfAs2-MoS2-NM,2
Bi2Hf-MoS2-NM,2
HfSb2-MoS2-NM,2
MoAs2-MoS2-NM,2
Bi2Mo-MoS2-NM,2
MoSb2-MoS2-NM,2
NbAs2-MoS2-NM,2
Bi2Nb-MoS2-NM,2
NbSb2-MoS2-NM,2
Br2Sb-MoS2-NM,2
Cl2Sb-MoS2-NM,2
SbSe2-MoS2-NM,2
TiSb2-MoS2-NM,2
VAs2-MoS2-NM,2
Bi2V-MoS2-FM,2
Bi2V-MoS2-NM,2
VSb2-MoS2-NM,2
WAs2-MoS2-NM,2
Bi2W-MoS2-NM,2
WSb2-MoS2-NM,2
ZrAs2-MoS2-NM,2
Bi2Zr-MoS2-NM,2
ZrSb2-MoS2-NM,2
Ag2Br6-BiI3-AFM,2
Ag2Br6-BiI3-FM,2
Ag2Cl6-BiI3-AFM,2
Ag2Cl6-BiI3-FM,2
Ag2I6-BiI3-FM,2
Ag2I6-BiI3-NM,2
Al2Br6-BiI3-NM,2
Al2Cl6-BiI3-NM,2
Al2I6-BiI3-NM,2
As2Br6-BiI3-NM,2
As2I6-BiI3-NM,2
Au2Br6-BiI3-AFM,2
Au2Br6-BiI3-FM,2
Au2Cl6-BiI3-AFM,2
Au2Cl6-BiI3-FM,2
Au2I6-BiI3-FM,2
Au2I6-BiI3-NM,2
Bi2Br6-BiI3-NM,2
Bi2Cl6-BiI3-NM,2
Bi2I6-BiI3-NM,2
Br6Sb2-BiI3-NM,2
Co2Br6-BiI3-NM,2
Co2Cl6-BiI3-NM,2
Co2I6-BiI3-NM,2
Cr2Br6-BiI3-AFM,2
Cr2Br6-BiI3-FM,2
Cr2Cl6-BiI3-AFM,2
Cr2Cl6-BiI3-FM,2
Cr2I6-BiI3-AFM,2
Cr2I6-BiI3-FM,2
Cu2Br6-BiI3-AFM,2
Cu2Br6-BiI3-FM,2
Cu2Cl6-BiI3-AFM,2
Cu2Cl6-BiI3-FM,2
Cu2I6-BiI3-AFM,2
Cu2I6-BiI3-FM,2
Cu2I6-BiI3-NM,2
Fe2Br6-BiI3-FM,2
Fe2Cl6-BiI3-FM,2
Fe2I6-BiI3-AFM,2
Fe2I6-BiI3-FM,2
Ga2Br6-BiI3-NM,2
Ga2Cl6-BiI3-NM,2
Ga2I6-BiI3-NM,2
Hf2Br6-BiI3-FM,2
Hf2Br6-BiI3-NM,2
Hf2Cl6-BiI3-FM,2
Hf2Cl6-BiI3-NM,2
Hf2I6-BiI3-FM,2
Hf2I6-BiI3-NM,2
I6Sb2-BiI3-NM,2
In2Br6-BiI3-NM,2
In2Cl6-BiI3-NM,2
In2I6-BiI3-NM,2
Ir2Br6-BiI3-NM,2
Ir2Cl6-BiI3-NM,2
Ir2I6-BiI3-NM,2
Mn2Br6-BiI3-AFM,2
Mn2Br6-BiI3-FM,2
Mn2Cl6-BiI3-FM,2
Mn2I6-BiI3-AFM,2
Mn2I6-BiI3-FM,2
Mo2Br6-BiI3-AFM,2
Mo2Cl6-BiI3-AFM,2
Mo2I6-BiI3-AFM,2
Mo2I6-BiI3-FM,2
Nb2Br6-BiI3-FM,2
Nb2Cl6-BiI3-FM,2
Nb2I6-BiI3-FM,2
Ni2Br6-BiI3-AFM,2
Ni2Br6-BiI3-FM,2
Ni2Cl6-BiI3-FM,2
Ni2I6-BiI3-FM,2
Os2Br6-BiI3-FM,2
Os2Cl6-BiI3-FM,2
Os2I6-BiI3-FM,2
Os2I6-BiI3-NM,2
Pd2Br6-BiI3-FM,2
Pd2Cl6-BiI3-FM,2
Pd2I6-BiI3-FM,2
Pt2Br6-BiI3-FM,2
Pt2Cl6-BiI3-FM,2
Pt2I6-BiI3-FM,2
Re2Br6-BiI3-FM,2
Re2Cl6-BiI3-FM,2
Re2I6-BiI3-FM,2
Rh2Br6-BiI3-NM,2
Rh2Cl6-BiI3-NM,2
Rh2I6-BiI3-NM,2
Ru2Br6-BiI3-FM,2
Ru2Cl6-BiI3-FM,2
Ru2I6-BiI3-FM,2
Ru2I6-BiI3-NM,2
Sc2Br6-BiI3-NM,2
Sc2Cl6-BiI3-NM,2
Sc2I6-BiI3-NM,2
Ta2Br6-BiI3-FM,2
Ta2Br6-BiI3-NM,2
Ta2Cl6-BiI3-FM,2
Ta2Cl6-BiI3-NM,2
Ta2I6-BiI3-AFM,2
Ta2I6-BiI3-FM,2
Ta2I6-BiI3-NM,2
Ti2Cl6-BiI3-FM,2
Tl2Br6-BiI3-NM,2
Tl2Cl6-BiI3-NM,2
Tl2I6-BiI3-NM,2
V2Br6-BiI3-FM,2
V2Cl6-BiI3-FM,2
V2I6-BiI3-FM,2
W2Br6-BiI3-AFM,2
W2Cl6-BiI3-AFM,2
W2Cl6-BiI3-NM,2
W2I6-BiI3-AFM,2
W2I6-BiI3-FM,2
Y2Br6-BiI3-NM,2
Y2Cl6-BiI3-NM,2
Y2I6-BiI3-NM,2
Zr2Br6-BiI3-FM,2
Zr2Cl6-BiI3-FM,2
Zr2I6-BiI3-FM,2
Ag2Br6-AgBr3-FM,2
Ag2Br6-AgBr3-NM,2
Ag2Cl6-AgBr3-FM,2
Ag2Cl6-AgBr3-NM,2
Ag2I6-AgBr3-NM,2
Al2Br6-TiCl3-NM,2
Al2Cl6-TiCl3-NM,2
Al2I6-TiCl3-NM,2
Au2Br6-AgBr3-NM,2
Au2Cl6-AgBr3-FM,2
Au2Cl6-AgBr3-NM,2
Au2I6-AgBr3-NM,2
Bi2Br6-AgBr3-NM,2
Bi2Cl6-AgBr3-NM,2
Bi2I6-TiCl3-NM,2
Co2Br6-AgBr3-AFM,2
Co2Br6-AgBr3-FM,2
Co2Cl6-AgBr3-AFM,2
Co2Cl6-AgBr3-FM,2
Co2I6-AgBr3-AFM,2
Co2I6-AgBr3-FM,2
Cr2Br6-TiCl3-AFM,2
Cr2Br6-TiCl3-FM,2
Cr2Cl6-TiCl3-AFM,2
Cr2Cl6-TiCl3-FM,2
Cr2I6-TiCl3-AFM,2
Cr2I6-TiCl3-FM,2
Cu2Br6-AgBr3-FM,2
Cu2Br6-AgBr3-NM,2
Cu2Cl6-AgBr3-FM,2
Cu2Cl6-AgBr3-NM,2
Cu2I6-AgBr3-FM,2
Cu2I6-AgBr3-NM,2
Fe2Br6-TiCl3-AFM,2
Fe2Br6-TiCl3-FM,2
Fe2Cl6-AgBr3-AFM,2
Fe2Cl6-TiCl3-FM,2
Fe2I6-TiCl3-AFM,2
Fe2I6-TiCl3-FM,2
Ga2Br6-TiCl3-NM,2
Ga2Cl6-TiCl3-NM,2
Ga2I6-TiCl3-NM,2
Hf2Br6-TiCl3-FM,2
Hf2Cl6-TiCl3-FM,2
Hf2I6-TiCl3-FM,2
In2Br6-TiCl3-NM,2
In2Cl6-AgBr3-NM,2
In2I6-TiCl3-NM,2
Ir2Br6-TiCl3-NM,2
Ir2Cl6-Undefined-NM,2
Ir2I6-TiCl3-NM,2
Mn2Br6-AgBr3-AFM,2
Mn2Br6-AgBr3-FM,2
Mn2Cl6-AgBr3-AFM,2
Mn2Cl6-AgBr3-FM,2
Mn2I6-AgBr3-AFM,2
Mn2I6-AgBr3-FM,2
Mo2Br6-TiCl3-AFM,2
Mo2Cl6-TiCl3-AFM,2
Mo2Cl6-TiCl3-NM,2
Mo2I6-TiCl3-AFM,2
Nb2Br6-TiCl3-NM,2
Nb2Cl6-TiCl3-NM,2
Nb2I6-TiCl3-AFM,2
Nb2I6-TiCl3-NM,2
Ni2Br6-AgBr3-AFM,2
Ni2Br6-AgBr3-FM,2
Ni2Cl6-AgBr3-AFM,2
Ni2Cl6-AgBr3-FM,2
Ni2I6-TiCl3-FM,2
Os2Br6-AgBr3-FM,2
Os2Cl6-AgBr3-FM,2
Os2I6-TiCl3-FM,2
Os2I6-TiCl3-NM,2
Pd2Br6-AgBr3-FM,2
Pd2Br6-AgBr3-NM,2
Pd2Cl6-AgBr3-FM,2
Pd2I6-AgBr3-NM,2
Pt2Br6-AgBr3-FM,2
Pt2Br6-AgBr3-NM,2
Pt2Cl6-AgBr3-FM,2
Pt2Cl6-AgBr3-NM,2
Pt2I6-AgBr3-NM,2
Re2Br6-TiCl3-FM,2
Re2Br6-TiCl3-NM,2
Re2Cl6-TiCl3-FM,2
Re2Cl6-TiCl3-NM,2
Re2I6-AgBr3-AFM,2
Re2I6-AgBr3-NM,2
Rh2Br6-Undefined-NM,2
Rh2Cl6-Undefined-NM,2
Rh2I6-TiCl3-NM,2
Ru2Br6-AgBr3-FM,2
Ru2Cl6-AgBr3-FM,2
Ru2I6-TiCl3-FM,2
Ru2I6-TiCl3-NM,2
Sc2Br6-TiCl3-NM,2
Sc2Cl6-AgBr3-NM,2
Sc2I6-TiCl3-NM,2
Ta2Br6-TiCl3-FM,2
Ta2Br6-TiCl3-NM,2
Ta2Cl6-TiCl3-FM,2
Ta2Cl6-TiCl3-NM,2
Ta2I6-TiCl3-NM,2
Ti2Br6-TiCl3-AFM,2
Ti2Br6-TiCl3-FM,2
Ti2Cl6-TiCl3-AFM,2
Ti2Cl6-TiCl3-FM,2
Ti2I6-TiCl3-AFM,2
Ti2I6-TiCl3-FM,2
Tl2Br6-TiCl3-NM,2
Tl2Cl6-AgBr3-NM,2
Tl2I6-TiCl3-NM,2
V2Br6-AgBr3-AFM,2
V2Br6-AgBr3-FM,2
V2Cl6-AgBr3-AFM,2
V2Cl6-AgBr3-FM,2
V2I6-TiCl3-AFM,2
V2I6-TiCl3-FM,2
W2Br6-TiCl3-NM,2
W2Cl6-TiCl3-NM,2
W2I6-TiCl3-AFM,2
W2I6-TiCl3-NM,2
Y2Br6-AgBr3-NM,2
Y2Cl6-AgBr3-NM,2
Y2I6-TiCl3-NM,2
Zr2Br6-TiCl3-FM,2
Zr2Cl6-TiCl3-FM,2
Zr2I6-TiCl3-FM,2
Cr2C-CdI2-FM,2
Cr2C-CdI2-NM,2
Cr2CF2-Ti2CO2-AFM,3
Cr2CF2-Ti2CO2-FM,3
Cr2CO2-Ti2CO2-AFM,3
Cr2CO2-Ti2CO2-FM,3
Hf2CF2-Ti2CO2-NM,3
Mn2CF2-Ti2CO2-FM,3
Mo2CF2-Ti2CO2-NM,3
Nb2CF2-Ti2CO2-NM,3
Sc2CF2-Ti2CO2-NM,3
Ta2CF2-Ti2CO2-NM,3
Ti2CF2-Ti2CO2-NM,3
V2CF2-Ti2CO2-NM,3
W2CF2-Ti2CO2-NM,3
Y2CF2-Ti2CO2-NM,3
Zr2CF2-Ti2CO2-NM,3
Cr2CH2O2-Ti2CH2O2-AFM,4
Cr2CH2O2-Ti2CH2O2-FM,4
Hf2CH2O2-Ti2CH2O2-NM,4
Mn2CH2O2-Ti2CH2O2-FM,4
Mo2CH2O2-Ti2CH2O2-NM,4
Nb2CH2O2-Ti2CH2O2-NM,4
Sc2CH2O2-Ti2CH2O2-NM,4
Ta2CH2O2-Ti2CH2O2-NM,4
Ti2CH2O2-Ti2CH2O2-NM,4
V2CH2O2-Ti2CH2O2-NM,4
W2CH2O2-Ti2CH2O2-NM,4
Y2CH2O2-Ti2CH2O2-NM,4
Zr2CH2O2-Ti2CH2O2-NM,4
Hf2C-CdI2-NM,2
Hf2CO2-Ti2CO2-NM,3
Mn2C-CdI2-FM,2
Mn2C-CdI2-AFM,2
Mn2CO2-Ti2CO2-AFM,3
Mn2CO2-Ti2CO2-FM,3
Mo2C-CdI2-NM,2
Mo2CO2-Ti2CO2-NM,3
Nb2C-CdI2-NM,2
Nb2CO2-Ti2CO2-NM,3
Sc2CO2-Ti2CO2-FM,3
Sc2CO2-Ti2CO2-NM,3
Ta2CO2-Ti2CO2-NM,3
Ti2CO2-Ti2CO2-NM,3
V2CO2-Ti2CO2-NM,3
W2CO2-Ti2CO2-NM,3
Y2CO2-Ti2CO2-FM,3
Zr2CO2-Ti2CO2-NM,3
Sc2C-CdI2-NM,2
Ta2C-CdI2-NM,2
Ti2C-CdI2-AFM,2
Ti2C-CdI2-FM,2
V2C-CdI2-NM,2
W2C-CdI2-NM,2
Y2C-CdI2-NM,2
Zr2C-CdI2-AFM,2
Zr2C-CdI2-FM,2
Y2N-CdI2-NM,2
Zr2H2NO2-Ti2CH2O2-NM,4
Zr2N-CdI2-FM,2
Zr2N-CdI2-NM,2
Zr2N-CdI2-AFM,2
Y2NO2-Ti2CO2-FM,3
Zr2F2N-Ti2CO2-NM,3
Zr2NO2-Ti2CO2-NM,3
Cr2F2N-Ti2CO2-FM,3
Cr2H2NO2-Ti2CH2O2-FM,4
Cr2NO2-Ti2CO2-FM,3
Cr2NO2-Ti2CO2-AFM,3
Cr2N-CdI2-NM,2
Hf2F2N-Ti2CO2-NM,3
Hf2H2NO2-Ti2CH2O2-NM,4
Hf2NO2-Ti2CO2-NM,3
Hf2N-CdI2-FM,2
Hf2N-CdI2-NM,2
Mn2F2N-Ti2CO2-FM,3
Mn2F2N-Ti2CO2-AFM,3
Mn2H2NO2-Ti2CH2O2-FM,4
Mn2H2NO2-Ti2CH2O2-AFM,4
Mn2NO2-Ti2CO2-FM,3
Mn2NO2-Ti2CO2-AFM,3
Mn2N-CdI2-FM,2
Mo2F2N-Ti2CO2-NM,3
Mo2H2NO2-Ti2CH2O2-NM,4
Mo2NO2-Ti2CO2-NM,3
Mo2N-CdI2-NM,2
Nb2F2N-Ti2CO2-NM,3
Nb2H2NO2-Ti2CH2O2-NM,4
Nb2NO2-Ti2CO2-NM,3
Nb2N-CdI2-NM,2
Sc2F2N-Ti2CO2-NM,3
Sc2H2NO2-Ti2CH2O2-NM,4
Sc2NO2-Ti2CO2-NM,3
Sc2N-CdI2-NM,2
Ta2F2N-Ti2CO2-NM,3
Ta2H2NO2-Ti2CH2O2-NM,4
Ta2NO2-Ti2CO2-NM,3
Ta2N-CdI2-NM,2
Ti2F2N-Ti2CO2-NM,3
Ti2H2NO2-Ti2CH2O2-NM,4
Ti2NO2-Ti2CO2-NM,3
Ti2N-CdI2-FM,2
Ti2N-CdI2-AFM,2
V2F2N-Ti2CO2-AFM,3
V2H2NO2-Ti2CH2O2-NM,4
V2H2NO2-Ti2CH2O2-AFM,4
V2NO2-Ti2CO2-AFM,3
V2N-CdI2-NM,2
W2F2N-Ti2CO2-NM,3
W2H2NO2-Ti2CH2O2-NM,4
W2NO2-Ti2CO2-NM,3
W2N-CdI2-NM,2
Y2F2N-Ti2CO2-NM,3
Y2H2NO2-Ti2CH2O2-NM,4
Cr3C2-Ti3C2-FM,2
Cr3C2F2-Ti3C2O2-FM,3
Cr3C2O2-Ti3C2O2-FM,3
Hf3C2F2-Ti3C2O2-NM,3
Mn3C2F2-Ti3C2O2-FM,3
Mo3C2F2-Ti3C2O2-NM,3
Nb3C2F2-Ti3C2O2-NM,3
Sc3C2F2-Ti3C2O2-FM,3
Sc3C2F2-Ti3C2O2-NM,3
Ta3C2F2-Ti3C2O2-NM,3
Ti3C2F2-Ti3C2O2-NM,3
V3C2F2-Ti3C2O2-NM,3
W3C2F2-Ti3C2O2-NM,3
Y3C2F2-Ti3C2O2-FM,3
Y3C2F2-Ti3C2O2-NM,3
Zr3C2F2-Ti3C2O2-NM,3
Cr3C2H2O2-Ti3C2H2O2-FM,4
Hf3C2H2O2-Ti3C2H2O2-NM,4
Mn3C2H2O2-Ti3C2H2O2-FM,4
Mo3C2H2O2-Ti3C2H2O2-NM,4
Nb3C2H2O2-Ti3C2H2O2-NM,4
Sc3C2H2O2-Ti3C2H2O2-FM,4
Sc3C2H2O2-Ti3C2H2O2-NM,4
Ta3C2H2O2-Ti3C2H2O2-NM,4
Ti3C2H2O2-Ti3C2H2O2-NM,4
V3C2H2O2-Ti3C2H2O2-NM,4
W3C2H2O2-Ti3C2H2O2-NM,4
Y3C2H2O2-Ti3C2H2O2-FM,4
Y3C2H2O2-Ti3C2H2O2-NM,4
Zr3C2H2O2-Ti3C2H2O2-NM,4
Hf3C2-Ti3C2-FM,2
Hf3C2O2-Ti3C2O2-NM,3
Mn3C2-Ti3C2-FM,2
Mn3C2O2-Ti3C2O2-FM,3
Mo3C2-Ti3C2-NM,2
Mo3C2O2-Ti3C2O2-NM,3
Nb3C2-Ti3C2-NM,2
Nb3C2O2-Ti3C2O2-NM,3
Sc3C2O2-Ti3C2O2-NM,3
Ta3C2O2-Ti3C2O2-NM,3
Ti3C2O2-Ti3C2O2-NM,3
V3C2O2-Ti3C2O2-NM,3
W3C2O2-Ti3C2O2-NM,3
Y3C2O2-Ti3C2O2-NM,3
Zr3C2O2-Ti3C2O2-NM,3
Sc3C2-Ti3C2-NM,2
Ta3C2-Ti3C2-NM,2
Ti3C2-Ti3C2-FM,2
V3C2-Ti3C2-NM,2
W3C2-Ti3C2-NM,2
Y3C2-Ti3C2-NM,2
Zr3C2-Ti3C2-FM,2
Cr3N2O2-Ti3C2O2-FM,3
Cr3N2O2-Ti3C2O2-NM,3
Cr3N2-Ti3C2-FM,2
Cr3N2-Ti3C2-NM,2
Hf3F2N2-Ti3C2O2-NM,3
Hf3H2N2O2-Ti3C2H2O2-NM,4
Hf3N2O2-Ti3C2O2-NM,3
Hf3N2-Ti3C2-FM,2
Hf3N2-Ti3C2-NM,2
Mn3F2N2-Ti3C2O2-FM,3
Mn3H2N2O2-Ti3C2H2O2-FM,4
Mn3N2-Ti3C2-FM,2
Mo3F2N2-Ti3C2O2-NM,3
Mo3H2N2O2-Ti3C2H2O2-NM,4
Mo3N2O2-Ti3C2O2-NM,3
Mo3N2-Ti3C2-NM,2
Nb3F2N2-Ti3C2O2-NM,3
Nb3H2N2O2-Ti3C2H2O2-NM,4
Nb3N2O2-Ti3C2O2-NM,3
Nb3N2-Ti3C2-NM,2
Sc3F2N2-Ti3C2O2-NM,3
Sc3H2N2O2-Ti3C2H2O2-NM,4
Sc3N2O2-Ti3C2O2-FM,3
Sc3N2O2-Ti3C2O2-NM,3
Sc3N2-Ti3C2-FM,2
Sc3N2-Ti3C2-NM,2
Ta3F2N2-Ti3C2O2-NM,3
Ta3H2N2O2-Ti3C2H2O2-NM,4
Ta3N2O2-Ti3C2O2-NM,3
Ta3N2-Ti3C2-NM,2
Ti3F2N2-Ti3C2O2-FM,3
Ti3F2N2-Ti3C2O2-NM,3
Ti3H2N2O2-Ti3C2H2O2-NM,4
Ti3N2O2-Ti3C2O2-NM,3
Ti3N2-Ti3C2-FM,2
Ti3N2-Ti3C2-NM,2
V3F2N2-Ti3C2O2-FM,3
V3F2N2-Ti3C2O2-NM,3
V3H2N2O2-Ti3C2H2O2-FM,4
V3H2N2O2-Ti3C2H2O2-NM,4
V3N2O2-Ti3C2O2-FM,3
V3N2-Ti3C2-FM,2
V3N2-Ti3C2-NM,2
W3F2N2-Ti3C2O2-NM,3
W3H2N2O2-Ti3C2H2O2-NM,4
W3N2O2-Ti3C2O2-NM,3
W3N2-Ti3C2-NM,2
Y3F2N2-Ti3C2O2-NM,3
Y3H2N2O2-Ti3C2H2O2-FM,4
Y3H2N2O2-Ti3C2H2O2-NM,4
Y3N2O2-Ti3C2O2-FM,3
Y3N2-Ti3C2-NM,2
Zr3F2N2-Ti3C2O2-NM,3
Zr3H2N2O2-Ti3C2H2O2-NM,4
Zr3N2O2-Ti3C2O2-NM,3
Zr3N2-Ti3C2-FM,2
Zr3N2-Ti3C2-NM,2
Cr4C3-Ti4C3-FM,2
Cr4C3F2-Ti4C3O2-FM,3
Cr4C3O2-Ti4C3O2-FM,3
Hf4C3F2-Ti4C3O2-NM,3
Mn4C3F2-Ti4C3O2-FM,3
Mo4C3F2-Ti4C3O2-NM,3
Nb4C3F2-Ti4C3O2-NM,3
Sc4C3F2-Ti4C3O2-NM,3
Ta4C3F2-Ti4C3O2-NM,3
Ti4C3F2-Ti4C3O2-NM,3
V4C3F2-Ti4C3O2-NM,3
W4C3F2-Ti4C3O2-NM,3
Y4C3F2-Ti4C3O2-NM,3
Zr4C3F2-Ti4C3O2-NM,3
Cr4C3H2O2-Ti4C3H2O2-FM,4
Hf4C3H2O2-Ti4C3H2O2-NM,4
Mn4C3H2O2-Ti4C3H2O2-FM,4
Mo4C3H2O2-Ti4C3H2O2-NM,4
Nb4C3H2O2-Ti4C3H2O2-NM,4
Sc4C3H2O2-Ti4C3H2O2-NM,4
Ta4C3H2O2-Ti4C3H2O2-NM,4
Ti4C3H2O2-Ti4C3H2O2-NM,4
V4C3H2O2-Ti4C3H2O2-NM,4
W4C3H2O2-Ti4C3H2O2-NM,4
Y4C3H2O2-Ti4C3H2O2-NM,4
Zr4C3H2O2-Ti4C3H2O2-NM,4
Hf4C3-Ti4C3-FM,2
Hf4C3-Ti4C3-NM,2
Hf4C3O2-Ti4C3O2-NM,3
Mn4C3-Ti4C3-FM,2
Mn4C3O2-Ti4C3O2-FM,3
Mo4C3-Ti4C3-NM,2
Mo4C3O2-Ti4C3O2-NM,3
Nb4C3-Ti4C3-NM,2
Nb4C3O2-Ti4C3O2-NM,3
Sc4C3O2-Ti4C3O2-NM,3
Ta4C3O2-Ti4C3O2-NM,3
Ti4C3O2-Ti4C3O2-NM,3
V4C3O2-Ti4C3O2-NM,3
W4C3O2-Ti4C3O2-NM,3
Y4C3O2-Ti4C3O2-FM,3
Y4C3O2-Ti4C3O2-NM,3
Zr4C3O2-Ti4C3O2-NM,3
Sc4C3-Ti4C3-NM,2
Ta4C3-Ti4C3-NM,2
Ti4C3-Ti4C3-FM,2
V4C3-Ti4C3-NM,2
W4C3-Ti4C3-NM,2
Y4C3-Ti4C3-NM,2
Zr4C3-Ti4C3-FM,2
Cr4F2N3-Ti4C3O2-FM,3
Cr4H2N3O2-Ti4C3H2O2-FM,4
Cr4N3O2-Ti4C3O2-FM,3
Cr4N3-Ti4C3-FM,2
Hf4F2N3-Ti4C3O2-NM,3
Hf4H2N3O2-Ti4C3H2O2-NM,4
Hf4N3O2-Ti4C3O2-NM,3
Hf4N3-Ti4C3-FM,2
Hf4N3-Ti4C3-NM,2
Mn4H2N3O2-Ti4C3H2O2-FM,4
Mn4N3O2-Ti4C3O2-FM,3
Mn4N3-Ti4C3-FM,2
Mo4F2N3-Ti4C3O2-NM,3
Mo4H2N3O2-Ti4C3H2O2-NM,4
Mo4N3O2-Ti4C3O2-FM,3
Mo4N3O2-Ti4C3O2-NM,3
Mo4N3-Ti4C3-NM,2
Nb4F2N3-Ti4C3O2-NM,3
Nb4H2N3O2-Ti4C3H2O2-NM,4
Nb4N3O2-Ti4C3O2-NM,3
Nb4N3-Ti4C3-NM,2
Sc4F2N3-Ti4C3O2-NM,3
Sc4H2N3O2-Ti4C3H2O2-NM,4
Sc4N3O2-Ti4C3O2-NM,3
Sc4N3-Ti4C3-FM,2
Ta4F2N3-Ti4C3O2-NM,3
Ta4H2N3O2-Ti4C3H2O2-NM,4
Ta4N3O2-Ti4C3O2-NM,3
Ta4N3-Ti4C3-NM,2
Ti4F2N3-Ti4C3O2-NM,3
Ti4H2N3O2-Ti4C3H2O2-NM,4
Ti4N3O2-Ti4C3O2-NM,3
Ti4N3-Ti4C3-FM,2
Ti4N3-Ti4C3-NM,2
V4F2N3-Ti4C3O2-FM,3
V4F2N3-Ti4C3O2-NM,3
V4H2N3O2-Ti4C3H2O2-NM,4
V4N3O2-Ti4C3O2-FM,3
V4N3O2-Ti4C3O2-NM,3
V4N3-Ti4C3-NM,2
W4F2N3-Ti4C3O2-NM,3
W4H2N3O2-Ti4C3H2O2-NM,4
W4N3O2-Ti4C3O2-NM,3
W4N3-Ti4C3-NM,2
Y4F2N3-Ti4C3O2-NM,3
Y4H2N3O2-Ti4C3H2O2-NM,4
Y4N3O2-Ti4C3O2-NM,3
Y4N3-Ti4C3-NM,2
Zr4F2N3-Ti4C3O2-NM,3
Zr4H2N3O2-Ti4C3H2O2-NM,4
Zr4N3O2-Ti4C3O2-NM,3
Zr4N3-Ti4C3-FM,2
Zr4N3-Ti4C3-NM,2
BiCrAs-MoSSe-FM,3
CrAsSb-MoSSe-FM,3
CrAsSb-MoSSe-NM,3
BiCrSb-MoSSe-FM,3
CrBrCl-MoSSe-FM,3
CrBrI-MoSSe-FM,3
CrClI-MoSSe-FM,3
CrSeTe-MoSSe-NM,3
CrSSe-MoSSe-NM,3
CrSTe-MoSSe-NM,3
BiHfAs-MoSSe-NM,3
HfAsSb-MoSSe-NM,3
BiHfSb-MoSSe-NM,3
HfBrCl-MoSSe-NM,3
HfBrI-MoSSe-NM,3
HfClI-MoSSe-NM,3
HfSeTe-MoSSe-NM,3
HfSSe-MoSSe-NM,3
HfSTe-MoSSe-NM,3
BiMoAs-MoSSe-NM,3
MoAsSb-MoSSe-NM,3
BiMoSb-MoSSe-NM,3
MoBrCl-MoSSe-NM,3
MoBrI-MoSSe-FM,3
MoClI-MoSSe-NM,3
MoSeTe-MoSSe-NM,3
MoSSe-MoSSe-NM,3
MoSTe-MoSSe-NM,3
BiNbAs-MoSSe-NM,3
NbAsSb-MoSSe-NM,3
BiNbSb-MoSSe-NM,3
NbBrCl-MoSSe-NM,3
NbBrI-MoSSe-NM,3
NbClI-MoSSe-NM,3
NbSeTe-MoSSe-FM,3
NbSeTe-MoSSe-NM,3
NbSSe-MoSSe-NM,3
NbSTe-MoSSe-FM,3
NbSTe-MoSSe-NM,3
BiTaAs-MoSSe-NM,3
TaAsSb-MoSSe-NM,3
BiTaSb-MoSSe-NM,3
TaBrCl-MoSSe-NM,3
TaBrI-MoSSe-NM,3
TaClI-MoSSe-NM,3
TaSeTe-MoSSe-NM,3
TaSSe-MoSSe-NM,3
TaSTe-MoSSe-FM,3
TaSTe-MoSSe-NM,3
BiTiAs-MoSSe-NM,3
TiAsSb-MoSSe-NM,3
BiTiSb-MoSSe-NM,3
TiBrCl-MoSSe-NM,3
TiBrI-MoSSe-NM,3
TiClI-MoSSe-NM,3
TiSeTe-MoSSe-NM,3
TiSSe-MoSSe-NM,3
TiSTe-MoSSe-NM,3
BiVAs-MoSSe-NM,3
VAsSb-MoSSe-NM,3
BiVSb-MoSSe-NM,3
VBrCl-MoSSe-FM,3
VBrI-MoSSe-FM,3
VClI-MoSSe-FM,3
VSeTe-MoSSe-FM,3
VSSe-MoSSe-FM,3
VSTe-MoSSe-FM,3
BiWAs-MoSSe-NM,3
WAsSb-MoSSe-NM,3
BiWSb-MoSSe-NM,3
WBrCl-MoSSe-NM,3
WBrI-MoSSe-NM,3
WClI-MoSSe-NM,3
WSeTe-MoSSe-NM,3
WSSe-MoSSe-NM,3
WSTe-MoSSe-NM,3
BiZrAs-MoSSe-NM,3
ZrAsSb-MoSSe-NM,3
BiZrSb-MoSSe-NM,3
ZrBrCl-MoSSe-NM,3
ZrBrI-MoSSe-NM,3
ZrClI-MoSSe-NM,3
ZrSeTe-MoSSe-NM,3
ZrSSe-MoSSe-NM,3
ZrSTe-MoSSe-NM,3
AsClTe-MoSSe-NM,3
BiBrS-MoSSe-NM,3
BiClS-MoSSe-NM,3
BiClSe-MoSSe-NM,3
BiIS-MoSSe-NM,3
BiClTe-MoSSe-NM,3
BrSSb-MoSSe-NM,3
ClSbSe-MoSSe-NM,3
BrSbTe-MoSSe-NM,3
ClSSb-MoSSe-NM,3
ISbSe-MoSSe-NM,3
ClSbTe-MoSSe-NM,3
BiISe-MoSSe-NM,3
BiBrTe-MoSSe-NM,3
BiITe-MoSSe-NM,3
BrSbSe-MoSSe-NM,3
ISSb-MoSSe-NM,3
ISbTe-MoSSe-NM,3
AsBrS-MoSSe-NM,3
AsClS-MoSSe-NM,3
AsBrSe-MoSSe-NM,3
AsClSe-MoSSe-NM,3
AsISe-MoSSe-NM,3
AsIS-MoSSe-NM,3
AsBrTe-MoSSe-NM,3
AsITe-MoSSe-NM,3
BiBrSe-MoSSe-NM,3
Ge2S2-SnS-NM,2
Ge2Se2-SnS-NM,2
Ge2Te2-SnS-NM,2
P4-P-NM,1
Pb2S2-PbS-NM,2
Pb2Se2-PbS-NM,2
Pb2Te2-PbS-NM,2
S2Si2-SnS-NM,2
Se2Si2-SnS-NM,2
Si2Te2-SnS-NM,2
Sn2S2-SnS-NM,2
Sn2Se2-SnS-NM,2
Sn2Te2-PbS-NM,2
As4-P-NM,1
Al2S2-PbSe-NM,2
Al2Se2-PbSe-NM,2
Al2Te2-PbSe-NM,2
Bi2S2-PbSe-FM,2
Bi2S2-PbSe-NM,2
Bi2Se2-PbSe-FM,2
Bi2Se2-PbSe-NM,2
Bi2Te2-PbSe-FM,2
Bi2Te2-PbSe-NM,2
Cd2S2-PbSe-NM,2
Cd2Se2-PbSe-NM,2
Cd2Te2-PbSe-NM,2
Ga2S2-PbSe-NM,2
Ga2Se2-PbSe-NM,2
Ga2Te2-PbSe-NM,2
Ge2S2-PbSe-NM,2
Ge2Se2-PbSe-NM,2
Ge2Te2-PbSe-FM,2
Ge2Te2-PbSe-NM,2
In2S2-PbSe-NM,2
In2Se2-PbSe-NM,2
In2Te2-PbSe-NM,2
Pb2S2-PbSe-NM,2
Pb2Se2-PbSe-NM,2
Pb2Te2-PbSe-NM,2
S2Sb2-PbSe-NM,2
S2Si2-PbSe-FM,2
S2Si2-PbSe-NM,2
Sb2Se2-PbSe-FM,2
Sb2Se2-PbSe-NM,2
Sb2Te2-PbSe-FM,2
Sb2Te2-PbSe-NM,2
Se2Si2-PbSe-NM,2
Si2Te2-PbSe-NM,2
Sn2S2-PbSe-NM,2
Sn2Se2-PbSe-NM,2
Sn2Te2-PbSe-NM,2
Zn2S2-PbSe-NM,2
Zn2Se2-PbSe-NM,2
Zn2Te2-PbSe-NM,2
Ag2S4-PdS2-NM,2
Ag2Se4-PdS2-NM,2
Ag2Te4-PdS2-NM,2
Al2S4-WTe2-NM,2
Al2Se4-WTe2-NM,2
Al2Te4-CdI2-NM,2
Au2S4-PdS2-NM,2
Au2Se4-PdS2-NM,2
Au2Te4-PdS2-NM,2
Bi2S4-WTe2-NM,2
Bi2Te4-WTe2-FM,2
Bi2Te4-WTe2-NM,2
Cd2S4-PdS2-NM,2
Cd2Se4-WTe2-NM,2
Cd2Te4-WTe2-NM,2
Co2S4-PdS2-FM,2
Co2Se4-PdS2-AFM,2
Co2Se4-PdS2-FM,2
Co2Te4-PdS2-AFM,2
Co2Te4-PdS2-FM,2
Cr2S4-MnS2-AFM,2
Cr2S4-MnS2-FM,2
Cr2Se4-MnS2-AFM,2
Cr2Se4-MnS2-FM,2
Cr2Te4-MnS2-AFM,2
Cr2Te4-MnS2-FM,2
Cu2S4-PdS2-NM,2
Cu2Se4-PdS2-NM,2
Cu2Te4-PdS2-NM,2
Fe2S4-MnS2-AFM,2
Fe2S4-MnS2-FM,2
Fe2Se4-MnS2-FM,2
Fe2Te4-MnS2-FM,2
Ga2S4-PdS2-NM,2
Ga2Se4-MnS2-NM,2
Ga2Te4-PdS2-NM,2
Ge2S4-WTe2-NM,2
Ge2Se4-WTe2-NM,2
Ge2Te4-MnS2-NM,2
In2S4-Undefined-NM,2
In2Se4-MnS2-NM,2
In2Te4-MnS2-NM,2
Ir2S4-PdS2-NM,2
Ir2Se4-PdS2-NM,2
Ir2Te4-PdS2-NM,2
Mn2S4-MnS2-AFM,2
Mn2S4-MnS2-FM,2
Mn2Se4-MnS2-AFM,2
Mn2Se4-MnS2-FM,2
Mn2Te4-MnS2-AFM,2
Mn2Te4-MnS2-FM,2
Mo2S4-MnS2-AFM,2
Mo2S4-MnS2-FM,2
Mo2Se4-MnS2-AFM,2
Mo2Se4-MnS2-FM,2
Mo2Te4-MnS2-AFM,2
Mo2Te4-MnS2-FM,2
Nb2Te4-MnS2-FM,2
Ni2S4-PdS2-NM,2
Ni2Se4-PdS2-NM,2
Ni2Te4-PdS2-NM,2
Os2S4-MnS2-NM,2
Os2Se4-MnS2-NM,2
Os2Te4-MnS2-NM,2
Pb2S4-WTe2-NM,2
Pb2Se4-WTe2-NM,2
Pb2Te4-WTe2-NM,2
Pd2S4-PdS2-NM,2
Pd2Se4-PdS2-NM,2
Pd2Te4-PdS2-NM,2
Pt2S4-PdS2-NM,2
Pt2Se4-PdS2-NM,2
Pt2Te4-PdS2-NM,2
Rh2S4-PdS2-NM,2
Rh2Se4-PdS2-NM,2
Rh2Te4-PdS2-NM,2
Ru2S4-MnS2-NM,2
Ru2Se4-MnS2-NM,2
Ru2Te4-MnS2-NM,2
S4Sb2-WTe2-NM,2
Sb2Se4-PdS2-FM,2
Sb2Se4-PdS2-NM,2
Sb2Te4-PdS2-NM,2
Sc2Te4-MnS2-NM,2
Sn2Se4-WTe2-NM,2
Sn2Te4-WTe2-NM,2
Ta2Te4-MnS2-AFM,2
Ta2Te4-MnS2-FM,2
Tl2S4-WTe2-NM,2
Tl2Se4-WTe2-NM,2
Tl2Te4-WTe2-NM,2
V2S4-MnS2-FM,2
V2Se4-MnS2-FM,2
V2Te4-MnS2-FM,2
W2S4-MnS2-AFM,2
W2S4-MnS2-FM,2
W2Se4-MnS2-AFM,2
W2Se4-MnS2-FM,2
W2Te4-MnS2-AFM,2
W2Te4-MnS2-FM,2
Zn2S4-PdS2-NM,2
Zn2Se4-PdS2-NM,2
Zn2Te4-PdS2-NM,2
Br4C16Cl4Ge2H48N4-PbA2I4-NM,6
Br4C16Cl4Ge2H48N4-PbA2I4-NM-2,6
Br4C16Ge2H48I4N4-PbA2I4-NM,6
Br4C16Ge2H48I4N4-PbA2I4-NM-2,6
Br8C16Ge2H48N4-PbA2I4-NM,5
C16Cl4Ge2H48I4N4-PbA2I4-NM,6
C16Cl4Ge2H48I4N4-PbA2I4-NM-2,6
C16Cl8Ge2H48N4-PbA2I4-NM,5
C16Ge2H48I8N4-PbA2I4-NM,5
Pb2Br4C16Cl4H48N4-PbA2I4-NM,6
Pb2Br4C16Cl4H48N4-PbA2I4-NM-2,6
Pb2Br4C16H48I4N4-PbA2I4-NM,6
Pb2Br4C16H48I4N4-PbA2I4-NM-2,6
Pb2Br8C16H48N4-PbA2I4-NM,5
Pb2C16Cl4H48I4N4-PbA2I4-NM,6
Pb2C16Cl4H48I4N4-PbA2I4-NM-2,6
Pb2C16Cl8H48N4-PbA2I4-NM,5
Pb2C16H48I8N4-PbA2I4-NM,5
Sn2Br4C16Cl4H48N4-PbA2I4-NM,6
Sn2Br4C16Cl4H48N4-PbA2I4-NM-2,6
Sn2Br4C16H48I4N4-PbA2I4-NM,6
Sn2Br4C16H48I4N4-PbA2I4-NM-2,6
Sn2Br8C16H48N4-PbA2I4-NM,5
Sn2C16Cl4H48I4N4-PbA2I4-NM,6
Sn2C16Cl4H48I4N4-PbA2I4-NM-2,6
Sn2C16Cl8H48N4-PbA2I4-NM,5
Sn2C16H48I8N4-PbA2I4-NM,5
Co4S8-ReS2-NM,2
Co4Se8-CdI2-FM,2
Co4Se8-CdI2-NM,2
In4Br8-Undefined-NM,2
Ir4S8-ReS2-NM,2
Ir4Se8-ReS2-NM,2
Ir4Te8-ReS2-NM,2
Nb4O8-Undefined-NM,2
Re4O8-ReS2-NM,2
Re4S8-ReS2-NM,2
Re4Se8-ReS2-NM,2
Re4Te8-ReS2-NM,2
Rh4S8-ReS2-NM,2
Rh4Se8-ReS2-NM,2
Ta4O8-Undefined-NM,2
AuO2-CdI2-FM,2
AuO2-CdI2-NM,2
AuO2-MoS2-FM,2
AuS2-CdI2-NM,2
AuS2-MoS2-NM,2
AuSe2-CdI2-NM,2
AuSe2-MoS2-NM,2
AuTe2-CdI2-NM,2
AuTe2-MoS2-NM,2
CoO2-CdI2-FM,2
CoO2-MoS2-FM,2
CoS2-CdI2-FM,2
CoS2-CdI2-NM,2
CoS2-MoS2-NM,2
CoSe2-CdI2-NM,2
CoSe2-MoS2-NM,2
CoTe2-CdI2-NM,2
CoTe2-MoS2-NM,2
CrO2-CdI2-FM,2
CrO2-MoS2-NM,2
CrS2-CdI2-NM,2
CrS2-MoS2-NM,2
CrSe2-CdI2-FM,2
CrSe2-CdI2-NM,2
CrSe2-MoS2-NM,2
CrTe2-CdI2-FM,2
CrTe2-MoS2-NM,2
CuO2-CdI2-FM,2
CuO2-MoS2-FM,2
CuS2-CdI2-NM,2
CuS2-MoS2-FM,2
CuS2-MoS2-NM,2
CuSe2-CdI2-NM,2
CuSe2-MoS2-NM,2
CuTe2-CdI2-NM,2
CuTe2-MoS2-NM,2
FeO2-CdI2-FM,2
FeO2-MoS2-FM,2
FeS2-CdI2-FM,2
FeS2-MoS2-FM,2
FeSe2-CdI2-FM,2
FeSe2-MoS2-FM,2
FeTe2-CdI2-FM,2
FeTe2-MoS2-FM,2
GeO2-CdI2-NM,2
GeO2-MoS2-NM,2
GeS2-CdI2-NM,2
GeS2-MoS2-NM,2
GeSe2-CdI2-NM,2
GeSe2-MoS2-NM,2
GeTe2-CdI2-NM,2
GeTe2-MoS2-NM,2
HfO2-CdI2-NM,2
HfO2-MoS2-NM,2
HfS2-CdI2-NM,2
HfS2-MoS2-NM,2
HfSe2-CdI2-NM,2
HfSe2-MoS2-NM,2
HfTe2-CdI2-NM,2
HfTe2-MoS2-NM,2
HgO2-CdI2-NM,2
HgO2-MoS2-FM,2
HgS2-CdI2-FM,2
HgS2-MoS2-NM,2
HgSe2-CdI2-FM,2
HgSe2-CdI2-NM,2
HgSe2-MoS2-NM,2
HgTe2-CdI2-NM,2
HgTe2-MoS2-NM,2
IrO2-CdI2-NM,2
IrO2-MoS2-FM,2
IrS2-CdI2-NM,2
IrS2-MoS2-NM,2
IrSe2-CdI2-NM,2
IrSe2-MoS2-NM,2
IrTe2-CdI2-NM,2
IrTe2-MoS2-NM,2
MnO2-CdI2-FM,2
MnO2-MoS2-FM,2
MnS2-CdI2-FM,2
MnS2-MoS2-FM,2
MnSe2-CdI2-FM,2
MnSe2-MoS2-FM,2
MnTe2-CdI2-FM,2
MnTe2-MoS2-FM,2
MoO2-CdI2-NM,2
MoO2-MoS2-NM,2
MoS2-CdI2-NM,2
MoS2-MoS2-NM,2
MoSe2-CdI2-NM,2
MoSe2-MoS2-NM,2
MoTe2-CdI2-NM,2
MoTe2-MoS2-NM,2
NbO2-CdI2-FM,2
NbO2-MoS2-FM,2
NbO2-MoS2-NM,2
NbS2-CdI2-NM,2
NbS2-MoS2-FM,2
NbS2-MoS2-NM,2
NbSe2-CdI2-NM,2
NbSe2-MoS2-NM,2
NbTe2-CdI2-NM,2
NbTe2-MoS2-FM,2
NbTe2-MoS2-NM,2
NiO2-CdI2-NM,2
NiO2-MoS2-FM,2
NiS2-CdI2-NM,2
NiS2-MoS2-NM,2
NiSe2-CdI2-NM,2
NiSe2-MoS2-NM,2
NiTe2-CdI2-NM,2
NiTe2-MoS2-NM,2
OsO2-CdI2-FM,2
OsO2-MoS2-FM,2
OsS2-CdI2-FM,2
OsS2-CdI2-NM,2
OsS2-MoS2-NM,2
OsSe2-CdI2-NM,2
OsSe2-MoS2-NM,2
OsTe2-CdI2-NM,2
OsTe2-MoS2-NM,2
PbO2-CdI2-NM,2
PbO2-MoS2-NM,2
PbS2-CdI2-NM,2
PbS2-MoS2-NM,2
PbSe2-CdI2-NM,2
PbSe2-MoS2-NM,2
PbTe2-CdI2-NM,2
PbTe2-MoS2-NM,2
PdO2-CdI2-NM,2
PdO2-MoS2-NM,2
PdS2-CdI2-NM,2
PdS2-MoS2-NM,2
PdSe2-CdI2-NM,2
PdSe2-MoS2-NM,2
PdTe2-CdI2-NM,2
PdTe2-MoS2-NM,2
PtO2-CdI2-NM,2
PtO2-MoS2-FM,2
PtS2-CdI2-NM,2
PtS2-MoS2-NM,2
PtSe2-CdI2-NM,2
PtSe2-MoS2-NM,2
PtTe2-CdI2-NM,2
PtTe2-MoS2-NM,2
ReO2-CdI2-NM,2
ReO2-MoS2-NM,2
ReS2-CdI2-NM,2
ReS2-MoS2-NM,2
ReSe2-CdI2-NM,2
ReSe2-MoS2-NM,2
ReTe2-CdI2-NM,2
ReTe2-MoS2-NM,2
RhO2-CdI2-NM,2
RhO2-MoS2-FM,2
RhS2-CdI2-NM,2
RhS2-MoS2-NM,2
RhSe2-CdI2-NM,2
RhSe2-MoS2-NM,2
RhTe2-CdI2-NM,2
RhTe2-MoS2-NM,2
RuO2-CdI2-NM,2
RuO2-MoS2-FM,2
RuO2-MoS2-NM,2
RuS2-CdI2-FM,2
RuS2-MoS2-NM,2
RuSe2-CdI2-FM,2
RuSe2-MoS2-FM,2
RuSe2-MoS2-NM,2
RuTe2-CdI2-NM,2
RuTe2-MoS2-FM,2
RuTe2-MoS2-NM,2
ScO2-CdI2-FM,2
ScO2-MoS2-FM,2
ScS2-CdI2-NM,2
ScS2-MoS2-FM,2
ScSe2-CdI2-NM,2
ScSe2-MoS2-FM,2
ScTe2-CdI2-NM,2
ScTe2-MoS2-NM,2
SnO2-CdI2-NM,2
SnO2-MoS2-NM,2
SnS2-CdI2-NM,2
SnS2-MoS2-NM,2
SnSe2-CdI2-NM,2
SnSe2-MoS2-NM,2
SnTe2-CdI2-NM,2
SnTe2-MoS2-NM,2
TaO2-CdI2-NM,2
TaO2-MoS2-FM,2
TaO2-MoS2-NM,2
TaS2-CdI2-NM,2
TaS2-MoS2-NM,2
TaSe2-CdI2-NM,2
TaSe2-MoS2-NM,2
TaTe2-CdI2-NM,2
TaTe2-MoS2-NM,2
TiO2-CdI2-NM,2
TiO2-MoS2-NM,2
TiS2-CdI2-NM,2
TiS2-MoS2-NM,2
TiSe2-CdI2-NM,2
TiSe2-MoS2-NM,2
TiTe2-CdI2-NM,2
TiTe2-MoS2-NM,2
VO2-CdI2-FM,2
VO2-MoS2-FM,2
VS2-CdI2-FM,2
VS2-CdI2-NM,2
VS2-MoS2-FM,2
VSe2-CdI2-FM,2
VSe2-CdI2-NM,2
VSe2-MoS2-FM,2
VTe2-CdI2-FM,2
VTe2-MoS2-FM,2
WO2-CdI2-NM,2
WO2-MoS2-NM,2
WS2-CdI2-NM,2
WS2-MoS2-NM,2
WSe2-CdI2-NM,2
WSe2-MoS2-NM,2
WTe2-CdI2-NM,2
WTe2-MoS2-NM,2
ZrO2-CdI2-NM,2
ZrO2-MoS2-NM,2
ZrS2-CdI2-NM,2
ZrS2-MoS2-NM,2
ZrSe2-CdI2-NM,2
ZrSe2-MoS2-NM,2
ZrTe2-CdI2-NM,2
ZrTe2-MoS2-NM,2
AgH2-MoS2-NM,2
AgLi2-MoS2-NM,2
AuH2-MoS2-NM,2
AuLi2-MoS2-NM,2
CoH2-MoS2-FM,2
CoH2-MoS2-NM,2
CoLi2-MoS2-FM,2
CrH2-MoS2-FM,2
CrLi2-MoS2-FM,2
CrLi2-MoS2-NM,2
CuH2-MoS2-NM,2
CuLi2-MoS2-NM,2
FeH2-MoS2-FM,2
FeLi2-MoS2-FM,2
HfH2-MoS2-NM,2
HfLi2-MoS2-NM,2
IrH2-MoS2-NM,2
IrLi2-MoS2-FM,2
IrLi2-MoS2-NM,2
MnH2-MoS2-FM,2
Li2Mn-MoS2-FM,2
MoH2-MoS2-NM,2
Li2Mo-MoS2-FM,2
Li2Mo-MoS2-NM,2
NbH2-MoS2-NM,2
Li2Nb-MoS2-FM,2
Li2Nb-MoS2-NM,2
NiH2-MoS2-NM,2
Li2Ni-MoS2-NM,2
OsH2-MoS2-NM,2
Li2Os-MoS2-NM,2
Li2Pb-MoS2-NM,2
PtH2-MoS2-NM,2
Li2Pt-MoS2-NM,2
ReH2-MoS2-FM,2
ReH2-MoS2-NM,2
Li2Re-MoS2-NM,2
RhH2-MoS2-NM,2
Li2Rh-MoS2-NM,2
RuH2-MoS2-NM,2
Li2Ru-MoS2-NM,2
ScH2-MoS2-FM,2
Li2Sc-MoS2-FM,2
TaH2-MoS2-NM,2
Li2Ta-MoS2-FM,2
Li2Ta-MoS2-NM,2
TiH2-MoS2-NM,2
Li2Ti-MoS2-NM,2
VH2-MoS2-NM,2
Li2V-MoS2-FM,2
Li2V-MoS2-NM,2
WH2-MoS2-FM,2
WH2-MoS2-NM,2
Li2W-MoS2-FM,2
Li2W-MoS2-NM,2
ZrH2-MoS2-NM,2
Li2Zr-MoS2-NM,2
Cr2Mo2S8-CrWS4-NM,3
Cr2Mo2Se8-CrWS4-NM,3
Cr2Mo2Te8-CrWS4-NM,3
Cr2W2S8-CrWS4-NM,3
Cr2W2Se8-CrWS4-NM,3
Cr2W2Te8-CrWS4-NM,3
Cr3MoS8-CrW3S8-NM,3
Cr3MoSe8-CrW3S8-NM,3
Cr3MoTe8-CrW3S8-NM,3
Cr3WS8-CrW3S8-NM,3
Cr3WSe8-CrW3S8-NM,3
Cr3WTe8-CrW3S8-NM,3
CrMo3S8-CrW3S8-NM,3
CrMo3Se8-CrW3S8-NM,3
CrMo3Te8-CrW3S8-NM,3
CrW3S8-CrW3S8-NM,3
CrW3Se8-CrW3S8-NM,3
CrW3Te8-CrW3S8-NM,3
Mo2W2S8-CrWS4-NM,3
Mo2W2Se8-CrWS4-NM,3
Mo2W2Te8-CrWS4-NM,3
Mo3WS8-CrW3S8-NM,3
Mo3WSe8-CrW3S8-NM,3
Mo3WTe8-CrW3S8-NM,3
MoW3S8-CrW3S8-NM,3
MoW3Se8-CrW3S8-NM,3
MoW3Te8-CrW3S8-NM,3
Hf2Ti2S8-CrWS4-NM,3
Hf2Ti2Se8-CrWS4-NM,3
Hf2Ti2Te8-CrWS4-NM,3
Ti2Zr2S8-CrWS4-NM,3
Ti2Zr2Se8-CrWS4-NM,3
Ti2Zr2Te8-CrWS4-NM,3
HfTi3S8-CrW3S8-NM,3
HfTi3Se8-CrW3S8-NM,3
HfTi3Te8-CrW3S8-NM,3
Ti3ZrS8-CrW3S8-NM,3
Ti3ZrSe8-CrW3S8-NM,3
Ti3ZrTe8-CrW3S8-NM,3
Hf3TiS8-CrW3S8-NM,3
Hf3TiSe8-CrW3S8-NM,3
Hf3TiTe8-CrW3S8-NM,3
TiZr3S8-CrW3S8-NM,3
TiZr3Se8-CrW3S8-NM,3
TiZr3Te8-CrW3S8-NM,3
Hf2Zr2S8-CrWS4-NM,3
Hf2Zr2Se8-CrWS4-NM,3
Hf2Zr2Te8-CrWS4-NM,3
HfZr3S8-CrW3S8-NM,3
HfZr3Se8-CrW3S8-NM,3
HfZr3Te8-CrW3S8-NM,3
Hf3ZrS8-CrW3S8-NM,3
Hf3ZrSe8-CrW3S8-NM,3
Hf3ZrTe8-CrW3S8-NM,3
Ag2Br2N2-FeOCl-NM,3
Ag2Br2O2-FeOCl-NM,3
Ag2Br2S2-FeOCl-NM,3
Ag2Br2Se2-FeOCl-NM,3
Ag2Cl2N2-FeOCl-NM,3
Ag2Cl2O2-FeOCl-NM,3
Ag2Cl2S2-FeOCl-NM,3
Ag2Cl2Se2-FeOCl-NM,3
Ag2I2N2-FeOCl-FM,3
Ag2I2N2-FeOCl-NM,3
Ag2I2O2-FeOCl-NM,3
Ag2I2S2-FeOCl-NM,3
Ag2I2Se2-FeOCl-NM,3
Al2Br2N2-FeOCl-NM,3
Al2Br2O2-FeOCl-NM,3
Al2Br2S2-FeOCl-NM,3
Al2Br2Se2-FeOCl-NM,3
Al2Cl2N2-FeOCl-NM,3
Al2Cl2O2-FeOCl-NM,3
Al2Cl2S2-FeOCl-NM,3
Al2Cl2Se2-FeOCl-NM,3
Al2I2O2-FeOCl-NM,3
Al2I2S2-FeOCl-NM,3
Al2I2Se2-FeOCl-NM,3
Au2Br2N2-FeOCl-NM,3
Au2Br2O2-FeOCl-NM,3
Au2Br2S2-FeOCl-FM,3
Au2Br2S2-FeOCl-NM,3
Au2Br2Se2-FeOCl-NM,3
Au2Cl2N2-FeOCl-NM,3
Au2Cl2O2-FeOCl-NM,3
Au2Cl2Se2-FeOCl-NM,3
Au2I2N2-FeOCl-NM,3
Au2I2O2-FeOCl-NM,3
Au2I2S2-FeOCl-NM,3
Au2I2Se2-FeOCl-NM,3
Bi2Br2N2-FeOCl-NM,3
Bi2Br2O2-FeOCl-NM,3
Bi2Br2S2-FeOCl-NM,3
Bi2Br2Se2-FeOCl-NM,3
Bi2Cl2N2-FeOCl-NM,3
Bi2Cl2O2-FeOCl-NM,3
Bi2Cl2S2-FeOCl-NM,3
Bi2Cl2Se2-FeOCl-NM,3
Bi2I2N2-FeOCl-NM,3
Bi2I2O2-FeOCl-NM,3
Bi2I2S2-FeOCl-NM,3
Bi2I2Se2-FeOCl-NM,3
Br2Ge2N2-FeOCl-NM,3
Br2Ge2O2-FeOCl-NM,3
Br2Ge2S2-FeOCl-NM,3
Br2Ge2Se2-FeOCl-NM,3
Cl2Ge2N2-FeOCl-NM,3
Cl2Ge2O2-FeOCl-NM,3
Cl2Ge2S2-FeOCl-NM,3
Cl2Ge2Se2-FeOCl-NM,3
Co2Br2N2-FeOCl-NM,3
Co2Br2O2-FeOCl-NM,3
Co2Br2S2-FeOCl-NM,3
Co2Br2Se2-FeOCl-NM,3
Co2Cl2N2-FeOCl-NM,3
Co2Cl2O2-FeOCl-NM,3
Co2Cl2S2-FeOCl-NM,3
Co2Cl2Se2-FeOCl-NM,3
Co2I2N2-FeOCl-NM,3
Co2I2O2-FeOCl-NM,3
Co2I2S2-FeOCl-NM,3
Co2I2Se2-FeOCl-NM,3
Cr2Br2N2-FeOCl-AFM,3
Cr2Br2N2-FeOCl-FM,3
Cr2Br2O2-FeOCl-AFM,3
Cr2Br2O2-FeOCl-FM,3
Cr2Br2S2-FeOCl-AFM,3
Cr2Br2S2-FeOCl-FM,3
Cr2Br2Se2-FeOCl-AFM,3
Cr2Br2Se2-FeOCl-FM,3
Cr2Cl2N2-FeOCl-AFM,3
Cr2Cl2N2-FeOCl-FM,3
Cr2Cl2O2-FeOCl-AFM,3
Cr2Cl2O2-FeOCl-FM,3
Cr2Cl2S2-FeOCl-AFM,3
Cr2Cl2S2-FeOCl-FM,3
Cr2Cl2Se2-FeOCl-AFM,3
Cr2Cl2Se2-FeOCl-FM,3
Cr2I2N2-FeOCl-AFM,3
Cr2I2N2-FeOCl-FM,3
Cr2I2O2-FeOCl-AFM,3
Cr2I2O2-FeOCl-FM,3
Cr2I2S2-FeOCl-AFM,3
Cr2I2S2-FeOCl-FM,3
Cr2I2Se2-FeOCl-AFM,3
Cr2I2Se2-FeOCl-FM,3
Cu2Br2N2-FeOCl-FM,3
Cu2Br2N2-FeOCl-NM,3
Cu2Br2O2-FeOCl-NM,3
Cu2Br2S2-FeOCl-FM,3
Cu2Br2S2-FeOCl-NM,3
Cu2Cl2N2-FeOCl-FM,3
Cu2Cl2N2-FeOCl-NM,3
Cu2Cl2O2-FeOCl-NM,3
Cu2Cl2Se2-FeOCl-NM,3
Cu2I2N2-FeOCl-NM,3
Cu2I2O2-FeOCl-NM,3
Cu2I2S2-FeOCl-NM,3
Cu2I2Se2-FeOCl-NM,3
Cu2Cl2S2-FeOCl-NM,3
Cu2Br2Se2-FeOCl-NM,3
Fe2Br2N2-FeOCl-AFM,3
Fe2Br2N2-FeOCl-FM,3
Fe2Br2O2-FeOCl-FM,3
Fe2Br2O2-FeOCl-AFM,3
Fe2Br2S2-FeOCl-AFM,3
Fe2Br2S2-FeOCl-FM,3
Fe2Br2Se2-FeOCl-AFM,3
Fe2Br2Se2-FeOCl-FM,3
Fe2Cl2N2-FeOCl-AFM,3
Fe2Cl2O2-FeOCl-AFM,3
Fe2Cl2O2-FeOCl-FM,3
Fe2Cl2S2-FeOCl-AFM,3
Fe2Cl2S2-FeOCl-FM,3
Fe2Cl2Se2-FeOCl-AFM,3
Fe2Cl2Se2-FeOCl-FM,3
Fe2I2N2-FeOCl-AFM,3
Fe2I2N2-FeOCl-FM,3
Fe2I2O2-FeOCl-AFM,3
Fe2I2O2-FeOCl-FM,3
Fe2I2S2-FeOCl-AFM,3
Fe2I2S2-FeOCl-FM,3
Fe2I2S2-FeOCl-NM,3
Fe2I2Se2-FeOCl-AFM,3
Fe2I2Se2-FeOCl-FM,3
Ga2Br2N2-FeOCl-NM,3
Ga2Br2O2-FeOCl-NM,3
Ga2Br2S2-FeOCl-NM,3
Ga2Br2Se2-FeOCl-NM,3
Ga2Cl2N2-FeOCl-NM,3
Ga2Cl2O2-FeOCl-NM,3
Ga2Cl2S2-FeOCl-NM,3
Ga2Cl2Se2-FeOCl-NM,3
Ga2I2N2-FeOCl-NM,3
Ga2I2O2-FeOCl-NM,3
Ga2I2S2-FeOCl-NM,3
Ga2I2Se2-FeOCl-NM,3
Ge2I2N2-FeOCl-NM,3
Ge2I2O2-FeOCl-NM,3
Ge2I2S2-FeOCl-NM,3
Ge2I2Se2-FeOCl-NM,3
Hf2Br2N2-FeOCl-NM,3
Hf2Br2O2-FeOCl-NM,3
Hf2Br2S2-FeOCl-NM,3
Hf2Br2Se2-FeOCl-NM,3
Hf2Cl2N2-FeOCl-NM,3
Hf2Cl2O2-FeOCl-NM,3
Hf2Cl2S2-FeOCl-NM,3
Hf2Cl2Se2-FeOCl-NM,3
Hf2I2N2-FeOCl-NM,3
Hf2I2O2-FeOCl-NM,3
Hf2I2S2-FeOCl-NM,3
Hf2I2Se2-FeOCl-NM,3
Hg2Br2N2-FeOCl-NM,3
Hg2Br2O2-FeOCl-FM,3
Hg2Cl2N2-FeOCl-NM,3
Hg2Cl2O2-FeOCl-FM,3
Hg2Cl2S2-FeOCl-NM,3
Hg2Cl2Se2-FeOCl-NM,3
Hg2I2N2-FeOCl-NM,3
Hg2I2O2-FeOCl-FM,3
Hg2I2O2-FeOCl-NM,3
Hg2I2S2-FeOCl-NM,3
Hg2Br2Se2-FeOCl-NM,3
Hg2I2Se2-FeOCl-NM,3
In2Br2N2-FeOCl-NM,3
In2Br2O2-FeOCl-NM,3
In2Br2S2-FeOCl-NM,3
In2Br2Se2-FeOCl-NM,3
In2Cl2N2-FeOCl-NM,3
In2Cl2O2-FeOCl-NM,3
In2Cl2S2-FeOCl-NM,3
In2Cl2Se2-FeOCl-NM,3
In2I2N2-FeOCl-NM,3
In2I2O2-FeOCl-NM,3
In2I2S2-FeOCl-NM,3
In2I2Se2-FeOCl-NM,3
Ir2Br2N2-FeOCl-NM,3
Ir2Br2O2-FeOCl-NM,3
Ir2Br2S2-FeOCl-NM,3
Ir2Br2Se2-FeOCl-NM,3
Ir2Cl2N2-FeOCl-NM,3
Ir2Cl2O2-FeOCl-NM,3
Ir2Cl2S2-FeOCl-NM,3
Ir2Cl2Se2-FeOCl-NM,3
Ir2I2N2-FeOCl-NM,3
Ir2I2O2-FeOCl-NM,3
Ir2I2S2-FeOCl-NM,3
Ir2I2Se2-FeOCl-NM,3
Mn2Br2N2-FeOCl-AFM,3
Mn2Br2N2-FeOCl-FM,3
Mn2Br2O2-FeOCl-AFM,3
Mn2Br2O2-FeOCl-FM,3
Mn2Br2S2-FeOCl-AFM,3
Mn2Br2S2-FeOCl-FM,3
Mn2Br2Se2-FeOCl-AFM,3
Mn2Br2Se2-FeOCl-FM,3
Mn2Cl2N2-FeOCl-AFM,3
Mn2Cl2N2-FeOCl-FM,3
Mn2Cl2O2-FeOCl-AFM,3
Mn2Cl2O2-FeOCl-FM,3
Mn2Cl2S2-FeOCl-AFM,3
Mn2Cl2S2-FeOCl-FM,3
Mn2Cl2Se2-FeOCl-AFM,3
Mn2Cl2Se2-FeOCl-FM,3
Mn2I2N2-FeOCl-AFM,3
Mn2I2N2-FeOCl-FM,3
Mn2I2O2-FeOCl-AFM,3
Mn2I2O2-FeOCl-FM,3
Mn2I2S2-FeOCl-AFM,3
Mn2I2S2-FeOCl-FM,3
Mn2I2Se2-FeOCl-AFM,3
Mn2I2Se2-FeOCl-FM,3
Mo2Br2N2-FeOCl-NM,3
Mo2Br2O2-FeOCl-NM,3
Mo2Br2S2-FeOCl-NM,3
Mo2Br2Se2-FeOCl-NM,3
Mo2Cl2N2-FeOCl-NM,3
Mo2Cl2O2-FeOCl-NM,3
Mo2Cl2S2-FeOCl-AFM,3
Mo2Cl2S2-FeOCl-FM,3
Mo2Cl2S2-FeOCl-NM,3
Mo2Cl2Se2-FeOCl-NM,3
Mo2I2N2-FeOCl-AFM,3
Mo2I2N2-FeOCl-FM,3
Mo2I2N2-FeOCl-NM,3
Mo2I2O2-FeOCl-NM,3
Mo2I2S2-FeOCl-AFM,3
Mo2I2S2-FeOCl-FM,3
Mo2I2Se2-FeOCl-NM,3
Nb2Br2N2-FeOCl-NM,3
Nb2Br2O2-FeOCl-NM,3
Nb2Br2S2-FeOCl-NM,3
Nb2Br2Se2-FeOCl-NM,3
Nb2Cl2N2-FeOCl-NM,3
Nb2Cl2O2-FeOCl-NM,3
Nb2Cl2S2-FeOCl-NM,3
Nb2Cl2Se2-FeOCl-NM,3
Nb2I2N2-FeOCl-NM,3
Nb2I2O2-FeOCl-NM,3
Nb2I2S2-FeOCl-NM,3
Nb2I2Se2-FeOCl-NM,3
Ni2Br2O2-FeOCl-AFM,3
Ni2Br2O2-FeOCl-FM,3
Ni2Br2S2-FeOCl-NM,3
Ni2Br2Se2-FeOCl-NM,3
Ni2Cl2N2-FeOCl-NM,3
Ni2Cl2S2-FeOCl-NM,3
Ni2I2N2-FeOCl-NM,3
Ni2I2O2-FeOCl-AFM,3
Ni2I2O2-FeOCl-FM,3
Ni2I2S2-FeOCl-NM,3
Ni2I2Se2-FeOCl-NM,3
Ni2Br2N2-FeOCl-NM,3
Ni2Cl2O2-FeOCl-AFM,3
Ni2Cl2O2-FeOCl-FM,3
Ni2Cl2Se2-FeOCl-NM,3
Os2Br2N2-FeOCl-NM,3
Os2Br2O2-FeOCl-FM,3
Os2Br2O2-FeOCl-NM,3
Os2Br2S2-FeOCl-NM,3
Os2Br2Se2-FeOCl-NM,3
Os2Cl2N2-FeOCl-NM,3
Os2Cl2O2-FeOCl-FM,3
Os2Cl2O2-FeOCl-NM,3
Os2Cl2S2-FeOCl-NM,3
Os2Cl2Se2-FeOCl-NM,3
Os2I2O2-FeOCl-FM,3
Os2I2O2-FeOCl-NM,3
Os2I2S2-FeOCl-NM,3
Os2I2Se2-FeOCl-NM,3
Pb2Br2N2-FeOCl-NM,3
Pb2Br2O2-FeOCl-NM,3
Pb2Br2S2-FeOCl-NM,3
Pb2Cl2N2-FeOCl-NM,3
Pb2Cl2O2-FeOCl-NM,3
Pb2Cl2S2-FeOCl-NM,3
Pb2Cl2Se2-FeOCl-NM,3
Pb2I2N2-FeOCl-NM,3
Pb2I2O2-FeOCl-NM,3
Pb2I2S2-FeOCl-NM,3
Pb2I2Se2-FeOCl-NM,3
Pb2Br2Se2-FeOCl-NM,3
Pd2Br2N2-FeOCl-NM,3
Pd2Br2O2-FeOCl-NM,3
Pd2Br2S2-FeOCl-NM,3
Pd2Cl2N2-FeOCl-NM,3
Pd2Cl2O2-FeOCl-NM,3
Pd2Cl2S2-FeOCl-NM,3
Pd2Cl2Se2-FeOCl-NM,3
Pd2I2N2-FeOCl-NM,3
Pd2I2O2-FeOCl-NM,3
Pd2I2S2-FeOCl-NM,3
Pd2I2Se2-FeOCl-NM,3
Pt2Br2N2-FeOCl-NM,3
Pt2Br2O2-FeOCl-NM,3
Pt2Br2S2-FeOCl-NM,3
Pt2Br2Se2-FeOCl-NM,3
Pt2Cl2N2-FeOCl-NM,3
Pt2Cl2O2-FeOCl-NM,3
Pt2Cl2S2-FeOCl-NM,3
Pt2Cl2Se2-FeOCl-NM,3
Pt2I2N2-FeOCl-NM,3
Pt2I2O2-FeOCl-NM,3
Pt2I2S2-FeOCl-NM,3
Pt2I2Se2-FeOCl-NM,3
Rh2Br2N2-FeOCl-NM,3
Rh2Br2O2-FeOCl-NM,3
Rh2Br2S2-FeOCl-NM,3
Rh2Br2Se2-FeOCl-NM,3
Rh2Cl2N2-FeOCl-NM,3
Rh2Cl2O2-FeOCl-NM,3
Rh2Cl2Se2-FeOCl-NM,3
Rh2I2N2-FeOCl-NM,3
Rh2I2O2-FeOCl-NM,3
Rh2I2S2-FeOCl-NM,3
Rh2I2Se2-FeOCl-NM,3
Rh2Cl2S2-FeOCl-NM,3
Ru2Br2N2-FeOCl-NM,3
Ru2Br2O2-FeOCl-NM,3
Ru2Br2S2-FeOCl-NM,3
Ru2Br2Se2-FeOCl-NM,3
Ru2Cl2N2-FeOCl-NM,3
Ru2Cl2O2-FeOCl-NM,3
Ru2Cl2S2-FeOCl-NM,3
Ru2Cl2Se2-FeOCl-FM,3
Ru2Cl2Se2-FeOCl-NM,3
Ru2I2O2-FeOCl-AFM,3
Ru2I2O2-FeOCl-FM,3
Ru2I2O2-FeOCl-NM,3
Ru2I2S2-FeOCl-NM,3
Ru2I2Se2-FeOCl-NM,3
Ru2I2N2-FeOCl-NM,3
Sc2Br2N2-FeOCl-NM,3
Sc2Br2O2-FeOCl-NM,3
Sc2Br2S2-FeOCl-NM,3
Sc2Br2Se2-FeOCl-NM,3
Sc2Cl2N2-FeOCl-NM,3
Sc2Cl2O2-FeOCl-NM,3
Sc2Cl2S2-FeOCl-NM,3
Sc2Cl2Se2-FeOCl-NM,3
Sc2I2N2-FeOCl-NM,3
Sc2I2O2-FeOCl-NM,3
Sc2I2S2-FeOCl-NM,3
Sc2I2Se2-FeOCl-NM,3
Sn2Br2N2-FeOCl-NM,3
Sn2Br2O2-FeOCl-NM,3
Sn2Br2S2-FeOCl-NM,3
Sn2Br2Se2-FeOCl-NM,3
Sn2Cl2N2-FeOCl-NM,3
Sn2Cl2O2-FeOCl-NM,3
Sn2Cl2S2-FeOCl-NM,3
Sn2Cl2Se2-FeOCl-NM,3
Sn2I2N2-FeOCl-NM,3
Sn2I2O2-FeOCl-NM,3
Sn2I2S2-FeOCl-NM,3
Sn2I2Se2-FeOCl-NM,3
Ta2Br2O2-FeOCl-NM,3
Ta2Br2S2-FeOCl-NM,3
Ta2Br2Se2-FeOCl-NM,3
Ta2Cl2N2-FeOCl-NM,3
Ta2Cl2O2-FeOCl-NM,3
Ta2Cl2S2-FeOCl-NM,3
Ta2Cl2Se2-FeOCl-NM,3
Ta2I2N2-FeOCl-NM,3
Ta2I2O2-FeOCl-NM,3
Ta2I2S2-FeOCl-NM,3
Ta2I2Se2-FeOCl-NM,3
Ta2Br2N2-FeOCl-NM,3
Ti2Br2N2-FeOCl-NM,3
Ti2Br2O2-FeOCl-NM,3
Ti2Br2S2-FeOCl-NM,3
Ti2Br2Se2-FeOCl-NM,3
Ti2Cl2N2-FeOCl-NM,3
Ti2Cl2O2-FeOCl-NM,3
Ti2Cl2S2-FeOCl-NM,3
Ti2Cl2Se2-FeOCl-NM,3
Ti2I2N2-FeOCl-NM,3
Ti2I2O2-FeOCl-NM,3
Ti2I2S2-FeOCl-NM,3
Ti2I2Se2-FeOCl-NM,3
Tl2Br2N2-FeOCl-NM,3
Tl2Br2O2-FeOCl-NM,3
Tl2Cl2N2-FeOCl-NM,3
Tl2Cl2O2-FeOCl-NM,3
Tl2I2N2-FeOCl-NM,3
Tl2I2O2-FeOCl-NM,3
Tl2I2S2-FeOCl-NM,3
V2Br2N2-FeOCl-NM,3
V2Br2O2-FeOCl-AFM,3
V2Br2O2-FeOCl-FM,3
V2Br2S2-FeOCl-AFM,3
V2Br2S2-FeOCl-FM,3
V2Br2Se2-FeOCl-AFM,3
V2Br2Se2-FeOCl-FM,3
V2Cl2N2-FeOCl-NM,3
V2Cl2O2-FeOCl-AFM,3
V2Cl2S2-FeOCl-AFM,3
V2Cl2Se2-FeOCl-AFM,3
V2Cl2Se2-FeOCl-FM,3
V2I2N2-FeOCl-AFM,3
V2I2N2-FeOCl-FM,3
V2I2N2-FeOCl-NM,3
V2I2O2-FeOCl-AFM,3
V2I2O2-FeOCl-FM,3
V2I2S2-FeOCl-AFM,3
V2I2S2-FeOCl-FM,3
V2I2Se2-FeOCl-AFM,3
V2I2Se2-FeOCl-FM,3
W2Br2N2-FeOCl-NM,3
W2Br2O2-FeOCl-NM,3
W2Br2S2-FeOCl-NM,3
W2Br2Se2-FeOCl-NM,3
W2Cl2N2-FeOCl-NM,3
W2Cl2O2-FeOCl-NM,3
W2Cl2S2-FeOCl-NM,3
W2Cl2Se2-FeOCl-NM,3
W2I2N2-FeOCl-NM,3
W2I2O2-FeOCl-NM,3
W2I2S2-FeOCl-FM,3
W2I2Se2-FeOCl-NM,3
Zr2Br2N2-FeOCl-NM,3
Zr2Br2O2-FeOCl-NM,3
Zr2Br2S2-FeOCl-NM,3
Zr2Br2Se2-FeOCl-NM,3
Zr2Cl2N2-FeOCl-NM,3
Zr2Cl2O2-FeOCl-NM,3
Zr2Cl2Se2-FeOCl-NM,3
Zr2I2N2-FeOCl-NM,3
Zr2I2O2-FeOCl-NM,3
Zr2I2S2-FeOCl-NM,3
Zr2I2Se2-FeOCl-NM,3
Zr2Cl2S2-FeOCl-NM,3
Al2O2-GaS-NM,2
Al2S2-GaS-NM,2
Al2Se2-GaS-NM,2
Al2Te2-GaS-NM,2
Au2O2-GaS-NM,2
Au2S2-GaS-NM,2
Au2Se2-GaS-NM,2
Au2Te2-GaS-NM,2
Bi2O2-GaS-NM,2
Bi2S2-GaS-NM,2
Bi2Se2-GaS-NM,2
Bi2Te2-GaS-NM,2
Co2O2-GaS-NM,2
Co2S2-GaS-NM,2
Co2Se2-GaS-NM,2
Co2Te2-GaS-FM,2
Co2Te2-GaS-NM,2
Cu2S2-GaS-NM,2
Cu2Se2-GaS-NM,2
Cu2Te2-GaS-NM,2
Fe2O2-GaS-FM,2
Fe2O2-GaS-NM,2
Fe2S2-GaS-FM,2
Fe2S2-GaS-NM,2
Fe2Se2-GaS-NM,2
Fe2Te2-GaS-AFM,2
Fe2Te2-GaS-FM,2
Ga2O2-GaS-NM,2
Ga2S2-GaS-NM,2
Ga2Se2-GaS-NM,2
Ga2Te2-GaS-NM,2
Hf2O2-GaS-NM,2
Hf2S2-GaS-FM,2
Hf2S2-GaS-NM,2
Hf2Se2-GaS-FM,2
Hf2Se2-GaS-NM,2
Hf2Te2-GaS-NM,2
In2O2-GaS-NM,2
In2S2-GaS-NM,2
In2Se2-GaS-NM,2
In2Te2-GaS-NM,2
Ir2O2-GaS-NM,2
Ir2S2-GaS-NM,2
Ir2Se2-GaS-NM,2
Ir2Te2-GaS-NM,2
Mn2O2-GaS-AFM,2
Mn2O2-GaS-FM,2
Mn2S2-GaS-AFM,2
Mn2S2-GaS-FM,2
Mn2Se2-GaS-AFM,2
Mn2Se2-GaS-FM,2
Mn2Te2-GaS-AFM,2
Mn2Te2-GaS-FM,2
Mo2O2-GaS-NM,2
Mo2S2-GaS-NM,2
Mo2Se2-GaS-NM,2
Mo2Te2-GaS-NM,2
Nb2O2-GaS-NM,2
Nb2S2-GaS-NM,2
Nb2Se2-GaS-NM,2
Nb2Te2-GaS-FM,2
Nb2Te2-GaS-NM,2
Ni2O2-GaS-AFM,2
Ni2O2-GaS-FM,2
Ni2S2-GaS-NM,2
Ni2Se2-GaS-NM,2
Ni2Te2-GaS-NM,2
Os2O2-GaS-NM,2
Os2S2-GaS-NM,2
Os2Se2-GaS-NM,2
Os2Te2-GaS-NM,2
Pd2O2-GaS-NM,2
Pd2S2-GaS-NM,2
Pd2Se2-GaS-NM,2
Pd2Te2-GaS-NM,2
Pt2O2-GaS-NM,2
Pt2S2-GaS-NM,2
Pt2Se2-GaS-NM,2
Pt2Te2-GaS-NM,2
Re2O2-GaS-NM,2
Re2S2-GaS-NM,2
Re2Se2-GaS-NM,2
Re2Te2-GaS-NM,2
Rh2O2-GaS-NM,2
Rh2S2-GaS-NM,2
Rh2Se2-GaS-NM,2
Rh2Te2-GaS-NM,2
Ru2O2-GaS-NM,2
Ru2S2-GaS-NM,2
Ru2Se2-GaS-NM,2
Ru2Te2-GaS-NM,2
Sc2O2-GaS-NM,2
Sc2S2-GaS-NM,2
Sc2Se2-GaS-NM,2
Sc2Te2-GaS-NM,2
Ta2O2-GaS-NM,2
Ta2S2-GaS-FM,2
Ta2S2-GaS-NM,2
Ta2Se2-GaS-FM,2
Ta2Se2-GaS-NM,2
Ta2Te2-GaS-FM,2
Ti2O2-GaS-NM,2
Ti2S2-GaS-FM,2
Ti2S2-GaS-NM,2
Ti2Se2-GaS-FM,2
Ti2Se2-GaS-NM,2
Ti2Te2-GaS-NM,2
Tl2O2-GaS-NM,2
Tl2S2-GaS-NM,2
Tl2Se2-GaS-NM,2
Tl2Te2-GaS-NM,2
V2O2-GaS-AFM,2
V2S2-GaS-NM,2
V2Se2-GaS-NM,2
V2Te2-GaS-NM,2
W2O2-GaS-NM,2
W2S2-GaS-NM,2
W2Se2-GaS-NM,2
W2Te2-GaS-NM,2
Zr2O2-GaS-NM,2
Zr2S2-GaS-FM,2
Zr2S2-GaS-NM,2
Zr2Se2-GaS-NM,2
Zr2Te2-GaS-NM,2
Co2S6-Undefined-NM,2
Co2Se6-Undefined-NM,2
Co2Te6-VTe3-NM,2
Cr2Te6-VTe3-AFM,2
Cr2Te6-VTe3-FM,2
Fe2Te6-VTe3-FM,2
Fe2Te6-VTe3-NM,2
Hf2O6-TiS3-NM,2
Hf2S6-TiS3-NM,2
Hf2Se6-TiS3-NM,2
Hf2Te6-TiS3-NM,2
Ir2O6-Undefined-NM,2
Ir2S6-Undefined-NM,2
Ir2Se6-VTe3-NM,2
Ir2Te6-VTe3-NM,2
Mn2Te6-VTe3-AFM,2
Mn2Te6-VTe3-FM,2
Mo2S6-TiS3-NM,2
Mo2Se6-VTe3-NM,2
Mo2Te6-VTe3-NM,2
Nb2O6-TiS3-NM,2
Nb2S6-TiS3-NM,2
Nb2Se6-TiS3-NM,2
Nb2Te6-TiS3-NM,2
Ni2O6-Undefined-AFM,2
Ni2O6-Undefined-FM,2
Ni2S6-VTe3-NM,2
Ni2Se6-VTe3-NM,2
Ni2Te6-VTe3-NM,2
Os2Se6-VTe3-NM,2
Os2Te6-VTe3-NM,2
Pb2Te6-Undefined-NM,2
Pt2Se6-VTe3-NM,2
Pt2Te6-VTe3-NM,2
Rh2O6-Undefined-NM,2
Rh2Te6-VTe3-NM,2
Ru2Se6-VTe3-NM,2
Ru2Te6-VTe3-NM,2
Sc2S6-TiS3-NM,2
Sc2Se6-TiS3-NM,2
Sc2Te6-VTe3-NM,2
Ta2O6-TiS3-NM,2
Ta2S6-TiS3-NM,2
Ta2Se6-TiS3-NM,2
Ta2Te6-TiS3-NM,2
Ti2O6-TiS3-NM,2
Ti2S6-TiS3-NM,2
Ti2Se6-TiS3-NM,2
Ti2Te6-TiS3-NM,2
V2O6-TiS3-NM,2
V2S6-TiS3-NM,2
V2Se6-TiS3-FM,2
V2Se6-TiS3-NM,2
V2Te6-VTe3-AFM,2
V2Te6-VTe3-FM,2
V2Te6-VTe3-NM,2
W2S6-TiS3-NM,2
W2Te6-VTe3-NM,2
Zr2O6-TiS3-NM,2
Zr2S6-TiS3-NM,2
Zr2Se6-TiS3-NM,2
Zr2Te6-TiS3-NM,2
Ag2Br4-CdI2-NM,2
Ag2I4-CdI2-NM,2
Au2Br4-WTe2-NM,2
Au2I4-WTe2-NM,2
Au2O4-WTe2-NM,2
Co2S4-CdI2-NM,2
Co2Se4-CdI2-NM,2
Co2Te4-CdI2-NM,2
Cr2Br4-WTe2-AFM,2
Cr2Br4-WTe2-FM,2
Cr2Cl4-WTe2-AFM,2
Cr2Cl4-WTe2-FM,2
Cr2O4-WTe2-FM,2
Cr2O4-WTe2-NM,2
Cr2S4-WTe2-NM,2
Cr2Se4-WTe2-NM,2
Cu2Br4-CdI2-AFM,2
Cu2I4-CdI2-NM,2
Cu2Te4-WTe2-NM,2
Fe2S4-WTe2-NM,2
Fe2Se4-WTe2-NM,2
Fe2Te4-WTe2-NM,2
Hf2Br4-WTe2-NM,2
Hf2Cl4-WTe2-NM,2
Hf2I4-WTe2-NM,2
Hg2O4-CdI2-FM,2
Hg2Te4-WTe2-NM,2
Ir2Br4-WTe2-NM,2
Ir2O4-CdI2-NM,2
Ir2S4-WTe2-NM,2
Ir2Se4-WTe2-NM,2
Ir2Te4-CdI2-NM,2
Mn2Cl4-CdI2-FM,2
Mn2O4-WTe2-FM,2
Mn2S4-WTe2-AFM,2
Mn2S4-WTe2-FM,2
Mn2Se4-WTe2-FM,2
Mn2Te4-WTe2-AFM,2
Mn2Te4-WTe2-FM,2
Mo2Br4-WTe2-FM,2
Mo2Cl4-CdI2-NM,2
Mo2I4-WTe2-FM,2
Mo2I4-WTe2-NM,2
Mo2O4-WTe2-NM,2
Mo2S4-WTe2-NM,2
Mo2Se4-WTe2-NM,2
Mo2Te4-WTe2-NM,2
Nb2Cl4-WTe2-NM,2
Nb2I4-WTe2-NM,2
Nb2O4-CdI2-NM,2
Os2O4-WTe2-NM,2
Os2S4-WTe2-NM,2
Os2Se4-WTe2-NM,2
Os2Te4-WTe2-NM,2
Pd2Cl4-WTe2-NM,2
Re2Br4-WTe2-NM,2
Re2Cl4-WTe2-NM,2
Re2I4-WTe2-FM,2
Re2I4-WTe2-NM,2
Re2O4-WTe2-NM,2
Re2S4-WTe2-NM,2
Re2Se4-WTe2-NM,2
Re2Te4-WTe2-NM,2
Rh2Br4-CdI2-FM,2
Rh2Cl4-WTe2-AFM,2
Rh2Cl4-WTe2-FM,2
Rh2S4-WTe2-NM,2
Rh2Se4-WTe2-NM,2
Rh2Te4-WTe2-NM,2
Ru2O4-WTe2-NM,2
Ru2S4-WTe2-NM,2
Ru2Se4-WTe2-NM,2
Ru2Te4-WTe2-NM,2
Sc2Br4-CdI2-NM,2
Sc2Cl4-CdI2-NM,2
Ta2Br4-WTe2-NM,2
Ta2I4-WTe2-NM,2
Ta2O4-CdI2-NM,2
Ti2Cl4-WTe2-NM,2
Ti2I4-WTe2-NM,2
Ti2O4-WTe2-NM,2
V2Br4-CdI2-AFM,2
V2Cl4-CdI2-AFM,2
V2Cl4-WTe2-FM,2
V2Cl4-WTe2-NM,2
V2I4-CdI2-AFM,2
V2O4-WTe2-FM,2
W2Cl4-CdI2-NM,2
W2O4-WTe2-NM,2
W2S4-WTe2-NM,2
W2Se4-WTe2-NM,2
W2Te4-WTe2-NM,2
Y2Br4-CdI2-NM,2
Y2Cl4-CdI2-NM,2
Y2I4-WTe2-NM,2
Zr2Br4-WTe2-NM,2
Zr2Cl4-WTe2-NM,2
Zr2I4-WTe2-NM,2
C2F2-CH-NM,2
C2H2-CH-NM,2
F2Ge2-CH-NM,2
Ge2H2-CH-NM,2
F2Si2-CH-NM,2
H2Si2-CH-NM,2
CF2Si-CH2Si-NM,3
CH2Si-CH2Si-NM,3
Sn2F2-CH-NM,2
Sn2H2-CH-NM,2
Hf4Br4O4-HfBrS-NM,3
Hf4Br4S4-HfBrS-FM,3
Hf4Br4S4-HfBrS-NM,3
Hf4Br4Se4-HfBrS-FM,3
Hf4Br4Se4-HfBrS-NM,3
Hf4Cl4O4-HfBrS-NM,3
Hf4Cl4S4-HfBrS-FM,3
Hf4Cl4S4-HfBrS-NM,3
Hf4Cl4Se4-HfBrS-FM,3
Hf4Cl4Se4-HfBrS-NM,3
Hf4I4O4-HfBrS-NM,3
Hf4I4S4-HfBrS-FM,3
Hf4I4S4-HfBrS-NM,3
Hf4I4Se4-HfBrS-FM,3
Hf4I4Se4-HfBrS-NM,3
Ti4Br4O4-HfBrS-NM,3
Ti4Br4S4-HfBrS-FM,3
Ti4Br4Se4-HfBrS-FM,3
Ti4Cl4O4-HfBrS-NM,3
Ti4Cl4S4-HfBrS-FM,3
Ti4Cl4Se4-HfBrS-FM,3
Ti4I4O4-HfBrS-NM,3
Ti4I4S4-HfBrS-FM,3
Ti4I4Se4-HfBrS-FM,3
Zr4Br4O4-HfBrS-NM,3
Zr4Br4S4-HfBrS-FM,3
Zr4Br4Se4-HfBrS-FM,3
Zr4Br4Se4-HfBrS-NM,3
Zr4Cl4O4-HfBrS-NM,3
Zr4Cl4S4-HfBrS-FM,3
Zr4Cl4Se4-HfBrS-FM,3
Zr4Cl4Se4-HfBrS-NM,3
Zr4I4O4-HfBrS-NM,3
Zr4I4S4-HfBrS-FM,3
Zr4I4S4-HfBrS-NM,3
Zr4I4Se4-HfBrS-FM,3
Zr4I4Se4-HfBrS-NM,3
