Ag2O2-AuSe-NM,AuSe
Ag2S2-AuSe-NM,AuSe
Ag2Se2-AuSe-NM,AuSe
Ag2Te2-AuSe-NM,AuSe
Au2O2-AuSe-NM,AuSe
Au2S2-AuSe-NM,AuSe
Au2Se2-AuSe-NM,AuSe
Au2Te2-AuSe-NM,AuSe
Co2O2-AuSe-FM,AuSe
Co2S2-NiSe-FM,NiSe
Co2S2-NiSe-NM,NiSe
Co2Se2-NiSe-FM,NiSe
Co2Se2-NiSe-NM,NiSe
Co2Te2-NiSe-FM,NiSe
Co2Te2-NiSe-NM,NiSe
Cr2O2-RhO-FM,RhO
Cr2S2-NiSe-AFM,NiSe
Cr2Se2-NiSe-AFM,NiSe
Cr2Te2-NiSe-AFM,NiSe
Cu2O2-AuSe-NM,AuSe
Cu2S2-AuSe-NM,AuSe
Cu2Se2-AuSe-NM,AuSe
Cu2Te2-NiSe-NM,NiSe
Fe2O2-AuSe-FM,AuSe
Fe2S2-NiSe-FM,NiSe
Fe2Se2-NiSe-FM,NiSe
Fe2Te2-NiSe-FM,NiSe
Hf2O2-AuSe-FM,AuSe
Hf2O2-AuSe-NM,AuSe
Hf2S2-AuSe-FM,AuSe
Hf2S2-AuSe-NM,AuSe
Hf2Se2-NiSe-NM,NiSe
Hf2Te2-NiSe-NM,NiSe
Ir2O2-AuSe-NM,AuSe
Ir2S2-NiSe-NM,NiSe
Ir2Se2-AuSe-NM,AuSe
Ir2Te2-NiSe-NM,NiSe
Mn2O2-AuSe-FM,AuSe
Mn2S2-NiSe-AFM,NiSe
Mn2Se2-NiSe-FM,NiSe
Mn2Te2-NiSe-FM,NiSe
Mo2O2-RhO-FM,RhO
Mo2O2-RhO-NM,RhO
Mo2S2-Undefined-NM,Undefined
Mo2Se2-Undefined-NM,Undefined
Mo2Te2-Undefined-NM,Undefined
Nb2O2-RhO-NM,RhO
Nb2S2-NiSe-NM,NiSe
Nb2Se2-NiSe-NM,NiSe
Nb2Te2-NiSe-NM,NiSe
Ni2O2-AuSe-FM,AuSe
Ni2O2-AuSe-NM,AuSe
Ni2S2-NiSe-FM,NiSe
Ni2Se2-NiSe-FM,NiSe
Ni2Te2-NiSe-FM,NiSe
Os2O2-RhO-NM,RhO
Os2S2-RhO-NM,RhO
Os2Se2-RhO-NM,RhO
Os2Te2-Undefined-NM,Undefined
Pb2O2-Undefined-NM,Undefined
Pb2Se2-RhO-NM,RhO
Pb2Te2-AuSe-NM,AuSe
Pt2O2-AuSe-NM,AuSe
Pt2S2-AuSe-NM,AuSe
Pt2Se2-NiSe-NM,NiSe
Pt2Te2-NiSe-NM,NiSe
Re2O2-RhO-NM,RhO
Re2S2-RhO-NM,RhO
Re2Se2-RhO-NM,RhO
Re2Te2-Undefined-NM,Undefined
Rh2O2-RhO-NM,RhO
Rh2S2-AuSe-NM,AuSe
Rh2Se2-AuSe-NM,AuSe
Rh2Te2-NiSe-NM,NiSe
Ru2O2-RhO-NM,RhO
Ru2S2-RhO-NM,RhO
Ru2Se2-RhO-NM,RhO
Ru2Te2-Undefined-NM,Undefined
Sc2O2-AuSe-FM,AuSe
Sc2O2-AuSe-NM,AuSe
Sc2S2-AuSe-NM,AuSe
Sc2Se2-NiSe-FM,NiSe
Sc2Se2-NiSe-NM,NiSe
Sc2Te2-NiSe-FM,NiSe
Sc2Te2-NiSe-NM,NiSe
Ta2O2-RhO-NM,RhO
Ta2S2-NiSe-NM,NiSe
Ta2Se2-NiSe-NM,NiSe
Ta2Te2-NiSe-NM,NiSe
Ti2O2-AuSe-FM,AuSe
Ti2O2-AuSe-NM,AuSe
Ti2S2-NiSe-NM,NiSe
Ti2Se2-NiSe-NM,NiSe
Ti2Te2-NiSe-NM,NiSe
V2O2-RhO-NM,RhO
V2S2-NiSe-FM,NiSe
V2S2-NiSe-NM,NiSe
V2S2-NiSe-AFM,NiSe
V2Se2-NiSe-NM,NiSe
V2Se2-NiSe-AFM,NiSe
V2Te2-NiSe-FM,NiSe
V2Te2-NiSe-NM,NiSe
W2O2-AuSe-NM,AuSe
W2S2-AuSe-NM,AuSe
W2Se2-NiSe-NM,NiSe
W2Te2-NiSe-NM,NiSe
Zr2O2-AuSe-FM,AuSe
Zr2O2-AuSe-NM,AuSe
Zr2S2-NiSe-NM,NiSe
Zr2Se2-NiSe-NM,NiSe
Zr2Te2-NiSe-NM,NiSe
AlAs-BN-NM,BN
AlN-BN-NM,BN
AlSb-GeSe-NM,GeSe
AsB-BN-NM,BN
BN-BN-NM,BN
BP-BN-NM,BN
BSb-BN-NM,BN
GaAs-GeSe-NM,GeSe
GaN-BN-NM,BN
GaP-GeSe-NM,GeSe
GeO-GeSe-NM,GeSe
GeS-GeSe-NM,GeSe
GeSe-GeSe-NM,GeSe
GeTe-GeSe-NM,GeSe
HgO-BN-NM,BN
HgS-BN-NM,BN
HgSe-GeSe-NM,GeSe
HgTe-GeSe-NM,GeSe
InAs-GeSe-NM,GeSe
InN-BN-NM,BN
InP-GeSe-NM,GeSe
InSb-GeSe-NM,GeSe
PbO-GeSe-NM,GeSe
PbS-GeSe-NM,GeSe
PbSe-GeSe-NM,GeSe
PbTe-GeSe-NM,GeSe
SnO-GeSe-NM,GeSe
SnS-GeSe-NM,GeSe
SnSe-GeSe-NM,GeSe
SnTe-GeSe-NM,GeSe
AsBrS-BiTeI-NM,BiTeI
AsClS-BiTeI-NM,BiTeI
AsBrSe-BiTeI-NM,BiTeI
AsClSe-BiTeI-NM,BiTeI
AsISe-BiTeI-NM,BiTeI
AsIS-BiTeI-NM,BiTeI
AsBrTe-BiTeI-NM,BiTeI
AsClTe-BiTeI-NM,BiTeI
AsITe-BiTeI-NM,BiTeI
BiBrS-BiTeI-NM,BiTeI
BiClS-BiTeI-NM,BiTeI
BiBrSe-BiTeI-NM,BiTeI
BiClSe-BiTeI-NM,BiTeI
BiISe-BiTeI-NM,BiTeI
BiIS-BiTeI-NM,BiTeI
BiBrTe-BiTeI-NM,BiTeI
BiClTe-BiTeI-NM,BiTeI
BiITe-BiTeI-NM,BiTeI
BrSSb-BiTeI-NM,BiTeI
ClSSb-BiTeI-NM,BiTeI
BrSbSe-BiTeI-NM,BiTeI
ClSbSe-BiTeI-NM,BiTeI
ISbSe-BiTeI-NM,BiTeI
ISSb-BiTeI-NM,BiTeI
BrSbTe-BiTeI-NM,BiTeI
ClSbTe-BiTeI-NM,BiTeI
ISbTe-BiTeI-NM,BiTeI
BiWSb-BiTeI-NM,BiTeI
WBrI-BiTeI-NM,BiTeI
WSeTe-BiTeI-NM,BiTeI
WSSe-BiTeI-NM,BiTeI
BiZrAs-BiTeI-NM,BiTeI
ZrAsSb-BiTeI-NM,BiTeI
ZrBrCl-BiTeI-NM,BiTeI
ZrBrI-BiTeI-NM,BiTeI
ZrSeTe-BiTeI-NM,BiTeI
ZrSSe-BiTeI-NM,BiTeI
ZrSTe-BiTeI-NM,BiTeI
BiCrAs-BiTeI-NM,BiTeI
CrAsSb-BiTeI-FM,BiTeI
CrAsSb-BiTeI-NM,BiTeI
BiCrSb-BiTeI-FM,BiTeI
CrBrCl-BiTeI-FM,BiTeI
CrBrI-BiTeI-FM,BiTeI
CrClI-BiTeI-FM,BiTeI
CrSeTe-BiTeI-NM,BiTeI
CrSSe-BiTeI-NM,BiTeI
CrSTe-BiTeI-NM,BiTeI
BiHfAs-BiTeI-NM,BiTeI
HfAsSb-BiTeI-NM,BiTeI
BiHfSb-BiTeI-NM,BiTeI
HfBrCl-BiTeI-NM,BiTeI
HfBrI-BiTeI-NM,BiTeI
HfClI-BiTeI-NM,BiTeI
HfSeTe-BiTeI-NM,BiTeI
HfSSe-BiTeI-NM,BiTeI
HfSTe-BiTeI-NM,BiTeI
BiMoAs-BiTeI-NM,BiTeI
MoAsSb-BiTeI-NM,BiTeI
BiMoSb-BiTeI-NM,BiTeI
MoBrCl-BiTeI-NM,BiTeI
MoBrI-BiTeI-NM,BiTeI
MoClI-BiTeI-NM,BiTeI
MoSeTe-BiTeI-NM,BiTeI
MoSSe-BiTeI-NM,BiTeI
MoSTe-BiTeI-NM,BiTeI
BiNbAs-BiTeI-NM,BiTeI
NbAsSb-BiTeI-NM,BiTeI
BiNbSb-BiTeI-NM,BiTeI
NbBrCl-BiTeI-NM,BiTeI
NbBrI-BiTeI-NM,BiTeI
NbClI-BiTeI-NM,BiTeI
NbSeTe-BiTeI-NM,BiTeI
NbSSe-BiTeI-NM,BiTeI
NbSTe-BiTeI-NM,BiTeI
BiTaAs-BiTeI-NM,BiTeI
TaAsSb-BiTeI-NM,BiTeI
BiTaSb-BiTeI-NM,BiTeI
TaBrCl-BiTeI-NM,BiTeI
TaBrI-BiTeI-NM,BiTeI
TaClI-BiTeI-NM,BiTeI
TaSeTe-BiTeI-NM,BiTeI
TaSSe-BiTeI-NM,BiTeI
TaSTe-BiTeI-NM,BiTeI
BiTiAs-BiTeI-NM,BiTeI
TiAsSb-BiTeI-NM,BiTeI
BiTiSb-BiTeI-NM,BiTeI
TiBrCl-BiTeI-FM,BiTeI
TiBrCl-BiTeI-NM,BiTeI
TiBrI-BiTeI-FM,BiTeI
TiClI-BiTeI-FM,BiTeI
TiSeTe-BiTeI-NM,BiTeI
TiSSe-BiTeI-NM,BiTeI
TiSTe-BiTeI-NM,BiTeI
BiVAs-BiTeI-NM,BiTeI
VAsSb-BiTeI-NM,BiTeI
BiVSb-BiTeI-FM,BiTeI
BiVSb-BiTeI-NM,BiTeI
VBrCl-BiTeI-FM,BiTeI
VBrI-BiTeI-FM,BiTeI
VClI-BiTeI-FM,BiTeI
VSeTe-BiTeI-FM,BiTeI
VSSe-BiTeI-FM,BiTeI
VSSe-BiTeI-NM,BiTeI
VSTe-BiTeI-FM,BiTeI
BiWAs-BiTeI-NM,BiTeI
WAsSb-BiTeI-NM,BiTeI
WBrCl-BiTeI-NM,BiTeI
WClI-BiTeI-NM,BiTeI
WSTe-BiTeI-NM,BiTeI
BiZrSb-BiTeI-NM,BiTeI
ZrClI-BiTeI-NM,BiTeI
As2-C-NM,C
C2-C-NM,C
Ge2-C-NM,C
Si2-C-NM,C
Sn2-C-NM,C
As2C6-C3N-NM,C3N
As2Ge6-C3N-NM,C3N
As2Si6-C3N-NM,C3N
Bi2C6-C3N-NM,C3N
Bi2Ge6-C3N-NM,C3N
Bi2Pb6-C3N-NM,C3N
Bi2Si6-C3N-NM,C3N
Bi2Sn6-C3N-NM,C3N
C6N2-C3N-NM,C3N
C6P2-C3N-NM,C3N
C6Sb2-C3N-NM,C3N
Ge6N2-C3N-NM,C3N
Ge6P2-C3N-NM,C3N
Ge6Sb2-C3N-NM,C3N
N2Si6-C3N-NM,C3N
P2Si6-C3N-NM,C3N
Pb6As2-C3N-NM,C3N
Pb6N2-C3N-NM,C3N
Pb6P2-C3N-NM,C3N
Pb6Sb2-C3N-NM,C3N
Sb2Si6-C3N-NM,C3N
Sn6As2-C3N-NM,C3N
Sn6N2-C3N-NM,C3N
Sn6P2-C3N-NM,C3N
Sn6Sb2-C3N-NM,C3N
Sc2S2-CH-FM,CH
Sc2S2-CH-NM,CH
Sc2Se2-CH-FM,CH
Sc2Se2-CH-NM,CH
Sc2Te2-CH-FM,CH
Sc2F2-CH-FM,CH
Sc2Cl2-CH-FM,CH
Sc2Br2-GaSe-FM,GaSe
Sc2I2-CH-FM,CH
Ti2S2-CH-NM,CH
Ti2Se2-CH-NM,CH
Ti2Te2-CH-FM,CH
Ti2F2-CH-NM,CH
Ti2Cl2-CH-NM,CH
Ti2Cl2-CH-AFM,CH
Ti2Br2-CH-NM,CH
Ti2Br2-CH-AFM,CH
Ti2I2-CH-FM,CH
Ti2I2-CH-NM,CH
V2S2-CH-NM,CH
V2Se2-CH-NM,CH
V2Te2-CH-NM,CH
V2Te2-CH-AFM,CH
V2F2-CH-NM,CH
V2Cl2-CH-NM,CH
V2Br2-CH-FM,CH
V2Br2-CH-NM,CH
V2Br2-CH-AFM,CH
V2I2-CH-NM,CH
V2I2-CH-AFM,CH
Cr2S2-CH-FM,CH
Cr2Se2-CH-FM,CH
Cr2Se2-CH-AFM,CH
Cr2Te2-CH-AFM,CH
Cr2F2-CH-NM,CH
Cr2Cl2-CH-AFM,CH
Cr2Br2-CH-AFM,CH
Cr2I2-CH-FM,CH
Cr2I2-CH-AFM,CH
Mn2S2-CH-AFM,CH
Mn2Se2-CH-AFM,CH
Mn2Te2-CH-FM,CH
Mn2Te2-CH-AFM,CH
Mn2Br2-CH-AFM,CH
Fe2S2-CH-AFM,CH
Fe2Se2-CH-FM,CH
Fe2Se2-CH-AFM,CH
Fe2Te2-CH-FM,CH
Fe2Te2-CH-AFM,CH
Fe2F2-CH-FM,CH
Fe2F2-CH-AFM,CH
Fe2Cl2-CH-FM,CH
Fe2Cl2-CH-AFM,CH
Fe2Br2-CH-FM,CH
Fe2Br2-CH-AFM,CH
Fe2I2-CH-FM,CH
Fe2I2-CH-AFM,CH
Co2S2-CH-NM,CH
Co2Se2-CH-NM,CH
Co2Te2-CH-NM,CH
Co2F2-CH-FM,CH
Co2F2-CH-AFM,CH
Co2Cl2-CH-FM,CH
Co2Cl2-CH-AFM,CH
Co2Br2-CH-FM,CH
Co2Br2-CH-AFM,CH
Co2I2-CH-FM,CH
Co2I2-CH-AFM,CH
Ni2S2-CH-NM,CH
Ni2Se2-CH-NM,CH
Ni2Te2-CH-NM,CH
Ni2F2-CH-FM,CH
Ni2F2-CH-AFM,CH
Ni2Cl2-CH-FM,CH
Ni2Br2-CH-FM,CH
Ni2I2-CH-FM,CH
Cu2S2-CH-NM,CH
Cu2Se2-CH-NM,CH
Cu2Te2-CH-NM,CH
Cu2F2-CH-FM,CH
Cu2F2-CH-NM,CH
Cu2Cl2-CH-NM,CH
Cu2Br2-CH-NM,CH
Cu2I2-CH-NM,CH
Zn2S2-CH-NM,CH
Zn2Se2-CH-NM,CH
Zn2Te2-CH-NM,CH
Zn2F2-CH-NM,CH
Zn2Cl2-CH-NM,CH
Zn2Br2-CH-NM,CH
Zn2I2-GaSe-NM,GaSe
Ga2Te2-CH-NM,CH
Cl2Ge2-CH-NM,CH
Br2Ge2-CH-NM,CH
Ge2I2-CH-NM,CH
Zr2S2-CH-NM,CH
Zr2Se2-CH-NM,CH
Zr2Te2-CH-NM,CH
Zr2F2-CH-NM,CH
Zr2Cl2-CH-NM,CH
Zr2Br2-CH-NM,CH
Zr2I2-CH-NM,CH
Nb2S2-CH-NM,CH
Nb2Se2-CH-NM,CH
Nb2Te2-CH-NM,CH
Nb2F2-CH-NM,CH
Nb2Cl2-CH-NM,CH
Nb2Br2-CH-NM,CH
Nb2I2-ISb-NM,ISb
Mo2S2-CH-NM,CH
Mo2Se2-CH-NM,CH
Mo2Te2-CH-NM,CH
Mo2F2-CH-NM,CH
Mo2Cl2-CH-NM,CH
Mo2Br2-CH-NM,CH
Mo2I2-CH-NM,CH
Ru2S2-CH-NM,CH
Ru2Se2-CH-NM,CH
Ru2Te2-CH-NM,CH
Ru2F2-GaSe-NM,GaSe
Ru2Cl2-CH-NM,CH
Ru2Br2-CH-NM,CH
Ru2I2-CH-NM,CH
Rh2S2-CH-NM,CH
Rh2Se2-CH-NM,CH
Rh2Te2-CH-NM,CH
Rh2F2-CH-FM,CH
Rh2Cl2-CH-FM,CH
Rh2Br2-CH-FM,CH
Rh2I2-CH-NM,CH
Pd2S2-CH-NM,CH
Pd2Se2-CH-NM,CH
Pd2Te2-CH-NM,CH
Pd2F2-GaSe-NM,GaSe
Pd2Cl2-CH-NM,CH
Pd2Br2-CH-NM,CH
Pd2I2-CH-NM,CH
Ag2S2-CH-FM,CH
Ag2S2-CH-NM,CH
Ag2Se2-CH-NM,CH
Ag2Te2-CH-NM,CH
Ag2F2-Undefined-NM,Undefined
Ag2Cl2-CH-NM,CH
Ag2Br2-CH-NM,CH
Ag2I2-CH-NM,CH
Cd2S2-CH-NM,CH
Cd2Se2-CH-NM,CH
Cd2Te2-CH-NM,CH
Cd2F2-CH-NM,CH
Cd2Cl2-CH-NM,CH
Cd2Br2-CH-NM,CH
Cd2I2-CH-NM,CH
In2S2-CH-NM,CH
In2Te2-CH-NM,CH
In2I2-CH-NM,CH
Sn2Cl2-CH-NM,CH
Sn2Br2-CH-NM,CH
Sn2I2-CH-NM,CH
S2Sb2-CH-NM,CH
Sb2Se2-CH-NM,CH
Sb2Te2-CH-NM,CH
F2Sb2-Undefined-NM,Undefined
Cl2Sb2-CH-NM,CH
Br2Sb2-CH-NM,CH
I2Sb2-ISb-NM,ISb
Hf2S2-CH-NM,CH
Hf2Se2-CH-NM,CH
Hf2Te2-CH-FM,CH
Hf2Te2-CH-NM,CH
Hf2F2-CH-NM,CH
Hf2Cl2-CH-NM,CH
Hf2Br2-CH-NM,CH
Hf2I2-CH-NM,CH
Ta2S2-CH-NM,CH
Ta2Se2-CH-NM,CH
Ta2Te2-CH-NM,CH
Ta2F2-CH-NM,CH
Ta2Cl2-CH-NM,CH
Ta2Br2-CH-FM,CH
Ta2Br2-CH-NM,CH
Ta2I2-CH-NM,CH
W2S2-CH-NM,CH
W2Se2-CH-NM,CH
W2Te2-CH-NM,CH
W2F2-CH-NM,CH
W2Cl2-CH-NM,CH
W2Br2-CH-NM,CH
W2I2-CH-NM,CH
Re2S2-CH-NM,CH
Re2Se2-CH-NM,CH
Re2Te2-CH-NM,CH
Re2F2-CH-NM,CH
Re2Cl2-CH-NM,CH
Re2Br2-CH-NM,CH
Re2I2-CH-NM,CH
Os2S2-CH-NM,CH
Os2Se2-CH-NM,CH
Os2Te2-CH-NM,CH
Os2F2-CH-NM,CH
Os2Cl2-CH-NM,CH
Os2Br2-CH-NM,CH
Os2I2-CH-NM,CH
Ir2S2-CH-NM,CH
Ir2Se2-CH-NM,CH
Ir2Te2-CH-NM,CH
Ir2F2-Undefined-NM,Undefined
Ir2Cl2-ISb-NM,ISb
Ir2Br2-CH-NM,CH
Ir2I2-CH-NM,CH
Pt2S2-CH-NM,CH
Pt2Se2-CH-NM,CH
Pt2Te2-CH-NM,CH
Pt2Cl2-GaSe-NM,GaSe
Pt2Br2-CH-NM,CH
Pt2I2-CH-NM,CH
Au2Se2-CH-NM,CH
Au2Te2-CH-NM,CH
Au2Br2-CH-NM,CH
Au2I2-CH-NM,CH
Hg2Se2-CH-NM,CH
Hg2Te2-CH-NM,CH
Hg2F2-CH-NM,CH
Hg2Cl2-CH-NM,CH
Hg2Br2-CH-NM,CH
Hg2I2-GaSe-NM,GaSe
Tl2Se2-CH-NM,CH
Tl2Te2-CH-NM,CH
Tl2Cl2-CH-NM,CH
Tl2Br2-ISb-NM,ISb
Tl2I2-CH-NM,CH
Pb2Te2-CH-NM,CH
Pb2F2-CH-NM,CH
Pb2Cl2-CH-NM,CH
Pb2Br2-CH-NM,CH
Pb2I2-ISb-NM,ISb
Bi2S2-CH-NM,CH
Bi2Se2-CH-NM,CH
Bi2Te2-CH-NM,CH
Bi2F2-CH-NM,CH
Bi2Cl2-CH-NM,CH
Bi2Br2-CH-NM,CH
Bi2I2-CH-NM,CH
Fe2Br2-FeSe-FM,FeSe
Fe2Br2-FeSe-AFM,FeSe
Co2O2-PbSe-AFM,PbSe
Co2O2-FeSe-FM,FeSe
Co2S2-FeSe-FM,FeSe
Co2Se2-FeSe-FM,FeSe
Co2Se2-FeSe-NM,FeSe
Co2Te2-FeSe-NM,FeSe
Cr2O2-FeSe-AFM,FeSe
Cr2O2-FeSe-FM,FeSe
Cr2S2-FeSe-AFM,FeSe
Cr2S2-FeSe-FM,FeSe
Cr2Se2-FeSe-AFM,FeSe
Cr2Se2-FeSe-FM,FeSe
Cr2Te2-FeSe-AFM,FeSe
Cr2Te2-FeSe-FM,FeSe
Fe2O2-PbSe-AFM,PbSe
Fe2S2-FeSe-NM,FeSe
Fe2Se2-FeSe-AFM,FeSe
Fe2Te2-FeSe-AFM,FeSe
Fe2Te2-FeSe-FM,FeSe
Hf2O2-FeSe-NM,FeSe
Hf2S2-FeSe-NM,FeSe
Hf2Se2-FeSe-NM,FeSe
Hf2Te2-FeSe-NM,FeSe
Ir2O2-FeSe-FM,FeSe
Ir2O2-FeSe-NM,FeSe
Ir2S2-FeSe-NM,FeSe
Ir2Se2-FeSe-NM,FeSe
Ir2Te2-FeSe-NM,FeSe
Mn2O2-FeSe-AFM,FeSe
Mn2O2-FeSe-FM,FeSe
Mn2S2-FeSe-AFM,FeSe
Mn2S2-FeSe-FM,FeSe
Mn2Se2-FeSe-AFM,FeSe
Mn2Se2-FeSe-FM,FeSe
Mn2Te2-FeSe-AFM,FeSe
Mn2Te2-FeSe-FM,FeSe
Mo2O2-FeSe-NM,FeSe
Mo2S2-FeSe-NM,FeSe
Mo2Se2-FeSe-NM,FeSe
Mo2Te2-FeSe-NM,FeSe
Nb2O2-FeSe-NM,FeSe
Nb2S2-FeSe-NM,FeSe
Nb2Se2-FeSe-NM,FeSe
Nb2Te2-FeSe-NM,FeSe
Ni2O2-PbSe-AFM,PbSe
Ni2O2-PbSe-FM,PbSe
Ni2S2-FeSe-NM,FeSe
Ni2Se2-FeSe-NM,FeSe
Ni2Te2-FeSe-FM,FeSe
Ni2Te2-FeSe-NM,FeSe
Os2O2-FeSe-NM,FeSe
Os2S2-FeSe-NM,FeSe
Os2Se2-FeSe-NM,FeSe
Os2Te2-FeSe-NM,FeSe
Pb2O2-FeSe-NM,FeSe
Pb2S2-FeSe-NM,FeSe
Pb2Se2-FeSe-NM,FeSe
Pb2Te2-FeSe-NM,FeSe
Pt2O2-FeSe-NM,FeSe
Pt2S2-FeSe-NM,FeSe
Pt2Se2-FeSe-NM,FeSe
Pt2Te2-FeSe-NM,FeSe
Re2O2-FeSe-NM,FeSe
Re2S2-FeSe-NM,FeSe
Re2Se2-FeSe-NM,FeSe
Re2Te2-FeSe-NM,FeSe
Rh2O2-FeSe-NM,FeSe
Rh2S2-FeSe-FM,FeSe
Rh2S2-FeSe-NM,FeSe
Rh2Se2-FeSe-NM,FeSe
Rh2Te2-FeSe-NM,FeSe
Ru2O2-FeSe-NM,FeSe
Ru2S2-FeSe-NM,FeSe
Ru2Se2-FeSe-NM,FeSe
Ru2Te2-FeSe-NM,FeSe
Sc2O2-FeSe-NM,FeSe
Sc2S2-FeSe-NM,FeSe
Sc2Se2-FeSe-NM,FeSe
Sc2Te2-FeSe-NM,FeSe
Ta2O2-FeSe-NM,FeSe
Ta2S2-FeSe-NM,FeSe
Ta2Se2-FeSe-NM,FeSe
Ta2Te2-FeSe-NM,FeSe
Ti2O2-FeSe-NM,FeSe
Ti2S2-FeSe-NM,FeSe
Ti2Se2-FeSe-NM,FeSe
Ti2Te2-FeSe-FM,FeSe
Ti2Te2-FeSe-NM,FeSe
V2O2-FeSe-NM,FeSe
V2S2-FeSe-FM,FeSe
V2S2-FeSe-NM,FeSe
V2Se2-FeSe-FM,FeSe
V2Se2-FeSe-NM,FeSe
V2Te2-FeSe-AFM,FeSe
V2Te2-FeSe-NM,FeSe
W2O2-FeSe-NM,FeSe
W2S2-FeSe-NM,FeSe
W2Se2-FeSe-NM,FeSe
W2Te2-FeSe-NM,FeSe
Zr2O2-FeSe-NM,FeSe
Zr2S2-FeSe-NM,FeSe
Zr2Se2-FeSe-NM,FeSe
Zr2Te2-FeSe-NM,FeSe
Fe2I2-FeSe-FM,FeSe
Fe2I2-FeSe-AFM,FeSe
Ca2F2-PbSe-NM,PbSe
Ca2Br2-FeSe-NM,FeSe
Sc2F2-FeSe-NM,FeSe
Sc2Br2-FeSe-FM,FeSe
Ti2F2-FeSe-NM,FeSe
Ti2I2-FeSe-NM,FeSe
V2Cl2-FeSe-FM,FeSe
V2Cl2-FeSe-NM,FeSe
V2Cl2-FeSe-AFM,FeSe
V2I2-FeSe-FM,FeSe
V2I2-FeSe-NM,FeSe
Cr2Cl2-FeSe-FM,FeSe
Cr2Cl2-FeSe-AFM,FeSe
Mn2F2-FeSe-FM,FeSe
Mn2F2-FeSe-AFM,FeSe
Mn2Br2-FeSe-FM,FeSe
Mn2Br2-FeSe-AFM,FeSe
Fe2Cl2-FeSe-FM,FeSe
Fe2Cl2-FeSe-AFM,FeSe
K2Br2-FeSe-NM,FeSe
Ca2Cl2-FeSe-NM,FeSe
Ca2I2-FeSe-FM,FeSe
Sc2I2-FeSe-FM,FeSe
Ti2Cl2-FeSe-NM,FeSe
V2F2-FeSe-FM,FeSe
V2F2-FeSe-AFM,FeSe
V2Br2-FeSe-FM,FeSe
V2Br2-FeSe-NM,FeSe
Cr2F2-FeSe-FM,FeSe
Cr2F2-FeSe-AFM,FeSe
Cr2Br2-FeSe-FM,FeSe
Cr2Br2-FeSe-AFM,FeSe
Mn2Cl2-FeSe-FM,FeSe
Mn2Cl2-FeSe-AFM,FeSe
Mn2I2-FeSe-FM,FeSe
Mn2I2-FeSe-AFM,FeSe
Co2F2-FeSe-FM,FeSe
Co2F2-FeSe-AFM,FeSe
Fe2F2-FeSe-FM,FeSe
Fe2F2-FeSe-AFM,FeSe
Nb2Br2-FeSe-NM,FeSe
K2F2-FeSe-NM,FeSe
K2Cl2-FeSe-NM,FeSe
K2I2-FeSe-NM,FeSe
Ti2Br2-FeSe-NM,FeSe
Cr2I2-FeSe-FM,FeSe
Cr2I2-FeSe-AFM,FeSe
Co2Cl2-FeSe-FM,FeSe
Co2Cl2-FeSe-AFM,FeSe
Co2Br2-FeSe-FM,FeSe
Co2Br2-FeSe-AFM,FeSe
Co2I2-FeSe-FM,FeSe
Ni2F2-FeSe-FM,FeSe
Ni2F2-FeSe-AFM,FeSe
Ni2Cl2-FeSe-FM,FeSe
Ni2Cl2-FeSe-AFM,FeSe
Ni2Br2-FeSe-FM,FeSe
Ni2Br2-FeSe-AFM,FeSe
Ni2I2-FeSe-FM,FeSe
Cu2F2-FeSe-NM,FeSe
Cu2Cl2-FeSe-NM,FeSe
Cu2Br2-FeSe-NM,FeSe
Cu2I2-FeSe-NM,FeSe
Zn2F2-FeSe-NM,FeSe
Zn2Cl2-FeSe-NM,FeSe
Zn2Br2-FeSe-NM,FeSe
Zn2I2-FeSe-FM,FeSe
Zn2I2-FeSe-NM,FeSe
Ga2Cl2-FeSe-NM,FeSe
Ga2Br2-FeSe-NM,FeSe
Ga2I2-FeSe-NM,FeSe
Br2Ge2-FeSe-NM,FeSe
Ge2I2-FeSe-NM,FeSe
Rb2F2-FeSe-NM,FeSe
Rb2Cl2-FeSe-NM,FeSe
Rb2Br2-FeSe-NM,FeSe
Rb2I2-FeSe-NM,FeSe
Sr2F2-PbSe-NM,PbSe
Sr2Br2-FeSe-NM,FeSe
Sr2I2-FeSe-FM,FeSe
Y2F2-FeSe-NM,FeSe
Y2Cl2-FeSe-FM,FeSe
Y2Br2-FeSe-FM,FeSe
Y2I2-FeSe-FM,FeSe
Zr2F2-FeSe-NM,FeSe
Zr2Cl2-FeSe-NM,FeSe
Zr2Br2-FeSe-NM,FeSe
Zr2I2-FeSe-NM,FeSe
Nb2F2-FeSe-NM,FeSe
Nb2Cl2-FeSe-FM,FeSe
Nb2Cl2-FeSe-NM,FeSe
Nb2Cl2-FeSe-AFM,FeSe
Nb2I2-FeSe-FM,FeSe
Nb2I2-FeSe-NM,FeSe
Mo2F2-FeSe-AFM,FeSe
Mo2Cl2-FeSe-NM,FeSe
Mo2Cl2-FeSe-AFM,FeSe
Mo2Br2-FeSe-NM,FeSe
Mo2Br2-FeSe-AFM,FeSe
Mo2I2-FeSe-NM,FeSe
Mo2I2-FeSe-AFM,FeSe
Ru2F2-FeSe-NM,FeSe
Ru2Cl2-FeSe-NM,FeSe
Ru2Br2-FeSe-FM,FeSe
Ru2Br2-FeSe-NM,FeSe
Ru2I2-FeSe-NM,FeSe
Rh2F2-FeSe-FM,FeSe
Rh2Cl2-FeSe-FM,FeSe
Rh2Br2-FeSe-FM,FeSe
Rh2I2-FeSe-NM,FeSe
Pd2F2-FeSe-NM,FeSe
Pd2Cl2-FeSe-NM,FeSe
Pd2Br2-FeSe-FM,FeSe
Pd2Br2-FeSe-NM,FeSe
Pd2I2-FeSe-FM,FeSe
Ag2F2-FeSe-NM,FeSe
Ag2Cl2-FeSe-NM,FeSe
Ag2Br2-FeSe-NM,FeSe
Ag2I2-FeSe-NM,FeSe
Cd2F2-FeSe-NM,FeSe
Cd2Cl2-FeSe-NM,FeSe
Cd2Br2-FeSe-NM,FeSe
Cd2I2-FeSe-NM,FeSe
In2Cl2-FeSe-NM,FeSe
In2Br2-FeSe-NM,FeSe
In2I2-FeSe-NM,FeSe
Sn2Cl2-FeSe-NM,FeSe
Sn2Br2-FeSe-NM,FeSe
Sn2I2-FeSe-NM,FeSe
Cl2Sb2-FeSe-NM,FeSe
Br2Sb2-FeSe-NM,FeSe
I2Sb2-FeSe-NM,FeSe
Cs2F2-FeSe-NM,FeSe
Cs2Cl2-FeSe-NM,FeSe
Cs2Br2-FeSe-NM,FeSe
Ba2Cl2-FeSe-NM,FeSe
Ba2Br2-FeSe-NM,FeSe
Ba2I2-FeSe-NM,FeSe
Hf2F2-FeSe-NM,FeSe
Hf2Cl2-FeSe-NM,FeSe
Hf2Br2-FeSe-NM,FeSe
Hf2I2-FeSe-NM,FeSe
Ta2F2-FeSe-NM,FeSe
Ta2Cl2-FeSe-FM,FeSe
Ta2Cl2-FeSe-NM,FeSe
Ta2Br2-FeSe-NM,FeSe
Ta2I2-FeSe-NM,FeSe
W2F2-FeSe-NM,FeSe
W2Cl2-FeSe-NM,FeSe
W2Br2-FeSe-NM,FeSe
W2I2-FeSe-NM,FeSe
Re2F2-FeSe-NM,FeSe
Re2F2-FeSe-AFM,FeSe
Re2Cl2-FeSe-NM,FeSe
Re2Br2-FeSe-NM,FeSe
Re2I2-FeSe-NM,FeSe
Os2F2-FeSe-NM,FeSe
Os2Cl2-FeSe-NM,FeSe
Os2Br2-FeSe-NM,FeSe
Os2I2-FeSe-NM,FeSe
Ir2F2-FeSe-NM,FeSe
Ir2Cl2-FeSe-NM,FeSe
Ir2Br2-FeSe-NM,FeSe
Ir2I2-FeSe-NM,FeSe
Pt2F2-FeSe-FM,FeSe
Pt2F2-FeSe-NM,FeSe
Pt2Cl2-FeSe-NM,FeSe
Pt2Br2-FeSe-NM,FeSe
Pt2I2-FeSe-NM,FeSe
Au2Cl2-FeSe-NM,FeSe
Au2Br2-FeSe-NM,FeSe
Au2I2-FeSe-NM,FeSe
Hg2Cl2-FeSe-NM,FeSe
Hg2Br2-FeSe-NM,FeSe
Hg2I2-FeSe-FM,FeSe
Hg2I2-FeSe-NM,FeSe
Tl2Cl2-FeSe-NM,FeSe
Tl2Br2-FeSe-NM,FeSe
Tl2I2-FeSe-NM,FeSe
Pb2Cl2-FeSe-NM,FeSe
Pb2Br2-FeSe-NM,FeSe
Pb2I2-FeSe-NM,FeSe
Bi2Cl2-FeSe-NM,FeSe
Bi2Br2-FeSe-NM,FeSe
Bi2I2-FeSe-NM,FeSe
Ag2Te2-GaSe-NM,GaSe
Al2S2-GaSe-NM,GaSe
Al2Se2-GaSe-NM,GaSe
Al2Te2-GaSe-NM,GaSe
Au2S2-GaSe-NM,GaSe
Au2Se2-GaSe-NM,GaSe
Au2Te2-GaSe-NM,GaSe
Bi2S2-GaSe-NM,GaSe
Bi2Se2-GaSe-NM,GaSe
Bi2Te2-GaSe-NM,GaSe
Co2S2-GaSe-NM,GaSe
Co2Se2-GaSe-FM,GaSe
Co2Se2-GaSe-NM,GaSe
Co2Te2-GaSe-FM,GaSe
Co2Te2-GaSe-NM,GaSe
Cu2Se2-GaSe-NM,GaSe
Cu2Te2-GaSe-FM,GaSe
Cu2Te2-GaSe-NM,GaSe
Fe2S2-GaSe-NM,GaSe
Fe2Se2-GaSe-FM,GaSe
Fe2Se2-GaSe-NM,GaSe
Fe2Te2-GaSe-FM,GaSe
Fe2Te2-GaSe-NM,GaSe
Ga2S2-GaSe-NM,GaSe
Ga2Se2-GaSe-NM,GaSe
Ga2Te2-GaSe-NM,GaSe
Hf2S2-GaSe-FM,GaSe
Hf2S2-GaSe-NM,GaSe
Hf2Se2-GaSe-FM,GaSe
Hf2Te2-GaSe-NM,GaSe
In2S2-GaSe-NM,GaSe
In2Se2-GaSe-NM,GaSe
In2Te2-GaSe-NM,GaSe
Ir2S2-GaSe-NM,GaSe
Ir2Se2-GaSe-NM,GaSe
Ir2Te2-GaSe-NM,GaSe
Mn2S2-GaSe-FM,GaSe
Mn2S2-GaSe-NM,GaSe
Mn2Se2-GaSe-AFM,GaSe
Mn2Se2-GaSe-FM,GaSe
Mn2Te2-GaSe-AFM,GaSe
Mn2Te2-GaSe-FM,GaSe
Mo2Se2-CH-NM-2,CH
Nb2S2-GaSe-FM,GaSe
Nb2S2-GaSe-NM,GaSe
Nb2Se2-GaSe-FM,GaSe
Nb2Se2-GaSe-NM,GaSe
Nb2Te2-GaSe-NM,GaSe
Ni2S2-GaSe-FM,GaSe
Ni2S2-GaSe-NM,GaSe
Ni2Se2-GaSe-NM,GaSe
Ni2Te2-GaSe-NM,GaSe
Os2S2-GaSe-NM,GaSe
Os2Se2-GaSe-NM,GaSe
Os2Te2-GaSe-NM,GaSe
Pd2S2-GaSe-NM,GaSe
Pd2Se2-GaSe-NM,GaSe
Pd2Te2-GaSe-NM,GaSe
Pt2S2-GaSe-NM,GaSe
Pt2Se2-GaSe-NM,GaSe
Pt2Te2-GaSe-NM,GaSe
Rh2S2-GaSe-NM,GaSe
Rh2Se2-GaSe-NM,GaSe
Rh2Te2-GaSe-NM,GaSe
Ru2S2-GaSe-NM,GaSe
Ru2Se2-GaSe-NM,GaSe
Ru2Te2-GaSe-NM,GaSe
S2Sb2-GaSe-NM,GaSe
Sb2Se2-GaSe-NM,GaSe
Sc2S2-GaSe-NM,GaSe
Sc2Se2-GaSe-NM,GaSe
Sc2Te2-GaSe-NM,GaSe
Ta2S2-GaSe-FM,GaSe
Ta2S2-GaSe-NM,GaSe
Ta2Se2-GaSe-NM,GaSe
Ti2S2-GaSe-FM,GaSe
Ti2S2-GaSe-NM,GaSe
Ti2Se2-GaSe-FM,GaSe
Ti2Te2-GaSe-NM,GaSe
Tl2S2-GaSe-NM,GaSe
Tl2Se2-GaSe-NM,GaSe
Tl2Te2-GaSe-NM,GaSe
V2S2-GaSe-AFM,GaSe
V2S2-GaSe-NM,GaSe
V2Se2-GaSe-NM,GaSe
V2Te2-GaSe-NM,GaSe
W2S2-GaSe-NM,GaSe
W2Se2-CH-NM-2,CH
W2Te2-GaSe-NM,GaSe
Zr2S2-GaSe-NM,GaSe
Zr2Se2-GaSe-NM,GaSe
Zr2Te2-GaSe-NM,GaSe
VI2-GeS2-FM,GeS2
CrS2-GeS2-FM,GeS2
CrSe2-GeS2-FM,GeS2
CrF2-GeS2-FM,GeS2
CrCl2-GeS2-FM,GeS2
CrI2-GeS2-FM,GeS2
MnO2-GeS2-FM,GeS2
MnSe2-GeS2-FM,GeS2
MnTe2-GeS2-FM,GeS2
MnCl2-GeS2-FM,GeS2
MnBr2-GeS2-FM,GeS2
FeO2-GeS2-NM,GeS2
FeS2-GeS2-NM,GeS2
FeTe2-GeS2-FM,GeS2
FeF2-GeS2-NM,GeS2
FeBr2-GeS2-FM,GeS2
FeI2-GeS2-FM,GeS2
CoS2-GeS2-NM,GeS2
CoSe2-GeS2-NM,GeS2
CoF2-GeS2-FM,GeS2
CoCl2-GeS2-FM,GeS2
CoI2-GeS2-FM,GeS2
NiO2-GeS2-FM,GeS2
NiSe2-GeS2-FM,GeS2
NiSe2-GeS2-NM,GeS2
NiTe2-GeS2-FM,GeS2
NiTe2-GeS2-NM,GeS2
NiCl2-GeS2-NM,GeS2
NiBr2-GeS2-FM,GeS2
CuO2-GeS2-FM,GeS2
CuS2-GeS2-NM,GeS2
CuTe2-GeS2-NM,GeS2
CuF2-GeS2-NM,GeS2
CuBr2-GeS2-NM,GeS2
CuI2-GeS2-NM,GeS2
ZnS2-GeS2-NM,GeS2
ZnSe2-GeS2-NM,GeS2
ZnF2-GeS2-NM,GeS2
ZnCl2-GeS2-NM,GeS2
ZnI2-GeS2-NM,GeS2
GaO2-GeS2-FM,GeS2
GaSe2-GeS2-NM,GeS2
GaF2-GeS2-NM,GeS2
GaBr2-GeS2-NM,GeS2
GeS2-GeS2-NM,GeS2
GeSe2-GeS2-NM,GeS2
Cl2Ge-GeS2-NM,GeS2
GeI2-GeS2-NM,GeS2
RbS2-GeS2-NM,GeS2
RbTe2-GeS2-NM,GeS2
RbI2-Undefined-NM,Undefined
GaTe2-GeS2-NM,GeS2
GaCl2-GeS2-NM,GeS2
GeO2-GeS2-NM,GeS2
GeTe2-GeS2-NM,GeS2
F2Ge-GeS2-NM,GeS2
Br2Ge-GeS2-NM,GeS2
RbSe2-GeS2-NM,GeS2
KS2-GeS2-NM,GeS2
KSe2-GeS2-NM,GeS2
KTe2-GeS2-NM,GeS2
KI2-Undefined-NM,Undefined
CaS2-GeS2-NM,GeS2
CaSe2-GeS2-NM,GeS2
CaTe2-GeS2-NM,GeS2
CaF2-GeS2-NM,GeS2
CaCl2-GeS2-NM,GeS2
CaBr2-GeS2-NM,GeS2
CaI2-GeS2-NM,GeS2
ScS2-GeS2-NM,GeS2
ScSe2-GeS2-NM,GeS2
ScTe2-GeS2-NM,GeS2
ScF2-GeS2-FM,GeS2
ScF2-GeS2-NM,GeS2
ScCl2-GeS2-FM,GeS2
ScBr2-GeS2-FM,GeS2
ScI2-GeS2-FM,GeS2
TiO2-GeS2-NM,GeS2
TiS2-GeS2-NM,GeS2
TiSe2-GeS2-NM,GeS2
TiTe2-GeS2-NM,GeS2
TiF2-GeS2-FM,GeS2
TiF2-GeS2-NM,GeS2
TiCl2-GeS2-FM,GeS2
TiBr2-GeS2-FM,GeS2
TiI2-GeS2-FM,GeS2
VO2-GeS2-FM,GeS2
VS2-GeS2-FM,GeS2
VSe2-GeS2-FM,GeS2
VTe2-GeS2-FM,GeS2
VF2-GeS2-NM,GeS2
VCl2-GeS2-FM,GeS2
VBr2-GeS2-FM,GeS2
CrO2-GeS2-FM,GeS2
CrTe2-GeS2-FM,GeS2
CrBr2-GeS2-FM,GeS2
MnS2-GeS2-FM,GeS2
MnS2-GeS2-NM,GeS2
MnF2-GeS2-FM,GeS2
MnI2-GeS2-FM,GeS2
FeSe2-GeS2-NM,GeS2
FeCl2-GeS2-FM,GeS2
CoO2-GeS2-NM,GeS2
CoTe2-GeS2-NM,GeS2
CoBr2-GeS2-FM,GeS2
NiS2-GeS2-FM,GeS2
NiS2-GeS2-NM,GeS2
NiF2-GeS2-FM,GeS2
NiI2-GeS2-FM,GeS2
CuSe2-GeS2-NM,GeS2
CuCl2-GeS2-FM,GeS2
CuCl2-GeS2-NM,GeS2
ZnTe2-GeS2-NM,GeS2
ZnBr2-GeS2-NM,GeS2
GaS2-GeS2-NM,GeS2
GaI2-GeS2-NM,GeS2
SrSe2-GeS2-NM,GeS2
SrTe2-GeS2-NM,GeS2
SrF2-GeS2-NM,GeS2
SrCl2-GeS2-NM,GeS2
SrBr2-GeS2-NM,GeS2
SrI2-GeS2-NM,GeS2
YS2-GeS2-FM,GeS2
YSe2-GeS2-NM,GeS2
YTe2-GeS2-NM,GeS2
YF2-GeS2-FM,GeS2
YF2-GeS2-NM,GeS2
YCl2-GeS2-FM,GeS2
YCl2-GeS2-NM,GeS2
YBr2-GeS2-FM,GeS2
YI2-GeS2-FM,GeS2
ZrO2-GeS2-NM,GeS2
ZrS2-GeS2-NM,GeS2
ZrSe2-GeS2-NM,GeS2
ZrTe2-GeS2-NM,GeS2
ZrF2-GeS2-NM,GeS2
ZrCl2-GeS2-NM,GeS2
ZrBr2-GeS2-NM,GeS2
ZrI2-GeS2-FM,GeS2
NbO2-GeS2-FM,GeS2
NbS2-GeS2-NM,GeS2
NbSe2-GeS2-FM,GeS2
NbSe2-GeS2-NM,GeS2
NbTe2-GeS2-FM,GeS2
NbF2-GeS2-NM,GeS2
NbCl2-GeS2-NM,GeS2
NbBr2-GeS2-NM,GeS2
NbI2-GeS2-FM,GeS2
NbI2-GeS2-NM,GeS2
MoO2-GeS2-NM,GeS2
MoS2-GeS2-NM,GeS2
MoSe2-GeS2-FM,GeS2
MoSe2-GeS2-NM,GeS2
MoTe2-GeS2-FM,GeS2
MoTe2-GeS2-NM,GeS2
MoF2-GeS2-NM,GeS2
MoCl2-GeS2-NM,GeS2
MoBr2-GeS2-NM,GeS2
MoI2-GeS2-FM,GeS2
RuO2-GeS2-NM,GeS2
RuS2-GeS2-NM,GeS2
RuSe2-GeS2-NM,GeS2
RuTe2-GeS2-NM,GeS2
RuF2-GeS2-NM,GeS2
RuCl2-GeS2-NM,GeS2
RuBr2-GeS2-NM,GeS2
RuI2-GeS2-NM,GeS2
RhO2-GeS2-NM,GeS2
RhS2-GeS2-NM,GeS2
RhSe2-GeS2-NM,GeS2
RhTe2-GeS2-NM,GeS2
RhF2-GeS2-FM,GeS2
RhCl2-GeS2-NM,GeS2
RhBr2-GeS2-NM,GeS2
RhI2-GeS2-NM,GeS2
PdO2-GeS2-NM,GeS2
PdS2-GeS2-NM,GeS2
PdSe2-GeS2-NM,GeS2
PdTe2-GeS2-NM,GeS2
PdF2-GeS2-FM,GeS2
PdCl2-GeS2-NM,GeS2
PdBr2-GeS2-NM,GeS2
PdI2-GeS2-NM,GeS2
AgO2-GeS2-FM,GeS2
AgS2-GeS2-NM,GeS2
AgSe2-GeS2-NM,GeS2
AgTe2-GeS2-NM,GeS2
AgF2-Undefined-NM,Undefined
AgCl2-GeS2-NM,GeS2
AgBr2-GeS2-NM,GeS2
AgI2-GeS2-NM,GeS2
CdS2-GeS2-NM,GeS2
CdSe2-GeS2-NM,GeS2
CdTe2-GeS2-NM,GeS2
CdF2-GeS2-NM,GeS2
CdCl2-GeS2-NM,GeS2
CdBr2-GeS2-NM,GeS2
CdI2-GeS2-NM,GeS2
InS2-GeS2-NM,GeS2
InSe2-GeS2-NM,GeS2
InTe2-GeS2-NM,GeS2
InF2-GeS2-NM,GeS2
InCl2-GeS2-NM,GeS2
InBr2-GeS2-NM,GeS2
InI2-GeS2-NM,GeS2
SnO2-GeS2-NM,GeS2
SnS2-GeS2-NM,GeS2
SnSe2-GeS2-NM,GeS2
SnTe2-GeS2-NM,GeS2
SnF2-GeS2-NM,GeS2
SnCl2-GeS2-NM,GeS2
SnBr2-GeS2-NM,GeS2
SnI2-GeS2-NM,GeS2
O2Sb-GeS2-NM,GeS2
S2Sb-GeS2-NM,GeS2
SbSe2-GeS2-NM,GeS2
SbTe2-GeS2-NM,GeS2
F2Sb-GeS2-NM,GeS2
Cl2Sb-GeS2-NM,GeS2
Br2Sb-GeS2-FM,GeS2
Br2Sb-GeS2-NM,GeS2
I2Sb-GeS2-FM,GeS2
CsO2-GeS2-NM,GeS2
CsF2-Undefined-FM,Undefined
BaTe2-GeS2-NM,GeS2
BaF2-GeS2-NM,GeS2
BaCl2-GeS2-NM,GeS2
BaBr2-GeS2-NM,GeS2
BaI2-GeS2-NM,GeS2
HfO2-GeS2-NM,GeS2
HfS2-GeS2-NM,GeS2
HfSe2-GeS2-NM,GeS2
HfTe2-GeS2-NM,GeS2
HfF2-GeS2-NM,GeS2
HfCl2-GeS2-NM,GeS2
HfBr2-GeS2-NM,GeS2
HfI2-GeS2-NM,GeS2
TaO2-GeS2-FM,GeS2
TaS2-GeS2-NM,GeS2
TaSe2-GeS2-FM,GeS2
TaSe2-GeS2-NM,GeS2
TaTe2-GeS2-FM,GeS2
TaTe2-GeS2-NM,GeS2
TaF2-GeS2-NM,GeS2
TaCl2-GeS2-NM,GeS2
TaBr2-GeS2-NM,GeS2
TaI2-GeS2-FM,GeS2
TaI2-GeS2-NM,GeS2
WO2-GeS2-NM,GeS2
WS2-GeS2-NM,GeS2
WSe2-GeS2-NM,GeS2
WTe2-GeS2-NM,GeS2
WF2-GeS2-FM,GeS2
WF2-GeS2-NM,GeS2
WCl2-GeS2-NM,GeS2
WBr2-GeS2-NM,GeS2
WI2-GeS2-NM,GeS2
ReO2-GeS2-NM,GeS2
ReS2-GeS2-NM,GeS2
ReSe2-GeS2-NM,GeS2
ReTe2-GeS2-NM,GeS2
ReF2-GeS2-NM,GeS2
ReCl2-GeS2-NM,GeS2
ReBr2-GeS2-FM,GeS2
ReBr2-GeS2-NM,GeS2
ReI2-GeS2-FM,GeS2
OsO2-GeS2-NM,GeS2
OsS2-GeS2-NM,GeS2
OsSe2-GeS2-NM,GeS2
OsTe2-GeS2-NM,GeS2
OsF2-GeS2-FM,GeS2
OsF2-GeS2-NM,GeS2
OsCl2-GeS2-NM,GeS2
OsBr2-GeS2-NM,GeS2
OsI2-GeS2-NM,GeS2
IrO2-GeS2-NM,GeS2
IrS2-GeS2-NM,GeS2
IrSe2-GeS2-NM,GeS2
IrTe2-GeS2-NM,GeS2
IrF2-GeS2-FM,GeS2
IrCl2-GeS2-NM,GeS2
IrBr2-GeS2-NM,GeS2
IrI2-GeS2-NM,GeS2
PtO2-GeS2-NM,GeS2
PtS2-GeS2-NM,GeS2
PtSe2-GeS2-NM,GeS2
PtTe2-GeS2-NM,GeS2
PtF2-GeS2-FM,GeS2
PtCl2-GeS2-NM,GeS2
PtBr2-GeS2-NM,GeS2
PtI2-GeS2-NM,GeS2
AuO2-GeS2-NM,GeS2
AuS2-GeS2-NM,GeS2
AuSe2-GeS2-NM,GeS2
AuTe2-GeS2-NM,GeS2
AuF2-GeS2-FM,GeS2
AuF2-GeS2-NM,GeS2
AuCl2-GeS2-NM,GeS2
AuBr2-GeS2-NM,GeS2
AuI2-GeS2-NM,GeS2
HgO2-GeS2-NM,GeS2
HgS2-GeS2-NM,GeS2
HgSe2-GeS2-NM,GeS2
HgTe2-GeS2-NM,GeS2
HgF2-GeS2-NM,GeS2
HgCl2-GeS2-NM,GeS2
HgBr2-GeS2-NM,GeS2
HgI2-GeS2-NM,GeS2
TlS2-GeS2-NM,GeS2
TlSe2-GeS2-NM,GeS2
TlTe2-GeS2-NM,GeS2
TlF2-GeS2-NM,GeS2
TlCl2-GeS2-NM,GeS2
TlBr2-GeS2-NM,GeS2
TlI2-GeS2-NM,GeS2
PbO2-GeS2-NM,GeS2
PbS2-GeS2-NM,GeS2
PbSe2-GeS2-NM,GeS2
PbTe2-GeS2-NM,GeS2
PbF2-GeS2-NM,GeS2
PbCl2-GeS2-NM,GeS2
PbBr2-GeS2-NM,GeS2
PbI2-GeS2-NM,GeS2
BiO2-GeS2-NM,GeS2
BiS2-GeS2-NM,GeS2
BiSe2-GeS2-NM,GeS2
BiTe2-GeS2-NM,GeS2
BiF2-GeS2-NM,GeS2
BiCl2-GeS2-NM,GeS2
BiBr2-GeS2-FM,GeS2
BiBr2-GeS2-NM,GeS2
BiI2-GeS2-FM,GeS2
Cd2P2S6-MnPSe3-NM,MnPSe3
Sc2P2S6-ScPSe3-NM,ScPSe3
Sc2P2Te6-MnPSe3-NM,MnPSe3
Ti2P2S6-MnPSe3-FM,MnPSe3
Ti2P2S6-MnPSe3-NM,MnPSe3
Ti2P2S6-MnPSe3-AFM,MnPSe3
Ti2P2Se6-MnPSe3-FM,MnPSe3
Ti2P2Se6-MnPSe3-AFM,MnPSe3
Ti2P2Te6-MnPSe3-FM,MnPSe3
Ti2P2Te6-MnPSe3-AFM,MnPSe3
V2P2Se6-VPSe3-FM,VPSe3
V2P2Se6-MnPSe3-AFM,MnPSe3
V2P2Te6-Undefined-FM,Undefined
V2P2Te6-MnPSe3-AFM,MnPSe3
Cr2P2S6-MnPSe3-FM,MnPSe3
Cr2P2S6-MnPSe3-AFM,MnPSe3
Cr2P2Se6-ScPSe3-FM,ScPSe3
Cr2P2Se6-ScPSe3-AFM,ScPSe3
Cr2P2Te6-MnPSe3-FM,MnPSe3
Cr2P2Te6-MnPSe3-AFM,MnPSe3
Mn2P2S6-MnPSe3-FM,MnPSe3
Mn2P2Se6-MnPSe3-FM,MnPSe3
Mn2P2Se6-MnPSe3-AFM,MnPSe3
Mn2P2Te6-MnPSe3-FM,MnPSe3
Mn2P2Te6-Undefined-AFM,Undefined
Fe2P2S6-MnPSe3-NM,MnPSe3
Fe2P2Se6-MnPSe3-NM,MnPSe3
Fe2P2Te6-MnPSe3-NM,MnPSe3
Co2P2Se6-MnPSe3-NM,MnPSe3
Co2P2Te6-MnPSe3-NM,MnPSe3
Ni2P2S6-MnPSe3-FM,MnPSe3
Ni2P2S6-MnPSe3-AFM,MnPSe3
Ni2P2Se6-MnPSe3-FM,MnPSe3
Ni2P2Se6-MnPSe3-AFM,MnPSe3
Cu2P2Se6-MnPSe3-NM,MnPSe3
Ir2P2Te6-MnPSe3-NM,MnPSe3
Zn2P2Se6-MnPSe3-NM,MnPSe3
Zn2P2Te6-MnPSe3-NM,MnPSe3
Zr2P2S6-Undefined-NM,Undefined
Zr2P2Se6-Undefined-NM,Undefined
Zr2P2Te6-Undefined-NM,Undefined
Nb2P2S6-MnPSe3-NM,MnPSe3
Nb2P2S6-MnPSe3-AFM,MnPSe3
Nb2P2Se6-Undefined-NM,Undefined
Mo2P2S6-Undefined-NM,Undefined
Mo2P2Se6-Undefined-NM,Undefined
Mo2P2Te6-Undefined-NM,Undefined
Ru2P2S6-MnPSe3-NM,MnPSe3
Ru2P2Se6-MnPSe3-NM,MnPSe3
Ru2P2Te6-MnPSe3-NM,MnPSe3
Rh2P2Se6-MnPSe3-NM,MnPSe3
Rh2P2Te6-MnPSe3-NM,MnPSe3
Pd2P2S6-MnPSe3-NM,MnPSe3
Pd2P2Se6-MnPSe3-NM,MnPSe3
Pd2P2Te6-MnPSe3-NM,MnPSe3
Hg2P2Se6-MnPSe3-NM,MnPSe3
Co2P2S6-MnPSe3-NM,MnPSe3
Rh2P2S6-MnPSe3-NM,MnPSe3
Cd2P2Se6-MnPSe3-NM,MnPSe3
Hf2P2S6-Undefined-NM,Undefined
Hf2P2Se6-Undefined-NM,Undefined
Hf2P2Te6-Undefined-NM,Undefined
Ta2P2S6-Undefined-NM,Undefined
Ta2P2Se6-Undefined-NM,Undefined
W2P2S6-Undefined-NM,Undefined
W2P2Se6-Undefined-NM,Undefined
W2P2Te6-Undefined-NM,Undefined
Os2P2S6-ScPSe3-NM,ScPSe3
Os2P2Se6-MnPSe3-NM,MnPSe3
Os2P2Te6-MnPSe3-NM,MnPSe3
Ir2P2S6-MnPSe3-NM,MnPSe3
Ir2P2Se6-MnPSe3-NM,MnPSe3
Pt2P2S6-MnPSe3-NM,MnPSe3
Pt2P2Se6-Undefined-NM,Undefined
Pt2P2Te6-MnPSe3-NM,MnPSe3
Hg2P2S6-MnPSe3-NM,MnPSe3
Cu2P2S6-MnPSe3-FM,MnPSe3
Cu2P2S6-MnPSe3-NM,MnPSe3
Cd2P2Te6-MnPSe3-NM,MnPSe3
Ge2P2Te6-Undefined-NM,Undefined
Cu2P2Te6-MnPSe3-NM,MnPSe3
Ga2P2Se6-MnPSe3-NM,MnPSe3
Ga2P2Te6-Undefined-NM,Undefined
Ge2P2S6-MnPSe3-NM,MnPSe3
Ge2P2Se6-MnPSe3-NM,MnPSe3
In2P2S6-Undefined-NM,Undefined
In2P2Se6-MnPSe3-NM,MnPSe3
In2P2Te6-MnPSe3-NM,MnPSe3
Sn2P2S6-MnPSe3-NM,MnPSe3
Sn2P2Se6-MnPSe3-NM,MnPSe3
Sn2P2Te6-MnPSe3-NM,MnPSe3
P2Sb2Se6-ScPSe3-NM,ScPSe3
Tl2P2S6-MnPSe3-NM,MnPSe3
Tl2P2Se6-MnPSe3-NM,MnPSe3
Tl2P2Te6-MnPSe3-NM,MnPSe3
Pb2P2S6-MnPSe3-NM,MnPSe3
Pb2P2Se6-MnPSe3-NM,MnPSe3
Bi2P2S6-VPSe3-NM,VPSe3
Bi2P2Se6-ScPSe3-NM,ScPSe3
Bi2P2Te6-ScPSe3-NM,ScPSe3
Ag2P2S6-MnPSe3-NM,MnPSe3
Ag2P2Se6-MnPSe3-NM,MnPSe3
Ag2P2Te6-MnPSe3-NM,MnPSe3
Al2P2S6-ScPSe3-NM,ScPSe3
Al2P2Se6-ScPSe3-NM,ScPSe3
Al2P2Te6-MnPSe3-NM,MnPSe3
Au2P2S6-Undefined-NM,Undefined
Au2P2Se6-Undefined-NM,Undefined
Au2P2Te6-MnPSe3-NM,MnPSe3
Sc2P2Se6-ScPSe3-NM,ScPSe3
Nb2P2Te6-Undefined-NM,Undefined
P2Sb2Te6-ScPSe3-NM,ScPSe3
V2P2S6-MnPSe3-FM,MnPSe3
V2P2S6-MnPSe3-AFM,MnPSe3
Zn2P2S6-MnPSe3-NM,MnPSe3
Ta2P2Te6-Undefined-NM,Undefined
Pb2P2Te6-MnPSe3-NM,MnPSe3
Hg2P2Te6-MnPSe3-NM,MnPSe3
Ni2P2Te6-MnPSe3-FM,MnPSe3
Ni2P2Te6-MnPSe3-NM,MnPSe3
AgBr2-CdI2-FM,CdI2
AgBr2-CdI2-NM,CdI2
AgCl2-CdI2-FM,CdI2
AgI2-CdI2-NM,CdI2
AlBr2-CdI2-FM,CdI2
AlBr2-CdI2-NM,CdI2
AlCl2-CdI2-FM,CdI2
AlCl2-CdI2-NM,CdI2
AlI2-CdI2-NM,CdI2
AuBr2-CdI2-FM,CdI2
AuBr2-CdI2-NM,CdI2
AuCl2-CdI2-FM,CdI2
AuCl2-CdI2-NM,CdI2
AuI2-CdI2-FM,CdI2
AuI2-CdI2-NM,CdI2
BaBr2-CdI2-NM,CdI2
BaCl2-CdI2-NM,CdI2
BaI2-CdI2-NM,CdI2
CaBr2-CdI2-NM,CdI2
CaCl2-CdI2-NM,CdI2
CaI2-CdI2-NM,CdI2
CdBr2-CdI2-NM,CdI2
CdCl2-CdI2-NM,CdI2
CdI2-CdI2-NM,CdI2
CoBr2-CdI2-FM,CdI2
CoCl2-CdI2-FM,CdI2
CoI2-CdI2-FM,CdI2
CrBr2-CdI2-FM,CdI2
CrCl2-CdI2-FM,CdI2
CrI2-CdI2-FM,CdI2
CuBr2-CdI2-FM,CdI2
CuCl2-CdI2-FM,CdI2
CuI2-CdI2-NM,CdI2
FeBr2-CdI2-NM,CdI2
FeCl2-CdI2-NM,CdI2
FeI2-CdI2-NM,CdI2
GaBr2-CdI2-NM,CdI2
GaCl2-CdI2-FM,CdI2
GaCl2-CdI2-NM,CdI2
GaI2-CdI2-NM,CdI2
Br2Ge-CdI2-NM,CdI2
Cl2Ge-CdI2-NM,CdI2
GeI2-CdI2-NM,CdI2
HfBr2-CdI2-NM,CdI2
HfCl2-CdI2-NM,CdI2
HfI2-CdI2-NM,CdI2
HgBr2-CdI2-NM,CdI2
HgCl2-CdI2-NM,CdI2
HgI2-CdI2-NM,CdI2
InBr2-CdI2-NM,CdI2
InCl2-CdI2-NM,CdI2
InI2-CdI2-NM,CdI2
IrBr2-CdI2-FM,CdI2
IrBr2-CdI2-NM,CdI2
IrCl2-CdI2-FM,CdI2
IrI2-CdI2-NM,CdI2
MgBr2-CdI2-NM,CdI2
MgCl2-CdI2-NM,CdI2
MgI2-CdI2-NM,CdI2
MnBr2-CdI2-FM,CdI2
MnCl2-CdI2-FM,CdI2
MnI2-CdI2-FM,CdI2
MoBr2-CdI2-NM,CdI2
MoCl2-CdI2-NM,CdI2
MoI2-CdI2-FM,CdI2
NbBr2-CdI2-NM,CdI2
NbCl2-CdI2-NM,CdI2
NbI2-CdI2-NM,CdI2
NiBr2-CdI2-FM,CdI2
NiCl2-CdI2-FM,CdI2
NiI2-CdI2-FM,CdI2
OsBr2-CdI2-NM,CdI2
OsCl2-CdI2-NM,CdI2
OsI2-CdI2-NM,CdI2
PbBr2-CdI2-NM,CdI2
PbCl2-CdI2-NM,CdI2
PbI2-CdI2-NM,CdI2
PdBr2-CdI2-FM,CdI2
PdCl2-CdI2-FM,CdI2
PdI2-CdI2-NM,CdI2
PtBr2-CdI2-FM,CdI2
PtCl2-CdI2-FM,CdI2
PtI2-CdI2-FM,CdI2
PtI2-CdI2-NM,CdI2
ReBr2-CdI2-FM,CdI2
ReCl2-CdI2-NM,CdI2
ReI2-CdI2-FM,CdI2
RhBr2-CdI2-FM,CdI2
RhCl2-CdI2-FM,CdI2
RhI2-CdI2-FM,CdI2
RhI2-CdI2-NM,CdI2
RuBr2-CdI2-NM,CdI2
RuCl2-CdI2-NM,CdI2
RuI2-CdI2-NM,CdI2
ScBr2-CdI2-NM,CdI2
ScCl2-CdI2-NM,CdI2
ScI2-CdI2-NM,CdI2
SnBr2-CdI2-NM,CdI2
SnCl2-CdI2-NM,CdI2
SnI2-CdI2-NM,CdI2
SrBr2-CdI2-NM,CdI2
SrCl2-CdI2-NM,CdI2
SrI2-CdI2-NM,CdI2
TaBr2-CdI2-NM,CdI2
TaCl2-CdI2-NM,CdI2
TaI2-CdI2-NM,CdI2
TiBr2-CdI2-FM,CdI2
TiCl2-CdI2-NM,CdI2
TiI2-CdI2-FM,CdI2
TlBr2-CdI2-NM,CdI2
TlCl2-CdI2-NM,CdI2
TlI2-CdI2-NM,CdI2
VBr2-CdI2-FM,CdI2
VCl2-CdI2-FM,CdI2
VI2-CdI2-FM,CdI2
WBr2-CdI2-NM,CdI2
WCl2-CdI2-NM,CdI2
WI2-CdI2-NM,CdI2
YBr2-CdI2-NM,CdI2
YCl2-CdI2-NM,CdI2
YI2-CdI2-NM,CdI2
ZnBr2-CdI2-NM,CdI2
ZnCl2-CdI2-NM,CdI2
ZnI2-CdI2-NM,CdI2
ZrBr2-CdI2-NM,CdI2
ZrCl2-CdI2-NM,CdI2
ZrI2-CdI2-NM,CdI2
SbTe2-CdI2-NM,CdI2
Br2Sb-CdI2-NM,CdI2
MoSb2-CdI2-NM,CdI2
Cl2Sb-CdI2-NM,CdI2
NbAs2-CdI2-NM,CdI2
Bi2Nb-CdI2-NM,CdI2
I2Sb-CdI2-FM,CdI2
I2Sb-CdI2-NM,CdI2
SbSe2-CdI2-NM,CdI2
MoAs2-CdI2-NM,CdI2
NbSb2-CdI2-NM,CdI2
AsBr2-CdI2-NM,CdI2
AsCl2-CdI2-FM,CdI2
AsCl2-CdI2-NM,CdI2
AsI2-CdI2-NM,CdI2
AsSe2-CdI2-NM,CdI2
AsS2-CdI2-NM,CdI2
AsTe2-CdI2-NM,CdI2
BiBr2-CdI2-NM,CdI2
BiCl2-CdI2-NM,CdI2
BiI2-CdI2-FM,CdI2
BiI2-CdI2-NM,CdI2
BiSe2-CdI2-NM,CdI2
BiS2-CdI2-NM,CdI2
BiTe2-CdI2-NM,CdI2
CrAs2-CdI2-FM,CdI2
CrAs2-CdI2-NM,CdI2
Bi2Cr-CdI2-FM,CdI2
CrSb2-CdI2-FM,CdI2
HfAs2-CdI2-NM,CdI2
Bi2Hf-CdI2-NM,CdI2
HfSb2-CdI2-NM,CdI2
Bi2Mo-CdI2-NM,CdI2
S2Sb-CdI2-NM,CdI2
TaAs2-CdI2-NM,CdI2
Bi2Ta-CdI2-NM,CdI2
TaSb2-CdI2-NM,CdI2
TiAs2-CdI2-NM,CdI2
Bi2Ti-CdI2-NM,CdI2
TiSb2-CdI2-NM,CdI2
VAs2-CdI2-NM,CdI2
Bi2V-CdI2-FM,CdI2
Bi2V-CdI2-NM,CdI2
VSb2-CdI2-NM,CdI2
WAs2-CdI2-NM,CdI2
Bi2W-CdI2-NM,CdI2
WSb2-CdI2-NM,CdI2
ZrAs2-CdI2-NM,CdI2
Bi2Zr-CdI2-NM,CdI2
ZrSb2-CdI2-NM,CdI2
AgBr2-MoS2-FM,MoS2
AgCl2-MoS2-FM,MoS2
AgI2-MoS2-NM,MoS2
AlCl2-MoS2-FM,MoS2
AlI2-MoS2-NM,MoS2
AuBr2-MoS2-FM,MoS2
AuBr2-MoS2-NM,MoS2
AuCl2-MoS2-FM,MoS2
AuCl2-MoS2-NM,MoS2
AuI2-MoS2-FM,MoS2
BaBr2-MoS2-NM,MoS2
BaCl2-MoS2-NM,MoS2
BaI2-MoS2-NM,MoS2
Br2Ge-MoS2-NM,MoS2
CaBr2-MoS2-NM,MoS2
CaCl2-MoS2-NM,MoS2
CaI2-MoS2-NM,MoS2
CdBr2-MoS2-NM,MoS2
CdCl2-MoS2-NM,MoS2
CdI2-MoS2-NM,MoS2
Cl2Ge-MoS2-NM,MoS2
CoBr2-MoS2-FM,MoS2
CoCl2-MoS2-FM,MoS2
CoI2-MoS2-FM,MoS2
CrBr2-MoS2-FM,MoS2
CrCl2-MoS2-FM,MoS2
CrI2-MoS2-FM,MoS2
CuBr2-MoS2-FM,MoS2
CuCl2-MoS2-FM,MoS2
CuI2-MoS2-FM,MoS2
CuI2-MoS2-NM,MoS2
FeBr2-MoS2-FM,MoS2
FeCl2-MoS2-FM,MoS2
FeI2-MoS2-FM,MoS2
GaBr2-MoS2-NM,MoS2
GaCl2-MoS2-FM,MoS2
GaCl2-MoS2-NM,MoS2
GaI2-MoS2-NM,MoS2
HfBr2-MoS2-NM,MoS2
HfCl2-MoS2-NM,MoS2
HfI2-MoS2-NM,MoS2
HgBr2-MoS2-NM,MoS2
HgCl2-MoS2-NM,MoS2
HgI2-MoS2-NM,MoS2
InBr2-MoS2-FM,MoS2
InBr2-MoS2-NM,MoS2
InCl2-MoS2-NM,MoS2
InI2-MoS2-NM,MoS2
IrBr2-MoS2-NM,MoS2
IrCl2-MoS2-FM,MoS2
IrCl2-MoS2-NM,MoS2
IrI2-MoS2-NM,MoS2
MgBr2-MoS2-NM,MoS2
MgCl2-MoS2-NM,MoS2
MgI2-MoS2-NM,MoS2
MnBr2-MoS2-FM,MoS2
MnCl2-MoS2-FM,MoS2
MnI2-MoS2-FM,MoS2
MoBr2-MoS2-FM,MoS2
MoBr2-MoS2-NM,MoS2
MoCl2-MoS2-FM,MoS2
MoCl2-MoS2-NM,MoS2
MoI2-MoS2-FM,MoS2
NbBr2-MoS2-NM,MoS2
NbCl2-MoS2-NM,MoS2
NbI2-MoS2-NM,MoS2
NiBr2-MoS2-FM,MoS2
NiCl2-MoS2-FM,MoS2
NiI2-MoS2-FM,MoS2
OsBr2-MoS2-FM,MoS2
OsCl2-MoS2-FM,MoS2
OsI2-MoS2-FM,MoS2
OsI2-MoS2-NM,MoS2
PbBr2-MoS2-NM,MoS2
PbCl2-MoS2-NM,MoS2
PbI2-MoS2-NM,MoS2
PdBr2-MoS2-NM,MoS2
PdCl2-MoS2-FM,MoS2
PdI2-MoS2-NM,MoS2
PtBr2-MoS2-NM,MoS2
PtCl2-MoS2-FM,MoS2
PtCl2-MoS2-NM,MoS2
PtI2-MoS2-NM,MoS2
ReBr2-MoS2-FM,MoS2
ReCl2-MoS2-FM,MoS2
ReI2-MoS2-FM,MoS2
RhBr2-MoS2-FM,MoS2
RhCl2-MoS2-FM,MoS2
RhI2-MoS2-FM,MoS2
RhI2-MoS2-NM,MoS2
RuBr2-MoS2-FM,MoS2
RuCl2-MoS2-FM,MoS2
RuI2-MoS2-FM,MoS2
ScBr2-MoS2-FM,MoS2
ScCl2-MoS2-FM,MoS2
ScI2-MoS2-FM,MoS2
SnBr2-MoS2-NM,MoS2
SnCl2-MoS2-NM,MoS2
SnI2-MoS2-NM,MoS2
SrBr2-MoS2-NM,MoS2
SrCl2-MoS2-NM,MoS2
SrI2-MoS2-NM,MoS2
TaBr2-MoS2-NM,MoS2
TaCl2-MoS2-NM,MoS2
TaI2-MoS2-NM,MoS2
TiBr2-MoS2-NM,MoS2
TiCl2-MoS2-NM,MoS2
TiI2-MoS2-NM,MoS2
TlBr2-MoS2-NM,MoS2
TlCl2-MoS2-FM,MoS2
TlCl2-MoS2-NM,MoS2
TlI2-MoS2-NM,MoS2
VBr2-MoS2-FM,MoS2
VCl2-MoS2-FM,MoS2
VI2-MoS2-FM,MoS2
WBr2-MoS2-NM,MoS2
WCl2-MoS2-NM,MoS2
WI2-MoS2-NM,MoS2
YBr2-MoS2-FM,MoS2
YCl2-MoS2-FM,MoS2
YI2-MoS2-FM,MoS2
ZnBr2-MoS2-NM,MoS2
ZnCl2-MoS2-NM,MoS2
ZnI2-MoS2-NM,MoS2
ZrBr2-MoS2-NM,MoS2
ZrCl2-MoS2-NM,MoS2
ZrI2-MoS2-NM,MoS2
TiAs2-MoS2-NM,MoS2
Bi2Ta-MoS2-NM,MoS2
S2Sb-MoS2-NM,MoS2
TaSb2-MoS2-NM,MoS2
SbTe2-MoS2-NM,MoS2
Bi2Ti-MoS2-NM,MoS2
I2Sb-MoS2-NM,MoS2
TaAs2-MoS2-NM,MoS2
AsBr2-MoS2-NM,MoS2
AsCl2-MoS2-NM,MoS2
AsI2-MoS2-FM,MoS2
AsI2-MoS2-NM,MoS2
AsSe2-MoS2-NM,MoS2
AsS2-MoS2-NM,MoS2
AsTe2-MoS2-NM,MoS2
BiBr2-MoS2-NM,MoS2
BiCl2-MoS2-NM,MoS2
BiI2-MoS2-NM,MoS2
BiSe2-MoS2-NM,MoS2
BiS2-MoS2-NM,MoS2
BiTe2-MoS2-NM,MoS2
CrAs2-MoS2-FM,MoS2
CrAs2-MoS2-NM,MoS2
Bi2Cr-MoS2-FM,MoS2
CrSb2-MoS2-FM,MoS2
HfAs2-MoS2-NM,MoS2
Bi2Hf-MoS2-NM,MoS2
HfSb2-MoS2-NM,MoS2
MoAs2-MoS2-NM,MoS2
Bi2Mo-MoS2-NM,MoS2
MoSb2-MoS2-NM,MoS2
NbAs2-MoS2-NM,MoS2
Bi2Nb-MoS2-NM,MoS2
NbSb2-MoS2-NM,MoS2
Br2Sb-MoS2-NM,MoS2
Cl2Sb-MoS2-NM,MoS2
SbSe2-MoS2-NM,MoS2
TiSb2-MoS2-NM,MoS2
VAs2-MoS2-NM,MoS2
Bi2V-MoS2-FM,MoS2
Bi2V-MoS2-NM,MoS2
VSb2-MoS2-NM,MoS2
WAs2-MoS2-NM,MoS2
Bi2W-MoS2-NM,MoS2
WSb2-MoS2-NM,MoS2
ZrAs2-MoS2-NM,MoS2
Bi2Zr-MoS2-NM,MoS2
ZrSb2-MoS2-NM,MoS2
Ag2Br6-BiI3-AFM,BiI3
Ag2Br6-BiI3-FM,BiI3
Ag2Cl6-BiI3-AFM,BiI3
Ag2Cl6-BiI3-FM,BiI3
Ag2I6-BiI3-FM,BiI3
Ag2I6-BiI3-NM,BiI3
Al2Br6-BiI3-NM,BiI3
Al2Cl6-BiI3-NM,BiI3
Al2I6-BiI3-NM,BiI3
As2Br6-BiI3-NM,BiI3
As2I6-BiI3-NM,BiI3
Au2Br6-BiI3-AFM,BiI3
Au2Br6-BiI3-FM,BiI3
Au2Cl6-BiI3-AFM,BiI3
Au2Cl6-BiI3-FM,BiI3
Au2I6-BiI3-FM,BiI3
Au2I6-BiI3-NM,BiI3
Bi2Br6-BiI3-NM,BiI3
Bi2Cl6-BiI3-NM,BiI3
Bi2I6-BiI3-NM,BiI3
Br6Sb2-BiI3-NM,BiI3
Co2Br6-BiI3-NM,BiI3
Co2Cl6-BiI3-NM,BiI3
Co2I6-BiI3-NM,BiI3
Cr2Br6-BiI3-AFM,BiI3
Cr2Br6-BiI3-FM,BiI3
Cr2Cl6-BiI3-AFM,BiI3
Cr2Cl6-BiI3-FM,BiI3
Cr2I6-BiI3-AFM,BiI3
Cr2I6-BiI3-FM,BiI3
Cu2Br6-BiI3-AFM,BiI3
Cu2Br6-BiI3-FM,BiI3
Cu2Cl6-BiI3-AFM,BiI3
Cu2Cl6-BiI3-FM,BiI3
Cu2I6-BiI3-AFM,BiI3
Cu2I6-BiI3-FM,BiI3
Cu2I6-BiI3-NM,BiI3
Fe2Br6-BiI3-FM,BiI3
Fe2Cl6-BiI3-FM,BiI3
Fe2I6-BiI3-AFM,BiI3
Fe2I6-BiI3-FM,BiI3
Ga2Br6-BiI3-NM,BiI3
Ga2Cl6-BiI3-NM,BiI3
Ga2I6-BiI3-NM,BiI3
Hf2Br6-BiI3-FM,BiI3
Hf2Br6-BiI3-NM,BiI3
Hf2Cl6-BiI3-FM,BiI3
Hf2Cl6-BiI3-NM,BiI3
Hf2I6-BiI3-FM,BiI3
Hf2I6-BiI3-NM,BiI3
I6Sb2-BiI3-NM,BiI3
In2Br6-BiI3-NM,BiI3
In2Cl6-BiI3-NM,BiI3
In2I6-BiI3-NM,BiI3
Ir2Br6-BiI3-NM,BiI3
Ir2Cl6-BiI3-NM,BiI3
Ir2I6-BiI3-NM,BiI3
Mn2Br6-BiI3-AFM,BiI3
Mn2Br6-BiI3-FM,BiI3
Mn2Cl6-BiI3-FM,BiI3
Mn2I6-BiI3-AFM,BiI3
Mn2I6-BiI3-FM,BiI3
Mo2Br6-BiI3-AFM,BiI3
Mo2Cl6-BiI3-AFM,BiI3
Mo2I6-BiI3-AFM,BiI3
Mo2I6-BiI3-FM,BiI3
Nb2Br6-BiI3-FM,BiI3
Nb2Cl6-BiI3-FM,BiI3
Nb2I6-BiI3-FM,BiI3
Ni2Br6-BiI3-AFM,BiI3
Ni2Br6-BiI3-FM,BiI3
Ni2Cl6-BiI3-FM,BiI3
Ni2I6-BiI3-FM,BiI3
Os2Br6-BiI3-FM,BiI3
Os2Cl6-BiI3-FM,BiI3
Os2I6-BiI3-FM,BiI3
Os2I6-BiI3-NM,BiI3
Pd2Br6-BiI3-FM,BiI3
Pd2Cl6-BiI3-FM,BiI3
Pd2I6-BiI3-FM,BiI3
Pt2Br6-BiI3-FM,BiI3
Pt2Cl6-BiI3-FM,BiI3
Pt2I6-BiI3-FM,BiI3
Re2Br6-BiI3-FM,BiI3
Re2Cl6-BiI3-FM,BiI3
Re2I6-BiI3-FM,BiI3
Rh2Br6-BiI3-NM,BiI3
Rh2Cl6-BiI3-NM,BiI3
Rh2I6-BiI3-NM,BiI3
Ru2Br6-BiI3-FM,BiI3
Ru2Cl6-BiI3-FM,BiI3
Ru2I6-BiI3-FM,BiI3
Ru2I6-BiI3-NM,BiI3
Sc2Br6-BiI3-NM,BiI3
Sc2Cl6-BiI3-NM,BiI3
Sc2I6-BiI3-NM,BiI3
Ta2Br6-BiI3-FM,BiI3
Ta2Br6-BiI3-NM,BiI3
Ta2Cl6-BiI3-FM,BiI3
Ta2Cl6-BiI3-NM,BiI3
Ta2I6-BiI3-AFM,BiI3
Ta2I6-BiI3-FM,BiI3
Ta2I6-BiI3-NM,BiI3
Ti2Cl6-BiI3-FM,BiI3
Tl2Br6-BiI3-NM,BiI3
Tl2Cl6-BiI3-NM,BiI3
Tl2I6-BiI3-NM,BiI3
V2Br6-BiI3-FM,BiI3
V2Cl6-BiI3-FM,BiI3
V2I6-BiI3-FM,BiI3
W2Br6-BiI3-AFM,BiI3
W2Cl6-BiI3-AFM,BiI3
W2Cl6-BiI3-NM,BiI3
W2I6-BiI3-AFM,BiI3
W2I6-BiI3-FM,BiI3
Y2Br6-BiI3-NM,BiI3
Y2Cl6-BiI3-NM,BiI3
Y2I6-BiI3-NM,BiI3
Zr2Br6-BiI3-FM,BiI3
Zr2Cl6-BiI3-FM,BiI3
Zr2I6-BiI3-FM,BiI3
Ag2Br6-AgBr3-FM,AgBr3
Ag2Br6-AgBr3-NM,AgBr3
Ag2Cl6-AgBr3-FM,AgBr3
Ag2Cl6-AgBr3-NM,AgBr3
Ag2I6-AgBr3-NM,AgBr3
Al2Br6-TiCl3-NM,TiCl3
Al2Cl6-TiCl3-NM,TiCl3
Al2I6-TiCl3-NM,TiCl3
Au2Br6-AgBr3-NM,AgBr3
Au2Cl6-AgBr3-FM,AgBr3
Au2Cl6-AgBr3-NM,AgBr3
Au2I6-AgBr3-NM,AgBr3
Bi2Br6-AgBr3-NM,AgBr3
Bi2Cl6-AgBr3-NM,AgBr3
Bi2I6-TiCl3-NM,TiCl3
Co2Br6-AgBr3-AFM,AgBr3
Co2Br6-AgBr3-FM,AgBr3
Co2Cl6-AgBr3-AFM,AgBr3
Co2Cl6-AgBr3-FM,AgBr3
Co2I6-AgBr3-AFM,AgBr3
Co2I6-AgBr3-FM,AgBr3
Cr2Br6-TiCl3-AFM,TiCl3
Cr2Br6-TiCl3-FM,TiCl3
Cr2Cl6-TiCl3-AFM,TiCl3
Cr2Cl6-TiCl3-FM,TiCl3
Cr2I6-TiCl3-AFM,TiCl3
Cr2I6-TiCl3-FM,TiCl3
Cu2Br6-AgBr3-FM,AgBr3
Cu2Br6-AgBr3-NM,AgBr3
Cu2Cl6-AgBr3-FM,AgBr3
Cu2Cl6-AgBr3-NM,AgBr3
Cu2I6-AgBr3-FM,AgBr3
Cu2I6-AgBr3-NM,AgBr3
Fe2Br6-TiCl3-AFM,TiCl3
Fe2Br6-TiCl3-FM,TiCl3
Fe2Cl6-AgBr3-AFM,AgBr3
Fe2Cl6-TiCl3-FM,TiCl3
Fe2I6-TiCl3-AFM,TiCl3
Fe2I6-TiCl3-FM,TiCl3
Ga2Br6-TiCl3-NM,TiCl3
Ga2Cl6-TiCl3-NM,TiCl3
Ga2I6-TiCl3-NM,TiCl3
Hf2Br6-TiCl3-FM,TiCl3
Hf2Cl6-TiCl3-FM,TiCl3
Hf2I6-TiCl3-FM,TiCl3
In2Br6-TiCl3-NM,TiCl3
In2Cl6-AgBr3-NM,AgBr3
In2I6-TiCl3-NM,TiCl3
Ir2Br6-TiCl3-NM,TiCl3
Ir2Cl6-Undefined-NM,Undefined
Ir2I6-TiCl3-NM,TiCl3
Mn2Br6-AgBr3-AFM,AgBr3
Mn2Br6-AgBr3-FM,AgBr3
Mn2Cl6-AgBr3-AFM,AgBr3
Mn2Cl6-AgBr3-FM,AgBr3
Mn2I6-AgBr3-AFM,AgBr3
Mn2I6-AgBr3-FM,AgBr3
Mo2Br6-TiCl3-AFM,TiCl3
Mo2Cl6-TiCl3-AFM,TiCl3
Mo2Cl6-TiCl3-NM,TiCl3
Mo2I6-TiCl3-AFM,TiCl3
Nb2Br6-TiCl3-NM,TiCl3
Nb2Cl6-TiCl3-NM,TiCl3
Nb2I6-TiCl3-AFM,TiCl3
Nb2I6-TiCl3-NM,TiCl3
Ni2Br6-AgBr3-AFM,AgBr3
Ni2Br6-AgBr3-FM,AgBr3
Ni2Cl6-AgBr3-AFM,AgBr3
Ni2Cl6-AgBr3-FM,AgBr3
Ni2I6-TiCl3-FM,TiCl3
Os2Br6-AgBr3-FM,AgBr3
Os2Cl6-AgBr3-FM,AgBr3
Os2I6-TiCl3-FM,TiCl3
Os2I6-TiCl3-NM,TiCl3
Pd2Br6-AgBr3-FM,AgBr3
Pd2Br6-AgBr3-NM,AgBr3
Pd2Cl6-AgBr3-FM,AgBr3
Pd2I6-AgBr3-NM,AgBr3
Pt2Br6-AgBr3-FM,AgBr3
Pt2Br6-AgBr3-NM,AgBr3
Pt2Cl6-AgBr3-FM,AgBr3
Pt2Cl6-AgBr3-NM,AgBr3
Pt2I6-AgBr3-NM,AgBr3
Re2Br6-TiCl3-FM,TiCl3
Re2Br6-TiCl3-NM,TiCl3
Re2Cl6-TiCl3-FM,TiCl3
Re2Cl6-TiCl3-NM,TiCl3
Re2I6-AgBr3-AFM,AgBr3
Re2I6-AgBr3-NM,AgBr3
Rh2Br6-Undefined-NM,Undefined
Rh2Cl6-Undefined-NM,Undefined
Rh2I6-TiCl3-NM,TiCl3
Ru2Br6-AgBr3-FM,AgBr3
Ru2Cl6-AgBr3-FM,AgBr3
Ru2I6-TiCl3-FM,TiCl3
Ru2I6-TiCl3-NM,TiCl3
Sc2Br6-TiCl3-NM,TiCl3
Sc2Cl6-AgBr3-NM,AgBr3
Sc2I6-TiCl3-NM,TiCl3
Ta2Br6-TiCl3-FM,TiCl3
Ta2Br6-TiCl3-NM,TiCl3
Ta2Cl6-TiCl3-FM,TiCl3
Ta2Cl6-TiCl3-NM,TiCl3
Ta2I6-TiCl3-NM,TiCl3
Ti2Br6-TiCl3-AFM,TiCl3
Ti2Br6-TiCl3-FM,TiCl3
Ti2Cl6-TiCl3-AFM,TiCl3
Ti2Cl6-TiCl3-FM,TiCl3
Ti2I6-TiCl3-AFM,TiCl3
Ti2I6-TiCl3-FM,TiCl3
Tl2Br6-TiCl3-NM,TiCl3
Tl2Cl6-AgBr3-NM,AgBr3
Tl2I6-TiCl3-NM,TiCl3
V2Br6-AgBr3-AFM,AgBr3
V2Br6-AgBr3-FM,AgBr3
V2Cl6-AgBr3-AFM,AgBr3
V2Cl6-AgBr3-FM,AgBr3
V2I6-TiCl3-AFM,TiCl3
V2I6-TiCl3-FM,TiCl3
W2Br6-TiCl3-NM,TiCl3
W2Cl6-TiCl3-NM,TiCl3
W2I6-TiCl3-AFM,TiCl3
W2I6-TiCl3-NM,TiCl3
Y2Br6-AgBr3-NM,AgBr3
Y2Cl6-AgBr3-NM,AgBr3
Y2I6-TiCl3-NM,TiCl3
Zr2Br6-TiCl3-FM,TiCl3
Zr2Cl6-TiCl3-FM,TiCl3
Zr2I6-TiCl3-FM,TiCl3
Cr2C-CdI2-FM,CdI2
Cr2C-CdI2-NM,CdI2
Cr2CF2-Ti2CO2-AFM,Ti2CO2
Cr2CF2-Ti2CO2-FM,Ti2CO2
Cr2CO2-Ti2CO2-AFM,Ti2CO2
Cr2CO2-Ti2CO2-FM,Ti2CO2
Hf2CF2-Ti2CO2-NM,Ti2CO2
Mn2CF2-Ti2CO2-FM,Ti2CO2
Mo2CF2-Ti2CO2-NM,Ti2CO2
Nb2CF2-Ti2CO2-NM,Ti2CO2
Sc2CF2-Ti2CO2-NM,Ti2CO2
Ta2CF2-Ti2CO2-NM,Ti2CO2
Ti2CF2-Ti2CO2-NM,Ti2CO2
V2CF2-Ti2CO2-NM,Ti2CO2
W2CF2-Ti2CO2-NM,Ti2CO2
Y2CF2-Ti2CO2-NM,Ti2CO2
Zr2CF2-Ti2CO2-NM,Ti2CO2
Cr2CH2O2-Ti2CH2O2-AFM,Ti2CH2O2
Cr2CH2O2-Ti2CH2O2-FM,Ti2CH2O2
Hf2CH2O2-Ti2CH2O2-NM,Ti2CH2O2
Mn2CH2O2-Ti2CH2O2-FM,Ti2CH2O2
Mo2CH2O2-Ti2CH2O2-NM,Ti2CH2O2
Nb2CH2O2-Ti2CH2O2-NM,Ti2CH2O2
Sc2CH2O2-Ti2CH2O2-NM,Ti2CH2O2
Ta2CH2O2-Ti2CH2O2-NM,Ti2CH2O2
Ti2CH2O2-Ti2CH2O2-NM,Ti2CH2O2
V2CH2O2-Ti2CH2O2-NM,Ti2CH2O2
W2CH2O2-Ti2CH2O2-NM,Ti2CH2O2
Y2CH2O2-Ti2CH2O2-NM,Ti2CH2O2
Zr2CH2O2-Ti2CH2O2-NM,Ti2CH2O2
Hf2C-CdI2-NM,CdI2
Hf2CO2-Ti2CO2-NM,Ti2CO2
Mn2C-CdI2-FM,CdI2
Mn2C-CdI2-AFM,CdI2
Mn2CO2-Ti2CO2-AFM,Ti2CO2
Mn2CO2-Ti2CO2-FM,Ti2CO2
Mo2C-CdI2-NM,CdI2
Mo2CO2-Ti2CO2-NM,Ti2CO2
Nb2C-CdI2-NM,CdI2
Nb2CO2-Ti2CO2-NM,Ti2CO2
Sc2CO2-Ti2CO2-FM,Ti2CO2
Sc2CO2-Ti2CO2-NM,Ti2CO2
Ta2CO2-Ti2CO2-NM,Ti2CO2
Ti2CO2-Ti2CO2-NM,Ti2CO2
V2CO2-Ti2CO2-NM,Ti2CO2
W2CO2-Ti2CO2-NM,Ti2CO2
Y2CO2-Ti2CO2-FM,Ti2CO2
Zr2CO2-Ti2CO2-NM,Ti2CO2
Sc2C-CdI2-NM,CdI2
Ta2C-CdI2-NM,CdI2
Ti2C-CdI2-AFM,CdI2
Ti2C-CdI2-FM,CdI2
V2C-CdI2-NM,CdI2
W2C-CdI2-NM,CdI2
Y2C-CdI2-NM,CdI2
Zr2C-CdI2-AFM,CdI2
Zr2C-CdI2-FM,CdI2
Y2N-CdI2-NM,CdI2
Zr2H2NO2-Ti2CH2O2-NM,Ti2CH2O2
Zr2N-CdI2-FM,CdI2
Zr2N-CdI2-NM,CdI2
Zr2N-CdI2-AFM,CdI2
Y2NO2-Ti2CO2-FM,Ti2CO2
Zr2F2N-Ti2CO2-NM,Ti2CO2
Zr2NO2-Ti2CO2-NM,Ti2CO2
Cr2F2N-Ti2CO2-FM,Ti2CO2
Cr2H2NO2-Ti2CH2O2-FM,Ti2CH2O2
Cr2NO2-Ti2CO2-FM,Ti2CO2
Cr2NO2-Ti2CO2-AFM,Ti2CO2
Cr2N-CdI2-NM,CdI2
Hf2F2N-Ti2CO2-NM,Ti2CO2
Hf2H2NO2-Ti2CH2O2-NM,Ti2CH2O2
Hf2NO2-Ti2CO2-NM,Ti2CO2
Hf2N-CdI2-FM,CdI2
Hf2N-CdI2-NM,CdI2
Mn2F2N-Ti2CO2-FM,Ti2CO2
Mn2F2N-Ti2CO2-AFM,Ti2CO2
Mn2H2NO2-Ti2CH2O2-FM,Ti2CH2O2
Mn2H2NO2-Ti2CH2O2-AFM,Ti2CH2O2
Mn2NO2-Ti2CO2-FM,Ti2CO2
Mn2NO2-Ti2CO2-AFM,Ti2CO2
Mn2N-CdI2-FM,CdI2
Mo2F2N-Ti2CO2-NM,Ti2CO2
Mo2H2NO2-Ti2CH2O2-NM,Ti2CH2O2
Mo2NO2-Ti2CO2-NM,Ti2CO2
Mo2N-CdI2-NM,CdI2
Nb2F2N-Ti2CO2-NM,Ti2CO2
Nb2H2NO2-Ti2CH2O2-NM,Ti2CH2O2
Nb2NO2-Ti2CO2-NM,Ti2CO2
Nb2N-CdI2-NM,CdI2
Sc2F2N-Ti2CO2-NM,Ti2CO2
Sc2H2NO2-Ti2CH2O2-NM,Ti2CH2O2
Sc2NO2-Ti2CO2-NM,Ti2CO2
Sc2N-CdI2-NM,CdI2
Ta2F2N-Ti2CO2-NM,Ti2CO2
Ta2H2NO2-Ti2CH2O2-NM,Ti2CH2O2
Ta2NO2-Ti2CO2-NM,Ti2CO2
Ta2N-CdI2-NM,CdI2
Ti2F2N-Ti2CO2-NM,Ti2CO2
Ti2H2NO2-Ti2CH2O2-NM,Ti2CH2O2
Ti2NO2-Ti2CO2-NM,Ti2CO2
Ti2N-CdI2-FM,CdI2
Ti2N-CdI2-AFM,CdI2
V2F2N-Ti2CO2-AFM,Ti2CO2
V2H2NO2-Ti2CH2O2-NM,Ti2CH2O2
V2H2NO2-Ti2CH2O2-AFM,Ti2CH2O2
V2NO2-Ti2CO2-AFM,Ti2CO2
V2N-CdI2-NM,CdI2
W2F2N-Ti2CO2-NM,Ti2CO2
W2H2NO2-Ti2CH2O2-NM,Ti2CH2O2
W2NO2-Ti2CO2-NM,Ti2CO2
W2N-CdI2-NM,CdI2
Y2F2N-Ti2CO2-NM,Ti2CO2
Y2H2NO2-Ti2CH2O2-NM,Ti2CH2O2
Cr3C2-Ti3C2-FM,Ti3C2
Cr3C2F2-Ti3C2O2-FM,Ti3C2O2
Cr3C2O2-Ti3C2O2-FM,Ti3C2O2
Hf3C2F2-Ti3C2O2-NM,Ti3C2O2
Mn3C2F2-Ti3C2O2-FM,Ti3C2O2
Mo3C2F2-Ti3C2O2-NM,Ti3C2O2
Nb3C2F2-Ti3C2O2-NM,Ti3C2O2
Sc3C2F2-Ti3C2O2-FM,Ti3C2O2
Sc3C2F2-Ti3C2O2-NM,Ti3C2O2
Ta3C2F2-Ti3C2O2-NM,Ti3C2O2
Ti3C2F2-Ti3C2O2-NM,Ti3C2O2
V3C2F2-Ti3C2O2-NM,Ti3C2O2
W3C2F2-Ti3C2O2-NM,Ti3C2O2
Y3C2F2-Ti3C2O2-FM,Ti3C2O2
Y3C2F2-Ti3C2O2-NM,Ti3C2O2
Zr3C2F2-Ti3C2O2-NM,Ti3C2O2
Cr3C2H2O2-Ti3C2H2O2-FM,Ti3C2H2O2
Hf3C2H2O2-Ti3C2H2O2-NM,Ti3C2H2O2
Mn3C2H2O2-Ti3C2H2O2-FM,Ti3C2H2O2
Mo3C2H2O2-Ti3C2H2O2-NM,Ti3C2H2O2
Nb3C2H2O2-Ti3C2H2O2-NM,Ti3C2H2O2
Sc3C2H2O2-Ti3C2H2O2-FM,Ti3C2H2O2
Sc3C2H2O2-Ti3C2H2O2-NM,Ti3C2H2O2
Ta3C2H2O2-Ti3C2H2O2-NM,Ti3C2H2O2
Ti3C2H2O2-Ti3C2H2O2-NM,Ti3C2H2O2
V3C2H2O2-Ti3C2H2O2-NM,Ti3C2H2O2
W3C2H2O2-Ti3C2H2O2-NM,Ti3C2H2O2
Y3C2H2O2-Ti3C2H2O2-FM,Ti3C2H2O2
Y3C2H2O2-Ti3C2H2O2-NM,Ti3C2H2O2
Zr3C2H2O2-Ti3C2H2O2-NM,Ti3C2H2O2
Hf3C2-Ti3C2-FM,Ti3C2
Hf3C2O2-Ti3C2O2-NM,Ti3C2O2
Mn3C2-Ti3C2-FM,Ti3C2
Mn3C2O2-Ti3C2O2-FM,Ti3C2O2
Mo3C2-Ti3C2-NM,Ti3C2
Mo3C2O2-Ti3C2O2-NM,Ti3C2O2
Nb3C2-Ti3C2-NM,Ti3C2
Nb3C2O2-Ti3C2O2-NM,Ti3C2O2
Sc3C2O2-Ti3C2O2-NM,Ti3C2O2
Ta3C2O2-Ti3C2O2-NM,Ti3C2O2
Ti3C2O2-Ti3C2O2-NM,Ti3C2O2
V3C2O2-Ti3C2O2-NM,Ti3C2O2
W3C2O2-Ti3C2O2-NM,Ti3C2O2
Y3C2O2-Ti3C2O2-NM,Ti3C2O2
Zr3C2O2-Ti3C2O2-NM,Ti3C2O2
Sc3C2-Ti3C2-NM,Ti3C2
Ta3C2-Ti3C2-NM,Ti3C2
Ti3C2-Ti3C2-FM,Ti3C2
V3C2-Ti3C2-NM,Ti3C2
W3C2-Ti3C2-NM,Ti3C2
Y3C2-Ti3C2-NM,Ti3C2
Zr3C2-Ti3C2-FM,Ti3C2
Cr3N2O2-Ti3C2O2-FM,Ti3C2O2
Cr3N2O2-Ti3C2O2-NM,Ti3C2O2
Cr3N2-Ti3C2-FM,Ti3C2
Cr3N2-Ti3C2-NM,Ti3C2
Hf3F2N2-Ti3C2O2-NM,Ti3C2O2
Hf3H2N2O2-Ti3C2H2O2-NM,Ti3C2H2O2
Hf3N2O2-Ti3C2O2-NM,Ti3C2O2
Hf3N2-Ti3C2-FM,Ti3C2
Hf3N2-Ti3C2-NM,Ti3C2
Mn3F2N2-Ti3C2O2-FM,Ti3C2O2
Mn3H2N2O2-Ti3C2H2O2-FM,Ti3C2H2O2
Mn3N2-Ti3C2-FM,Ti3C2
Mo3F2N2-Ti3C2O2-NM,Ti3C2O2
Mo3H2N2O2-Ti3C2H2O2-NM,Ti3C2H2O2
Mo3N2O2-Ti3C2O2-NM,Ti3C2O2
Mo3N2-Ti3C2-NM,Ti3C2
Nb3F2N2-Ti3C2O2-NM,Ti3C2O2
Nb3H2N2O2-Ti3C2H2O2-NM,Ti3C2H2O2
Nb3N2O2-Ti3C2O2-NM,Ti3C2O2
Nb3N2-Ti3C2-NM,Ti3C2
Sc3F2N2-Ti3C2O2-NM,Ti3C2O2
Sc3H2N2O2-Ti3C2H2O2-NM,Ti3C2H2O2
Sc3N2O2-Ti3C2O2-FM,Ti3C2O2
Sc3N2O2-Ti3C2O2-NM,Ti3C2O2
Sc3N2-Ti3C2-FM,Ti3C2
Sc3N2-Ti3C2-NM,Ti3C2
Ta3F2N2-Ti3C2O2-NM,Ti3C2O2
Ta3H2N2O2-Ti3C2H2O2-NM,Ti3C2H2O2
Ta3N2O2-Ti3C2O2-NM,Ti3C2O2
Ta3N2-Ti3C2-NM,Ti3C2
Ti3F2N2-Ti3C2O2-FM,Ti3C2O2
Ti3F2N2-Ti3C2O2-NM,Ti3C2O2
Ti3H2N2O2-Ti3C2H2O2-NM,Ti3C2H2O2
Ti3N2O2-Ti3C2O2-NM,Ti3C2O2
Ti3N2-Ti3C2-FM,Ti3C2
Ti3N2-Ti3C2-NM,Ti3C2
V3F2N2-Ti3C2O2-FM,Ti3C2O2
V3F2N2-Ti3C2O2-NM,Ti3C2O2
V3H2N2O2-Ti3C2H2O2-FM,Ti3C2H2O2
V3H2N2O2-Ti3C2H2O2-NM,Ti3C2H2O2
V3N2O2-Ti3C2O2-FM,Ti3C2O2
V3N2-Ti3C2-FM,Ti3C2
V3N2-Ti3C2-NM,Ti3C2
W3F2N2-Ti3C2O2-NM,Ti3C2O2
W3H2N2O2-Ti3C2H2O2-NM,Ti3C2H2O2
W3N2O2-Ti3C2O2-NM,Ti3C2O2
W3N2-Ti3C2-NM,Ti3C2
Y3F2N2-Ti3C2O2-NM,Ti3C2O2
Y3H2N2O2-Ti3C2H2O2-FM,Ti3C2H2O2
Y3H2N2O2-Ti3C2H2O2-NM,Ti3C2H2O2
Y3N2O2-Ti3C2O2-FM,Ti3C2O2
Y3N2-Ti3C2-NM,Ti3C2
Zr3F2N2-Ti3C2O2-NM,Ti3C2O2
Zr3H2N2O2-Ti3C2H2O2-NM,Ti3C2H2O2
Zr3N2O2-Ti3C2O2-NM,Ti3C2O2
Zr3N2-Ti3C2-FM,Ti3C2
Zr3N2-Ti3C2-NM,Ti3C2
Cr4C3-Ti4C3-FM,Ti4C3
Cr4C3F2-Ti4C3O2-FM,Ti4C3O2
Cr4C3O2-Ti4C3O2-FM,Ti4C3O2
Hf4C3F2-Ti4C3O2-NM,Ti4C3O2
Mn4C3F2-Ti4C3O2-FM,Ti4C3O2
Mo4C3F2-Ti4C3O2-NM,Ti4C3O2
Nb4C3F2-Ti4C3O2-NM,Ti4C3O2
Sc4C3F2-Ti4C3O2-NM,Ti4C3O2
Ta4C3F2-Ti4C3O2-NM,Ti4C3O2
Ti4C3F2-Ti4C3O2-NM,Ti4C3O2
V4C3F2-Ti4C3O2-NM,Ti4C3O2
W4C3F2-Ti4C3O2-NM,Ti4C3O2
Y4C3F2-Ti4C3O2-NM,Ti4C3O2
Zr4C3F2-Ti4C3O2-NM,Ti4C3O2
Cr4C3H2O2-Ti4C3H2O2-FM,Ti4C3H2O2
Hf4C3H2O2-Ti4C3H2O2-NM,Ti4C3H2O2
Mn4C3H2O2-Ti4C3H2O2-FM,Ti4C3H2O2
Mo4C3H2O2-Ti4C3H2O2-NM,Ti4C3H2O2
Nb4C3H2O2-Ti4C3H2O2-NM,Ti4C3H2O2
Sc4C3H2O2-Ti4C3H2O2-NM,Ti4C3H2O2
Ta4C3H2O2-Ti4C3H2O2-NM,Ti4C3H2O2
Ti4C3H2O2-Ti4C3H2O2-NM,Ti4C3H2O2
V4C3H2O2-Ti4C3H2O2-NM,Ti4C3H2O2
W4C3H2O2-Ti4C3H2O2-NM,Ti4C3H2O2
Y4C3H2O2-Ti4C3H2O2-NM,Ti4C3H2O2
Zr4C3H2O2-Ti4C3H2O2-NM,Ti4C3H2O2
Hf4C3-Ti4C3-FM,Ti4C3
Hf4C3-Ti4C3-NM,Ti4C3
Hf4C3O2-Ti4C3O2-NM,Ti4C3O2
Mn4C3-Ti4C3-FM,Ti4C3
Mn4C3O2-Ti4C3O2-FM,Ti4C3O2
Mo4C3-Ti4C3-NM,Ti4C3
Mo4C3O2-Ti4C3O2-NM,Ti4C3O2
Nb4C3-Ti4C3-NM,Ti4C3
Nb4C3O2-Ti4C3O2-NM,Ti4C3O2
Sc4C3O2-Ti4C3O2-NM,Ti4C3O2
Ta4C3O2-Ti4C3O2-NM,Ti4C3O2
Ti4C3O2-Ti4C3O2-NM,Ti4C3O2
V4C3O2-Ti4C3O2-NM,Ti4C3O2
W4C3O2-Ti4C3O2-NM,Ti4C3O2
Y4C3O2-Ti4C3O2-FM,Ti4C3O2
Y4C3O2-Ti4C3O2-NM,Ti4C3O2
Zr4C3O2-Ti4C3O2-NM,Ti4C3O2
Sc4C3-Ti4C3-NM,Ti4C3
Ta4C3-Ti4C3-NM,Ti4C3
Ti4C3-Ti4C3-FM,Ti4C3
V4C3-Ti4C3-NM,Ti4C3
W4C3-Ti4C3-NM,Ti4C3
Y4C3-Ti4C3-NM,Ti4C3
Zr4C3-Ti4C3-FM,Ti4C3
Cr4F2N3-Ti4C3O2-FM,Ti4C3O2
Cr4H2N3O2-Ti4C3H2O2-FM,Ti4C3H2O2
Cr4N3O2-Ti4C3O2-FM,Ti4C3O2
Cr4N3-Ti4C3-FM,Ti4C3
Hf4F2N3-Ti4C3O2-NM,Ti4C3O2
Hf4H2N3O2-Ti4C3H2O2-NM,Ti4C3H2O2
Hf4N3O2-Ti4C3O2-NM,Ti4C3O2
Hf4N3-Ti4C3-FM,Ti4C3
Hf4N3-Ti4C3-NM,Ti4C3
Mn4H2N3O2-Ti4C3H2O2-FM,Ti4C3H2O2
Mn4N3O2-Ti4C3O2-FM,Ti4C3O2
Mn4N3-Ti4C3-FM,Ti4C3
Mo4F2N3-Ti4C3O2-NM,Ti4C3O2
Mo4H2N3O2-Ti4C3H2O2-NM,Ti4C3H2O2
Mo4N3O2-Ti4C3O2-FM,Ti4C3O2
Mo4N3O2-Ti4C3O2-NM,Ti4C3O2
Mo4N3-Ti4C3-NM,Ti4C3
Nb4F2N3-Ti4C3O2-NM,Ti4C3O2
Nb4H2N3O2-Ti4C3H2O2-NM,Ti4C3H2O2
Nb4N3O2-Ti4C3O2-NM,Ti4C3O2
Nb4N3-Ti4C3-NM,Ti4C3
Sc4F2N3-Ti4C3O2-NM,Ti4C3O2
Sc4H2N3O2-Ti4C3H2O2-NM,Ti4C3H2O2
Sc4N3O2-Ti4C3O2-NM,Ti4C3O2
Sc4N3-Ti4C3-FM,Ti4C3
Ta4F2N3-Ti4C3O2-NM,Ti4C3O2
Ta4H2N3O2-Ti4C3H2O2-NM,Ti4C3H2O2
Ta4N3O2-Ti4C3O2-NM,Ti4C3O2
Ta4N3-Ti4C3-NM,Ti4C3
Ti4F2N3-Ti4C3O2-NM,Ti4C3O2
Ti4H2N3O2-Ti4C3H2O2-NM,Ti4C3H2O2
Ti4N3O2-Ti4C3O2-NM,Ti4C3O2
Ti4N3-Ti4C3-FM,Ti4C3
Ti4N3-Ti4C3-NM,Ti4C3
V4F2N3-Ti4C3O2-FM,Ti4C3O2
V4F2N3-Ti4C3O2-NM,Ti4C3O2
V4H2N3O2-Ti4C3H2O2-NM,Ti4C3H2O2
V4N3O2-Ti4C3O2-FM,Ti4C3O2
V4N3O2-Ti4C3O2-NM,Ti4C3O2
V4N3-Ti4C3-NM,Ti4C3
W4F2N3-Ti4C3O2-NM,Ti4C3O2
W4H2N3O2-Ti4C3H2O2-NM,Ti4C3H2O2
W4N3O2-Ti4C3O2-NM,Ti4C3O2
W4N3-Ti4C3-NM,Ti4C3
Y4F2N3-Ti4C3O2-NM,Ti4C3O2
Y4H2N3O2-Ti4C3H2O2-NM,Ti4C3H2O2
Y4N3O2-Ti4C3O2-NM,Ti4C3O2
Y4N3-Ti4C3-NM,Ti4C3
Zr4F2N3-Ti4C3O2-NM,Ti4C3O2
Zr4H2N3O2-Ti4C3H2O2-NM,Ti4C3H2O2
Zr4N3O2-Ti4C3O2-NM,Ti4C3O2
Zr4N3-Ti4C3-FM,Ti4C3
Zr4N3-Ti4C3-NM,Ti4C3
BiCrAs-MoSSe-FM,MoSSe
CrAsSb-MoSSe-FM,MoSSe
CrAsSb-MoSSe-NM,MoSSe
BiCrSb-MoSSe-FM,MoSSe
CrBrCl-MoSSe-FM,MoSSe
CrBrI-MoSSe-FM,MoSSe
CrClI-MoSSe-FM,MoSSe
CrSeTe-MoSSe-NM,MoSSe
CrSSe-MoSSe-NM,MoSSe
CrSTe-MoSSe-NM,MoSSe
BiHfAs-MoSSe-NM,MoSSe
HfAsSb-MoSSe-NM,MoSSe
BiHfSb-MoSSe-NM,MoSSe
HfBrCl-MoSSe-NM,MoSSe
HfBrI-MoSSe-NM,MoSSe
HfClI-MoSSe-NM,MoSSe
HfSeTe-MoSSe-NM,MoSSe
HfSSe-MoSSe-NM,MoSSe
HfSTe-MoSSe-NM,MoSSe
BiMoAs-MoSSe-NM,MoSSe
MoAsSb-MoSSe-NM,MoSSe
BiMoSb-MoSSe-NM,MoSSe
MoBrCl-MoSSe-NM,MoSSe
MoBrI-MoSSe-FM,MoSSe
MoClI-MoSSe-NM,MoSSe
MoSeTe-MoSSe-NM,MoSSe
MoSSe-MoSSe-NM,MoSSe
MoSTe-MoSSe-NM,MoSSe
BiNbAs-MoSSe-NM,MoSSe
NbAsSb-MoSSe-NM,MoSSe
BiNbSb-MoSSe-NM,MoSSe
NbBrCl-MoSSe-NM,MoSSe
NbBrI-MoSSe-NM,MoSSe
NbClI-MoSSe-NM,MoSSe
NbSeTe-MoSSe-FM,MoSSe
NbSeTe-MoSSe-NM,MoSSe
NbSSe-MoSSe-NM,MoSSe
NbSTe-MoSSe-FM,MoSSe
NbSTe-MoSSe-NM,MoSSe
BiTaAs-MoSSe-NM,MoSSe
TaAsSb-MoSSe-NM,MoSSe
BiTaSb-MoSSe-NM,MoSSe
TaBrCl-MoSSe-NM,MoSSe
TaBrI-MoSSe-NM,MoSSe
TaClI-MoSSe-NM,MoSSe
TaSeTe-MoSSe-NM,MoSSe
TaSSe-MoSSe-NM,MoSSe
TaSTe-MoSSe-FM,MoSSe
TaSTe-MoSSe-NM,MoSSe
BiTiAs-MoSSe-NM,MoSSe
TiAsSb-MoSSe-NM,MoSSe
BiTiSb-MoSSe-NM,MoSSe
TiBrCl-MoSSe-NM,MoSSe
TiBrI-MoSSe-NM,MoSSe
TiClI-MoSSe-NM,MoSSe
TiSeTe-MoSSe-NM,MoSSe
TiSSe-MoSSe-NM,MoSSe
TiSTe-MoSSe-NM,MoSSe
BiVAs-MoSSe-NM,MoSSe
VAsSb-MoSSe-NM,MoSSe
BiVSb-MoSSe-NM,MoSSe
VBrCl-MoSSe-FM,MoSSe
VBrI-MoSSe-FM,MoSSe
VClI-MoSSe-FM,MoSSe
VSeTe-MoSSe-FM,MoSSe
VSSe-MoSSe-FM,MoSSe
VSTe-MoSSe-FM,MoSSe
BiWAs-MoSSe-NM,MoSSe
WAsSb-MoSSe-NM,MoSSe
BiWSb-MoSSe-NM,MoSSe
WBrCl-MoSSe-NM,MoSSe
WBrI-MoSSe-NM,MoSSe
WClI-MoSSe-NM,MoSSe
WSeTe-MoSSe-NM,MoSSe
WSSe-MoSSe-NM,MoSSe
WSTe-MoSSe-NM,MoSSe
BiZrAs-MoSSe-NM,MoSSe
ZrAsSb-MoSSe-NM,MoSSe
BiZrSb-MoSSe-NM,MoSSe
ZrBrCl-MoSSe-NM,MoSSe
ZrBrI-MoSSe-NM,MoSSe
ZrClI-MoSSe-NM,MoSSe
ZrSeTe-MoSSe-NM,MoSSe
ZrSSe-MoSSe-NM,MoSSe
ZrSTe-MoSSe-NM,MoSSe
AsClTe-MoSSe-NM,MoSSe
BiBrS-MoSSe-NM,MoSSe
BiClS-MoSSe-NM,MoSSe
BiClSe-MoSSe-NM,MoSSe
BiIS-MoSSe-NM,MoSSe
BiClTe-MoSSe-NM,MoSSe
BrSSb-MoSSe-NM,MoSSe
ClSbSe-MoSSe-NM,MoSSe
BrSbTe-MoSSe-NM,MoSSe
ClSSb-MoSSe-NM,MoSSe
ISbSe-MoSSe-NM,MoSSe
ClSbTe-MoSSe-NM,MoSSe
BiISe-MoSSe-NM,MoSSe
BiBrTe-MoSSe-NM,MoSSe
BiITe-MoSSe-NM,MoSSe
BrSbSe-MoSSe-NM,MoSSe
ISSb-MoSSe-NM,MoSSe
ISbTe-MoSSe-NM,MoSSe
AsBrS-MoSSe-NM,MoSSe
AsClS-MoSSe-NM,MoSSe
AsBrSe-MoSSe-NM,MoSSe
AsClSe-MoSSe-NM,MoSSe
AsISe-MoSSe-NM,MoSSe
AsIS-MoSSe-NM,MoSSe
AsBrTe-MoSSe-NM,MoSSe
AsITe-MoSSe-NM,MoSSe
BiBrSe-MoSSe-NM,MoSSe
Ge2S2-SnS-NM,SnS
Ge2Se2-SnS-NM,SnS
Ge2Te2-SnS-NM,SnS
P4-P-NM,P
Pb2S2-PbS-NM,PbS
Pb2Se2-PbS-NM,PbS
Pb2Te2-PbS-NM,PbS
S2Si2-SnS-NM,SnS
Se2Si2-SnS-NM,SnS
Si2Te2-SnS-NM,SnS
Sn2S2-SnS-NM,SnS
Sn2Se2-SnS-NM,SnS
Sn2Te2-PbS-NM,PbS
As4-P-NM,P
Al2S2-PbSe-NM,PbSe
Al2Se2-PbSe-NM,PbSe
Al2Te2-PbSe-NM,PbSe
Bi2S2-PbSe-FM,PbSe
Bi2S2-PbSe-NM,PbSe
Bi2Se2-PbSe-FM,PbSe
Bi2Se2-PbSe-NM,PbSe
Bi2Te2-PbSe-FM,PbSe
Bi2Te2-PbSe-NM,PbSe
Cd2S2-PbSe-NM,PbSe
Cd2Se2-PbSe-NM,PbSe
Cd2Te2-PbSe-NM,PbSe
Ga2S2-PbSe-NM,PbSe
Ga2Se2-PbSe-NM,PbSe
Ga2Te2-PbSe-NM,PbSe
Ge2S2-PbSe-NM,PbSe
Ge2Se2-PbSe-NM,PbSe
Ge2Te2-PbSe-FM,PbSe
Ge2Te2-PbSe-NM,PbSe
In2S2-PbSe-NM,PbSe
In2Se2-PbSe-NM,PbSe
In2Te2-PbSe-NM,PbSe
Pb2S2-PbSe-NM,PbSe
Pb2Se2-PbSe-NM,PbSe
Pb2Te2-PbSe-NM,PbSe
S2Sb2-PbSe-NM,PbSe
S2Si2-PbSe-FM,PbSe
S2Si2-PbSe-NM,PbSe
Sb2Se2-PbSe-FM,PbSe
Sb2Se2-PbSe-NM,PbSe
Sb2Te2-PbSe-FM,PbSe
Sb2Te2-PbSe-NM,PbSe
Se2Si2-PbSe-NM,PbSe
Si2Te2-PbSe-NM,PbSe
Sn2S2-PbSe-NM,PbSe
Sn2Se2-PbSe-NM,PbSe
Sn2Te2-PbSe-NM,PbSe
Zn2S2-PbSe-NM,PbSe
Zn2Se2-PbSe-NM,PbSe
Zn2Te2-PbSe-NM,PbSe
Ag2S4-PdS2-NM,PdS2
Ag2Se4-PdS2-NM,PdS2
Ag2Te4-PdS2-NM,PdS2
Al2S4-WTe2-NM,WTe2
Al2Se4-WTe2-NM,WTe2
Al2Te4-CdI2-NM,CdI2
Au2S4-PdS2-NM,PdS2
Au2Se4-PdS2-NM,PdS2
Au2Te4-PdS2-NM,PdS2
Bi2S4-WTe2-NM,WTe2
Bi2Te4-WTe2-FM,WTe2
Bi2Te4-WTe2-NM,WTe2
Cd2S4-PdS2-NM,PdS2
Cd2Se4-WTe2-NM,WTe2
Cd2Te4-WTe2-NM,WTe2
Co2S4-PdS2-FM,PdS2
Co2Se4-PdS2-AFM,PdS2
Co2Se4-PdS2-FM,PdS2
Co2Te4-PdS2-AFM,PdS2
Co2Te4-PdS2-FM,PdS2
Cr2S4-MnS2-AFM,MnS2
Cr2S4-MnS2-FM,MnS2
Cr2Se4-MnS2-AFM,MnS2
Cr2Se4-MnS2-FM,MnS2
Cr2Te4-MnS2-AFM,MnS2
Cr2Te4-MnS2-FM,MnS2
Cu2S4-PdS2-NM,PdS2
Cu2Se4-PdS2-NM,PdS2
Cu2Te4-PdS2-NM,PdS2
Fe2S4-MnS2-AFM,MnS2
Fe2S4-MnS2-FM,MnS2
Fe2Se4-MnS2-FM,MnS2
Fe2Te4-MnS2-FM,MnS2
Ga2S4-PdS2-NM,PdS2
Ga2Se4-MnS2-NM,MnS2
Ga2Te4-PdS2-NM,PdS2
Ge2S4-WTe2-NM,WTe2
Ge2Se4-WTe2-NM,WTe2
Ge2Te4-MnS2-NM,MnS2
In2S4-Undefined-NM,Undefined
In2Se4-MnS2-NM,MnS2
In2Te4-MnS2-NM,MnS2
Ir2S4-PdS2-NM,PdS2
Ir2Se4-PdS2-NM,PdS2
Ir2Te4-PdS2-NM,PdS2
Mn2S4-MnS2-AFM,MnS2
Mn2S4-MnS2-FM,MnS2
Mn2Se4-MnS2-AFM,MnS2
Mn2Se4-MnS2-FM,MnS2
Mn2Te4-MnS2-AFM,MnS2
Mn2Te4-MnS2-FM,MnS2
Mo2S4-MnS2-AFM,MnS2
Mo2S4-MnS2-FM,MnS2
Mo2Se4-MnS2-AFM,MnS2
Mo2Se4-MnS2-FM,MnS2
Mo2Te4-MnS2-AFM,MnS2
Mo2Te4-MnS2-FM,MnS2
Nb2Te4-MnS2-FM,MnS2
Ni2S4-PdS2-NM,PdS2
Ni2Se4-PdS2-NM,PdS2
Ni2Te4-PdS2-NM,PdS2
Os2S4-MnS2-NM,MnS2
Os2Se4-MnS2-NM,MnS2
Os2Te4-MnS2-NM,MnS2
Pb2S4-WTe2-NM,WTe2
Pb2Se4-WTe2-NM,WTe2
Pb2Te4-WTe2-NM,WTe2
Pd2S4-PdS2-NM,PdS2
Pd2Se4-PdS2-NM,PdS2
Pd2Te4-PdS2-NM,PdS2
Pt2S4-PdS2-NM,PdS2
Pt2Se4-PdS2-NM,PdS2
Pt2Te4-PdS2-NM,PdS2
Rh2S4-PdS2-NM,PdS2
Rh2Se4-PdS2-NM,PdS2
Rh2Te4-PdS2-NM,PdS2
Ru2S4-MnS2-NM,MnS2
Ru2Se4-MnS2-NM,MnS2
Ru2Te4-MnS2-NM,MnS2
S4Sb2-WTe2-NM,WTe2
Sb2Se4-PdS2-FM,PdS2
Sb2Se4-PdS2-NM,PdS2
Sb2Te4-PdS2-NM,PdS2
Sc2Te4-MnS2-NM,MnS2
Sn2Se4-WTe2-NM,WTe2
Sn2Te4-WTe2-NM,WTe2
Ta2Te4-MnS2-AFM,MnS2
Ta2Te4-MnS2-FM,MnS2
Tl2S4-WTe2-NM,WTe2
Tl2Se4-WTe2-NM,WTe2
Tl2Te4-WTe2-NM,WTe2
V2S4-MnS2-FM,MnS2
V2Se4-MnS2-FM,MnS2
V2Te4-MnS2-FM,MnS2
W2S4-MnS2-AFM,MnS2
W2S4-MnS2-FM,MnS2
W2Se4-MnS2-AFM,MnS2
W2Se4-MnS2-FM,MnS2
W2Te4-MnS2-AFM,MnS2
W2Te4-MnS2-FM,MnS2
Zn2S4-PdS2-NM,PdS2
Zn2Se4-PdS2-NM,PdS2
Zn2Te4-PdS2-NM,PdS2
Br4C16Cl4Ge2H48N4-PbA2I4-NM,PbA2I4
Br4C16Cl4Ge2H48N4-PbA2I4-NM-2,PbA2I4
Br4C16Ge2H48I4N4-PbA2I4-NM,PbA2I4
Br4C16Ge2H48I4N4-PbA2I4-NM-2,PbA2I4
Br8C16Ge2H48N4-PbA2I4-NM,PbA2I4
C16Cl4Ge2H48I4N4-PbA2I4-NM,PbA2I4
C16Cl4Ge2H48I4N4-PbA2I4-NM-2,PbA2I4
C16Cl8Ge2H48N4-PbA2I4-NM,PbA2I4
C16Ge2H48I8N4-PbA2I4-NM,PbA2I4
Pb2Br4C16Cl4H48N4-PbA2I4-NM,PbA2I4
Pb2Br4C16Cl4H48N4-PbA2I4-NM-2,PbA2I4
Pb2Br4C16H48I4N4-PbA2I4-NM,PbA2I4
Pb2Br4C16H48I4N4-PbA2I4-NM-2,PbA2I4
Pb2Br8C16H48N4-PbA2I4-NM,PbA2I4
Pb2C16Cl4H48I4N4-PbA2I4-NM,PbA2I4
Pb2C16Cl4H48I4N4-PbA2I4-NM-2,PbA2I4
Pb2C16Cl8H48N4-PbA2I4-NM,PbA2I4
Pb2C16H48I8N4-PbA2I4-NM,PbA2I4
Sn2Br4C16Cl4H48N4-PbA2I4-NM,PbA2I4
Sn2Br4C16Cl4H48N4-PbA2I4-NM-2,PbA2I4
Sn2Br4C16H48I4N4-PbA2I4-NM,PbA2I4
Sn2Br4C16H48I4N4-PbA2I4-NM-2,PbA2I4
Sn2Br8C16H48N4-PbA2I4-NM,PbA2I4
Sn2C16Cl4H48I4N4-PbA2I4-NM,PbA2I4
Sn2C16Cl4H48I4N4-PbA2I4-NM-2,PbA2I4
Sn2C16Cl8H48N4-PbA2I4-NM,PbA2I4
Sn2C16H48I8N4-PbA2I4-NM,PbA2I4
Co4S8-ReS2-NM,ReS2
Co4Se8-CdI2-FM,CdI2
Co4Se8-CdI2-NM,CdI2
In4Br8-Undefined-NM,Undefined
Ir4S8-ReS2-NM,ReS2
Ir4Se8-ReS2-NM,ReS2
Ir4Te8-ReS2-NM,ReS2
Nb4O8-Undefined-NM,Undefined
Re4O8-ReS2-NM,ReS2
Re4S8-ReS2-NM,ReS2
Re4Se8-ReS2-NM,ReS2
Re4Te8-ReS2-NM,ReS2
Rh4S8-ReS2-NM,ReS2
Rh4Se8-ReS2-NM,ReS2
Ta4O8-Undefined-NM,Undefined
AuO2-CdI2-FM,CdI2
AuO2-CdI2-NM,CdI2
AuO2-MoS2-FM,MoS2
AuS2-CdI2-NM,CdI2
AuS2-MoS2-NM,MoS2
AuSe2-CdI2-NM,CdI2
AuSe2-MoS2-NM,MoS2
AuTe2-CdI2-NM,CdI2
AuTe2-MoS2-NM,MoS2
CoO2-CdI2-FM,CdI2
CoO2-MoS2-FM,MoS2
CoS2-CdI2-FM,CdI2
CoS2-CdI2-NM,CdI2
CoS2-MoS2-NM,MoS2
CoSe2-CdI2-NM,CdI2
CoSe2-MoS2-NM,MoS2
CoTe2-CdI2-NM,CdI2
CoTe2-MoS2-NM,MoS2
CrO2-CdI2-FM,CdI2
CrO2-MoS2-NM,MoS2
CrS2-CdI2-NM,CdI2
CrS2-MoS2-NM,MoS2
CrSe2-CdI2-FM,CdI2
CrSe2-CdI2-NM,CdI2
CrSe2-MoS2-NM,MoS2
CrTe2-CdI2-FM,CdI2
CrTe2-MoS2-NM,MoS2
CuO2-CdI2-FM,CdI2
CuO2-MoS2-FM,MoS2
CuS2-CdI2-NM,CdI2
CuS2-MoS2-FM,MoS2
CuS2-MoS2-NM,MoS2
CuSe2-CdI2-NM,CdI2
CuSe2-MoS2-NM,MoS2
CuTe2-CdI2-NM,CdI2
CuTe2-MoS2-NM,MoS2
FeO2-CdI2-FM,CdI2
FeO2-MoS2-FM,MoS2
FeS2-CdI2-FM,CdI2
FeS2-MoS2-FM,MoS2
FeSe2-CdI2-FM,CdI2
FeSe2-MoS2-FM,MoS2
FeTe2-CdI2-FM,CdI2
FeTe2-MoS2-FM,MoS2
GeO2-CdI2-NM,CdI2
GeO2-MoS2-NM,MoS2
GeS2-CdI2-NM,CdI2
GeS2-MoS2-NM,MoS2
GeSe2-CdI2-NM,CdI2
GeSe2-MoS2-NM,MoS2
GeTe2-CdI2-NM,CdI2
GeTe2-MoS2-NM,MoS2
HfO2-CdI2-NM,CdI2
HfO2-MoS2-NM,MoS2
HfS2-CdI2-NM,CdI2
HfS2-MoS2-NM,MoS2
HfSe2-CdI2-NM,CdI2
HfSe2-MoS2-NM,MoS2
HfTe2-CdI2-NM,CdI2
HfTe2-MoS2-NM,MoS2
HgO2-CdI2-NM,CdI2
HgO2-MoS2-FM,MoS2
HgS2-CdI2-FM,CdI2
HgS2-MoS2-NM,MoS2
HgSe2-CdI2-FM,CdI2
HgSe2-CdI2-NM,CdI2
HgSe2-MoS2-NM,MoS2
HgTe2-CdI2-NM,CdI2
HgTe2-MoS2-NM,MoS2
IrO2-CdI2-NM,CdI2
IrO2-MoS2-FM,MoS2
IrS2-CdI2-NM,CdI2
IrS2-MoS2-NM,MoS2
IrSe2-CdI2-NM,CdI2
IrSe2-MoS2-NM,MoS2
IrTe2-CdI2-NM,CdI2
IrTe2-MoS2-NM,MoS2
MnO2-CdI2-FM,CdI2
MnO2-MoS2-FM,MoS2
MnS2-CdI2-FM,CdI2
MnS2-MoS2-FM,MoS2
MnSe2-CdI2-FM,CdI2
MnSe2-MoS2-FM,MoS2
MnTe2-CdI2-FM,CdI2
MnTe2-MoS2-FM,MoS2
MoO2-CdI2-NM,CdI2
MoO2-MoS2-NM,MoS2
MoS2-CdI2-NM,CdI2
MoS2-MoS2-NM,MoS2
MoSe2-CdI2-NM,CdI2
MoSe2-MoS2-NM,MoS2
MoTe2-CdI2-NM,CdI2
MoTe2-MoS2-NM,MoS2
NbO2-CdI2-FM,CdI2
NbO2-MoS2-FM,MoS2
NbO2-MoS2-NM,MoS2
NbS2-CdI2-NM,CdI2
NbS2-MoS2-FM,MoS2
NbS2-MoS2-NM,MoS2
NbSe2-CdI2-NM,CdI2
NbSe2-MoS2-NM,MoS2
NbTe2-CdI2-NM,CdI2
NbTe2-MoS2-FM,MoS2
NbTe2-MoS2-NM,MoS2
NiO2-CdI2-NM,CdI2
NiO2-MoS2-FM,MoS2
NiS2-CdI2-NM,CdI2
NiS2-MoS2-NM,MoS2
NiSe2-CdI2-NM,CdI2
NiSe2-MoS2-NM,MoS2
NiTe2-CdI2-NM,CdI2
NiTe2-MoS2-NM,MoS2
OsO2-CdI2-FM,CdI2
OsO2-MoS2-FM,MoS2
OsS2-CdI2-FM,CdI2
OsS2-CdI2-NM,CdI2
OsS2-MoS2-NM,MoS2
OsSe2-CdI2-NM,CdI2
OsSe2-MoS2-NM,MoS2
OsTe2-CdI2-NM,CdI2
OsTe2-MoS2-NM,MoS2
PbO2-CdI2-NM,CdI2
PbO2-MoS2-NM,MoS2
PbS2-CdI2-NM,CdI2
PbS2-MoS2-NM,MoS2
PbSe2-CdI2-NM,CdI2
PbSe2-MoS2-NM,MoS2
PbTe2-CdI2-NM,CdI2
PbTe2-MoS2-NM,MoS2
PdO2-CdI2-NM,CdI2
PdO2-MoS2-NM,MoS2
PdS2-CdI2-NM,CdI2
PdS2-MoS2-NM,MoS2
PdSe2-CdI2-NM,CdI2
PdSe2-MoS2-NM,MoS2
PdTe2-CdI2-NM,CdI2
PdTe2-MoS2-NM,MoS2
PtO2-CdI2-NM,CdI2
PtO2-MoS2-FM,MoS2
PtS2-CdI2-NM,CdI2
PtS2-MoS2-NM,MoS2
PtSe2-CdI2-NM,CdI2
PtSe2-MoS2-NM,MoS2
PtTe2-CdI2-NM,CdI2
PtTe2-MoS2-NM,MoS2
ReO2-CdI2-NM,CdI2
ReO2-MoS2-NM,MoS2
ReS2-CdI2-NM,CdI2
ReS2-MoS2-NM,MoS2
ReSe2-CdI2-NM,CdI2
ReSe2-MoS2-NM,MoS2
ReTe2-CdI2-NM,CdI2
ReTe2-MoS2-NM,MoS2
RhO2-CdI2-NM,CdI2
RhO2-MoS2-FM,MoS2
RhS2-CdI2-NM,CdI2
RhS2-MoS2-NM,MoS2
RhSe2-CdI2-NM,CdI2
RhSe2-MoS2-NM,MoS2
RhTe2-CdI2-NM,CdI2
RhTe2-MoS2-NM,MoS2
RuO2-CdI2-NM,CdI2
RuO2-MoS2-FM,MoS2
RuO2-MoS2-NM,MoS2
RuS2-CdI2-FM,CdI2
RuS2-MoS2-NM,MoS2
RuSe2-CdI2-FM,CdI2
RuSe2-MoS2-FM,MoS2
RuSe2-MoS2-NM,MoS2
RuTe2-CdI2-NM,CdI2
RuTe2-MoS2-FM,MoS2
RuTe2-MoS2-NM,MoS2
ScO2-CdI2-FM,CdI2
ScO2-MoS2-FM,MoS2
ScS2-CdI2-NM,CdI2
ScS2-MoS2-FM,MoS2
ScSe2-CdI2-NM,CdI2
ScSe2-MoS2-FM,MoS2
ScTe2-CdI2-NM,CdI2
ScTe2-MoS2-NM,MoS2
SnO2-CdI2-NM,CdI2
SnO2-MoS2-NM,MoS2
SnS2-CdI2-NM,CdI2
SnS2-MoS2-NM,MoS2
SnSe2-CdI2-NM,CdI2
SnSe2-MoS2-NM,MoS2
SnTe2-CdI2-NM,CdI2
SnTe2-MoS2-NM,MoS2
TaO2-CdI2-NM,CdI2
TaO2-MoS2-FM,MoS2
TaO2-MoS2-NM,MoS2
TaS2-CdI2-NM,CdI2
TaS2-MoS2-NM,MoS2
TaSe2-CdI2-NM,CdI2
TaSe2-MoS2-NM,MoS2
TaTe2-CdI2-NM,CdI2
TaTe2-MoS2-NM,MoS2
TiO2-CdI2-NM,CdI2
TiO2-MoS2-NM,MoS2
TiS2-CdI2-NM,CdI2
TiS2-MoS2-NM,MoS2
TiSe2-CdI2-NM,CdI2
TiSe2-MoS2-NM,MoS2
TiTe2-CdI2-NM,CdI2
TiTe2-MoS2-NM,MoS2
VO2-CdI2-FM,CdI2
VO2-MoS2-FM,MoS2
VS2-CdI2-FM,CdI2
VS2-CdI2-NM,CdI2
VS2-MoS2-FM,MoS2
VSe2-CdI2-FM,CdI2
VSe2-CdI2-NM,CdI2
VSe2-MoS2-FM,MoS2
VTe2-CdI2-FM,CdI2
VTe2-MoS2-FM,MoS2
WO2-CdI2-NM,CdI2
WO2-MoS2-NM,MoS2
WS2-CdI2-NM,CdI2
WS2-MoS2-NM,MoS2
WSe2-CdI2-NM,CdI2
WSe2-MoS2-NM,MoS2
WTe2-CdI2-NM,CdI2
WTe2-MoS2-NM,MoS2
ZrO2-CdI2-NM,CdI2
ZrO2-MoS2-NM,MoS2
ZrS2-CdI2-NM,CdI2
ZrS2-MoS2-NM,MoS2
ZrSe2-CdI2-NM,CdI2
ZrSe2-MoS2-NM,MoS2
ZrTe2-CdI2-NM,CdI2
ZrTe2-MoS2-NM,MoS2
AgH2-MoS2-NM,MoS2
AgLi2-MoS2-NM,MoS2
AuH2-MoS2-NM,MoS2
AuLi2-MoS2-NM,MoS2
CoH2-MoS2-FM,MoS2
CoH2-MoS2-NM,MoS2
CoLi2-MoS2-FM,MoS2
CrH2-MoS2-FM,MoS2
CrLi2-MoS2-FM,MoS2
CrLi2-MoS2-NM,MoS2
CuH2-MoS2-NM,MoS2
CuLi2-MoS2-NM,MoS2
FeH2-MoS2-FM,MoS2
FeLi2-MoS2-FM,MoS2
HfH2-MoS2-NM,MoS2
HfLi2-MoS2-NM,MoS2
IrH2-MoS2-NM,MoS2
IrLi2-MoS2-FM,MoS2
IrLi2-MoS2-NM,MoS2
MnH2-MoS2-FM,MoS2
Li2Mn-MoS2-FM,MoS2
MoH2-MoS2-NM,MoS2
Li2Mo-MoS2-FM,MoS2
Li2Mo-MoS2-NM,MoS2
NbH2-MoS2-NM,MoS2
Li2Nb-MoS2-FM,MoS2
Li2Nb-MoS2-NM,MoS2
NiH2-MoS2-NM,MoS2
Li2Ni-MoS2-NM,MoS2
OsH2-MoS2-NM,MoS2
Li2Os-MoS2-NM,MoS2
Li2Pb-MoS2-NM,MoS2
PtH2-MoS2-NM,MoS2
Li2Pt-MoS2-NM,MoS2
ReH2-MoS2-FM,MoS2
ReH2-MoS2-NM,MoS2
Li2Re-MoS2-NM,MoS2
RhH2-MoS2-NM,MoS2
Li2Rh-MoS2-NM,MoS2
RuH2-MoS2-NM,MoS2
Li2Ru-MoS2-NM,MoS2
ScH2-MoS2-FM,MoS2
Li2Sc-MoS2-FM,MoS2
TaH2-MoS2-NM,MoS2
Li2Ta-MoS2-FM,MoS2
Li2Ta-MoS2-NM,MoS2
TiH2-MoS2-NM,MoS2
Li2Ti-MoS2-NM,MoS2
VH2-MoS2-NM,MoS2
Li2V-MoS2-FM,MoS2
Li2V-MoS2-NM,MoS2
WH2-MoS2-FM,MoS2
WH2-MoS2-NM,MoS2
Li2W-MoS2-FM,MoS2
Li2W-MoS2-NM,MoS2
ZrH2-MoS2-NM,MoS2
Li2Zr-MoS2-NM,MoS2
Cr2Mo2S8-CrWS4-NM,CrWS4
Cr2Mo2Se8-CrWS4-NM,CrWS4
Cr2Mo2Te8-CrWS4-NM,CrWS4
Cr2W2S8-CrWS4-NM,CrWS4
Cr2W2Se8-CrWS4-NM,CrWS4
Cr2W2Te8-CrWS4-NM,CrWS4
Cr3MoS8-CrW3S8-NM,CrW3S8
Cr3MoSe8-CrW3S8-NM,CrW3S8
Cr3MoTe8-CrW3S8-NM,CrW3S8
Cr3WS8-CrW3S8-NM,CrW3S8
Cr3WSe8-CrW3S8-NM,CrW3S8
Cr3WTe8-CrW3S8-NM,CrW3S8
CrMo3S8-CrW3S8-NM,CrW3S8
CrMo3Se8-CrW3S8-NM,CrW3S8
CrMo3Te8-CrW3S8-NM,CrW3S8
CrW3S8-CrW3S8-NM,CrW3S8
CrW3Se8-CrW3S8-NM,CrW3S8
CrW3Te8-CrW3S8-NM,CrW3S8
Mo2W2S8-CrWS4-NM,CrWS4
Mo2W2Se8-CrWS4-NM,CrWS4
Mo2W2Te8-CrWS4-NM,CrWS4
Mo3WS8-CrW3S8-NM,CrW3S8
Mo3WSe8-CrW3S8-NM,CrW3S8
Mo3WTe8-CrW3S8-NM,CrW3S8
MoW3S8-CrW3S8-NM,CrW3S8
MoW3Se8-CrW3S8-NM,CrW3S8
MoW3Te8-CrW3S8-NM,CrW3S8
Hf2Ti2S8-CrWS4-NM,CrWS4
Hf2Ti2Se8-CrWS4-NM,CrWS4
Hf2Ti2Te8-CrWS4-NM,CrWS4
Ti2Zr2S8-CrWS4-NM,CrWS4
Ti2Zr2Se8-CrWS4-NM,CrWS4
Ti2Zr2Te8-CrWS4-NM,CrWS4
HfTi3S8-CrW3S8-NM,CrW3S8
HfTi3Se8-CrW3S8-NM,CrW3S8
HfTi3Te8-CrW3S8-NM,CrW3S8
Ti3ZrS8-CrW3S8-NM,CrW3S8
Ti3ZrSe8-CrW3S8-NM,CrW3S8
Ti3ZrTe8-CrW3S8-NM,CrW3S8
Hf3TiS8-CrW3S8-NM,CrW3S8
Hf3TiSe8-CrW3S8-NM,CrW3S8
Hf3TiTe8-CrW3S8-NM,CrW3S8
TiZr3S8-CrW3S8-NM,CrW3S8
TiZr3Se8-CrW3S8-NM,CrW3S8
TiZr3Te8-CrW3S8-NM,CrW3S8
Hf2Zr2S8-CrWS4-NM,CrWS4
Hf2Zr2Se8-CrWS4-NM,CrWS4
Hf2Zr2Te8-CrWS4-NM,CrWS4
HfZr3S8-CrW3S8-NM,CrW3S8
HfZr3Se8-CrW3S8-NM,CrW3S8
HfZr3Te8-CrW3S8-NM,CrW3S8
Hf3ZrS8-CrW3S8-NM,CrW3S8
Hf3ZrSe8-CrW3S8-NM,CrW3S8
Hf3ZrTe8-CrW3S8-NM,CrW3S8
Ag2Br2N2-FeOCl-NM,FeOCl
Ag2Br2O2-FeOCl-NM,FeOCl
Ag2Br2S2-FeOCl-NM,FeOCl
Ag2Br2Se2-FeOCl-NM,FeOCl
Ag2Cl2N2-FeOCl-NM,FeOCl
Ag2Cl2O2-FeOCl-NM,FeOCl
Ag2Cl2S2-FeOCl-NM,FeOCl
Ag2Cl2Se2-FeOCl-NM,FeOCl
Ag2I2N2-FeOCl-FM,FeOCl
Ag2I2N2-FeOCl-NM,FeOCl
Ag2I2O2-FeOCl-NM,FeOCl
Ag2I2S2-FeOCl-NM,FeOCl
Ag2I2Se2-FeOCl-NM,FeOCl
Al2Br2N2-FeOCl-NM,FeOCl
Al2Br2O2-FeOCl-NM,FeOCl
Al2Br2S2-FeOCl-NM,FeOCl
Al2Br2Se2-FeOCl-NM,FeOCl
Al2Cl2N2-FeOCl-NM,FeOCl
Al2Cl2O2-FeOCl-NM,FeOCl
Al2Cl2S2-FeOCl-NM,FeOCl
Al2Cl2Se2-FeOCl-NM,FeOCl
Al2I2O2-FeOCl-NM,FeOCl
Al2I2S2-FeOCl-NM,FeOCl
Al2I2Se2-FeOCl-NM,FeOCl
Au2Br2N2-FeOCl-NM,FeOCl
Au2Br2O2-FeOCl-NM,FeOCl
Au2Br2S2-FeOCl-FM,FeOCl
Au2Br2S2-FeOCl-NM,FeOCl
Au2Br2Se2-FeOCl-NM,FeOCl
Au2Cl2N2-FeOCl-NM,FeOCl
Au2Cl2O2-FeOCl-NM,FeOCl
Au2Cl2Se2-FeOCl-NM,FeOCl
Au2I2N2-FeOCl-NM,FeOCl
Au2I2O2-FeOCl-NM,FeOCl
Au2I2S2-FeOCl-NM,FeOCl
Au2I2Se2-FeOCl-NM,FeOCl
Bi2Br2N2-FeOCl-NM,FeOCl
Bi2Br2O2-FeOCl-NM,FeOCl
Bi2Br2S2-FeOCl-NM,FeOCl
Bi2Br2Se2-FeOCl-NM,FeOCl
Bi2Cl2N2-FeOCl-NM,FeOCl
Bi2Cl2O2-FeOCl-NM,FeOCl
Bi2Cl2S2-FeOCl-NM,FeOCl
Bi2Cl2Se2-FeOCl-NM,FeOCl
Bi2I2N2-FeOCl-NM,FeOCl
Bi2I2O2-FeOCl-NM,FeOCl
Bi2I2S2-FeOCl-NM,FeOCl
Bi2I2Se2-FeOCl-NM,FeOCl
Br2Ge2N2-FeOCl-NM,FeOCl
Br2Ge2O2-FeOCl-NM,FeOCl
Br2Ge2S2-FeOCl-NM,FeOCl
Br2Ge2Se2-FeOCl-NM,FeOCl
Cl2Ge2N2-FeOCl-NM,FeOCl
Cl2Ge2O2-FeOCl-NM,FeOCl
Cl2Ge2S2-FeOCl-NM,FeOCl
Cl2Ge2Se2-FeOCl-NM,FeOCl
Co2Br2N2-FeOCl-NM,FeOCl
Co2Br2O2-FeOCl-NM,FeOCl
Co2Br2S2-FeOCl-NM,FeOCl
Co2Br2Se2-FeOCl-NM,FeOCl
Co2Cl2N2-FeOCl-NM,FeOCl
Co2Cl2O2-FeOCl-NM,FeOCl
Co2Cl2S2-FeOCl-NM,FeOCl
Co2Cl2Se2-FeOCl-NM,FeOCl
Co2I2N2-FeOCl-NM,FeOCl
Co2I2O2-FeOCl-NM,FeOCl
Co2I2S2-FeOCl-NM,FeOCl
Co2I2Se2-FeOCl-NM,FeOCl
Cr2Br2N2-FeOCl-AFM,FeOCl
Cr2Br2N2-FeOCl-FM,FeOCl
Cr2Br2O2-FeOCl-AFM,FeOCl
Cr2Br2O2-FeOCl-FM,FeOCl
Cr2Br2S2-FeOCl-AFM,FeOCl
Cr2Br2S2-FeOCl-FM,FeOCl
Cr2Br2Se2-FeOCl-AFM,FeOCl
Cr2Br2Se2-FeOCl-FM,FeOCl
Cr2Cl2N2-FeOCl-AFM,FeOCl
Cr2Cl2N2-FeOCl-FM,FeOCl
Cr2Cl2O2-FeOCl-AFM,FeOCl
Cr2Cl2O2-FeOCl-FM,FeOCl
Cr2Cl2S2-FeOCl-AFM,FeOCl
Cr2Cl2S2-FeOCl-FM,FeOCl
Cr2Cl2Se2-FeOCl-AFM,FeOCl
Cr2Cl2Se2-FeOCl-FM,FeOCl
Cr2I2N2-FeOCl-AFM,FeOCl
Cr2I2N2-FeOCl-FM,FeOCl
Cr2I2O2-FeOCl-AFM,FeOCl
Cr2I2O2-FeOCl-FM,FeOCl
Cr2I2S2-FeOCl-AFM,FeOCl
Cr2I2S2-FeOCl-FM,FeOCl
Cr2I2Se2-FeOCl-AFM,FeOCl
Cr2I2Se2-FeOCl-FM,FeOCl
Cu2Br2N2-FeOCl-FM,FeOCl
Cu2Br2N2-FeOCl-NM,FeOCl
Cu2Br2O2-FeOCl-NM,FeOCl
Cu2Br2S2-FeOCl-FM,FeOCl
Cu2Br2S2-FeOCl-NM,FeOCl
Cu2Cl2N2-FeOCl-FM,FeOCl
Cu2Cl2N2-FeOCl-NM,FeOCl
Cu2Cl2O2-FeOCl-NM,FeOCl
Cu2Cl2Se2-FeOCl-NM,FeOCl
Cu2I2N2-FeOCl-NM,FeOCl
Cu2I2O2-FeOCl-NM,FeOCl
Cu2I2S2-FeOCl-NM,FeOCl
Cu2I2Se2-FeOCl-NM,FeOCl
Cu2Cl2S2-FeOCl-NM,FeOCl
Cu2Br2Se2-FeOCl-NM,FeOCl
Fe2Br2N2-FeOCl-AFM,FeOCl
Fe2Br2N2-FeOCl-FM,FeOCl
Fe2Br2O2-FeOCl-FM,FeOCl
Fe2Br2O2-FeOCl-AFM,FeOCl
Fe2Br2S2-FeOCl-AFM,FeOCl
Fe2Br2S2-FeOCl-FM,FeOCl
Fe2Br2Se2-FeOCl-AFM,FeOCl
Fe2Br2Se2-FeOCl-FM,FeOCl
Fe2Cl2N2-FeOCl-AFM,FeOCl
Fe2Cl2O2-FeOCl-AFM,FeOCl
Fe2Cl2O2-FeOCl-FM,FeOCl
Fe2Cl2S2-FeOCl-AFM,FeOCl
Fe2Cl2S2-FeOCl-FM,FeOCl
Fe2Cl2Se2-FeOCl-AFM,FeOCl
Fe2Cl2Se2-FeOCl-FM,FeOCl
Fe2I2N2-FeOCl-AFM,FeOCl
Fe2I2N2-FeOCl-FM,FeOCl
Fe2I2O2-FeOCl-AFM,FeOCl
Fe2I2O2-FeOCl-FM,FeOCl
Fe2I2S2-FeOCl-AFM,FeOCl
Fe2I2S2-FeOCl-FM,FeOCl
Fe2I2S2-FeOCl-NM,FeOCl
Fe2I2Se2-FeOCl-AFM,FeOCl
Fe2I2Se2-FeOCl-FM,FeOCl
Ga2Br2N2-FeOCl-NM,FeOCl
Ga2Br2O2-FeOCl-NM,FeOCl
Ga2Br2S2-FeOCl-NM,FeOCl
Ga2Br2Se2-FeOCl-NM,FeOCl
Ga2Cl2N2-FeOCl-NM,FeOCl
Ga2Cl2O2-FeOCl-NM,FeOCl
Ga2Cl2S2-FeOCl-NM,FeOCl
Ga2Cl2Se2-FeOCl-NM,FeOCl
Ga2I2N2-FeOCl-NM,FeOCl
Ga2I2O2-FeOCl-NM,FeOCl
Ga2I2S2-FeOCl-NM,FeOCl
Ga2I2Se2-FeOCl-NM,FeOCl
Ge2I2N2-FeOCl-NM,FeOCl
Ge2I2O2-FeOCl-NM,FeOCl
Ge2I2S2-FeOCl-NM,FeOCl
Ge2I2Se2-FeOCl-NM,FeOCl
Hf2Br2N2-FeOCl-NM,FeOCl
Hf2Br2O2-FeOCl-NM,FeOCl
Hf2Br2S2-FeOCl-NM,FeOCl
Hf2Br2Se2-FeOCl-NM,FeOCl
Hf2Cl2N2-FeOCl-NM,FeOCl
Hf2Cl2O2-FeOCl-NM,FeOCl
Hf2Cl2S2-FeOCl-NM,FeOCl
Hf2Cl2Se2-FeOCl-NM,FeOCl
Hf2I2N2-FeOCl-NM,FeOCl
Hf2I2O2-FeOCl-NM,FeOCl
Hf2I2S2-FeOCl-NM,FeOCl
Hf2I2Se2-FeOCl-NM,FeOCl
Hg2Br2N2-FeOCl-NM,FeOCl
Hg2Br2O2-FeOCl-FM,FeOCl
Hg2Cl2N2-FeOCl-NM,FeOCl
Hg2Cl2O2-FeOCl-FM,FeOCl
Hg2Cl2S2-FeOCl-NM,FeOCl
Hg2Cl2Se2-FeOCl-NM,FeOCl
Hg2I2N2-FeOCl-NM,FeOCl
Hg2I2O2-FeOCl-FM,FeOCl
Hg2I2O2-FeOCl-NM,FeOCl
Hg2I2S2-FeOCl-NM,FeOCl
Hg2Br2Se2-FeOCl-NM,FeOCl
Hg2I2Se2-FeOCl-NM,FeOCl
In2Br2N2-FeOCl-NM,FeOCl
In2Br2O2-FeOCl-NM,FeOCl
In2Br2S2-FeOCl-NM,FeOCl
In2Br2Se2-FeOCl-NM,FeOCl
In2Cl2N2-FeOCl-NM,FeOCl
In2Cl2O2-FeOCl-NM,FeOCl
In2Cl2S2-FeOCl-NM,FeOCl
In2Cl2Se2-FeOCl-NM,FeOCl
In2I2N2-FeOCl-NM,FeOCl
In2I2O2-FeOCl-NM,FeOCl
In2I2S2-FeOCl-NM,FeOCl
In2I2Se2-FeOCl-NM,FeOCl
Ir2Br2N2-FeOCl-NM,FeOCl
Ir2Br2O2-FeOCl-NM,FeOCl
Ir2Br2S2-FeOCl-NM,FeOCl
Ir2Br2Se2-FeOCl-NM,FeOCl
Ir2Cl2N2-FeOCl-NM,FeOCl
Ir2Cl2O2-FeOCl-NM,FeOCl
Ir2Cl2S2-FeOCl-NM,FeOCl
Ir2Cl2Se2-FeOCl-NM,FeOCl
Ir2I2N2-FeOCl-NM,FeOCl
Ir2I2O2-FeOCl-NM,FeOCl
Ir2I2S2-FeOCl-NM,FeOCl
Ir2I2Se2-FeOCl-NM,FeOCl
Mn2Br2N2-FeOCl-AFM,FeOCl
Mn2Br2N2-FeOCl-FM,FeOCl
Mn2Br2O2-FeOCl-AFM,FeOCl
Mn2Br2O2-FeOCl-FM,FeOCl
Mn2Br2S2-FeOCl-AFM,FeOCl
Mn2Br2S2-FeOCl-FM,FeOCl
Mn2Br2Se2-FeOCl-AFM,FeOCl
Mn2Br2Se2-FeOCl-FM,FeOCl
Mn2Cl2N2-FeOCl-AFM,FeOCl
Mn2Cl2N2-FeOCl-FM,FeOCl
Mn2Cl2O2-FeOCl-AFM,FeOCl
Mn2Cl2O2-FeOCl-FM,FeOCl
Mn2Cl2S2-FeOCl-AFM,FeOCl
Mn2Cl2S2-FeOCl-FM,FeOCl
Mn2Cl2Se2-FeOCl-AFM,FeOCl
Mn2Cl2Se2-FeOCl-FM,FeOCl
Mn2I2N2-FeOCl-AFM,FeOCl
Mn2I2N2-FeOCl-FM,FeOCl
Mn2I2O2-FeOCl-AFM,FeOCl
Mn2I2O2-FeOCl-FM,FeOCl
Mn2I2S2-FeOCl-AFM,FeOCl
Mn2I2S2-FeOCl-FM,FeOCl
Mn2I2Se2-FeOCl-AFM,FeOCl
Mn2I2Se2-FeOCl-FM,FeOCl
Mo2Br2N2-FeOCl-NM,FeOCl
Mo2Br2O2-FeOCl-NM,FeOCl
Mo2Br2S2-FeOCl-NM,FeOCl
Mo2Br2Se2-FeOCl-NM,FeOCl
Mo2Cl2N2-FeOCl-NM,FeOCl
Mo2Cl2O2-FeOCl-NM,FeOCl
Mo2Cl2S2-FeOCl-AFM,FeOCl
Mo2Cl2S2-FeOCl-FM,FeOCl
Mo2Cl2S2-FeOCl-NM,FeOCl
Mo2Cl2Se2-FeOCl-NM,FeOCl
Mo2I2N2-FeOCl-AFM,FeOCl
Mo2I2N2-FeOCl-FM,FeOCl
Mo2I2N2-FeOCl-NM,FeOCl
Mo2I2O2-FeOCl-NM,FeOCl
Mo2I2S2-FeOCl-AFM,FeOCl
Mo2I2S2-FeOCl-FM,FeOCl
Mo2I2Se2-FeOCl-NM,FeOCl
Nb2Br2N2-FeOCl-NM,FeOCl
Nb2Br2O2-FeOCl-NM,FeOCl
Nb2Br2S2-FeOCl-NM,FeOCl
Nb2Br2Se2-FeOCl-NM,FeOCl
Nb2Cl2N2-FeOCl-NM,FeOCl
Nb2Cl2O2-FeOCl-NM,FeOCl
Nb2Cl2S2-FeOCl-NM,FeOCl
Nb2Cl2Se2-FeOCl-NM,FeOCl
Nb2I2N2-FeOCl-NM,FeOCl
Nb2I2O2-FeOCl-NM,FeOCl
Nb2I2S2-FeOCl-NM,FeOCl
Nb2I2Se2-FeOCl-NM,FeOCl
Ni2Br2O2-FeOCl-AFM,FeOCl
Ni2Br2O2-FeOCl-FM,FeOCl
Ni2Br2S2-FeOCl-NM,FeOCl
Ni2Br2Se2-FeOCl-NM,FeOCl
Ni2Cl2N2-FeOCl-NM,FeOCl
Ni2Cl2S2-FeOCl-NM,FeOCl
Ni2I2N2-FeOCl-NM,FeOCl
Ni2I2O2-FeOCl-AFM,FeOCl
Ni2I2O2-FeOCl-FM,FeOCl
Ni2I2S2-FeOCl-NM,FeOCl
Ni2I2Se2-FeOCl-NM,FeOCl
Ni2Br2N2-FeOCl-NM,FeOCl
Ni2Cl2O2-FeOCl-AFM,FeOCl
Ni2Cl2O2-FeOCl-FM,FeOCl
Ni2Cl2Se2-FeOCl-NM,FeOCl
Os2Br2N2-FeOCl-NM,FeOCl
Os2Br2O2-FeOCl-FM,FeOCl
Os2Br2O2-FeOCl-NM,FeOCl
Os2Br2S2-FeOCl-NM,FeOCl
Os2Br2Se2-FeOCl-NM,FeOCl
Os2Cl2N2-FeOCl-NM,FeOCl
Os2Cl2O2-FeOCl-FM,FeOCl
Os2Cl2O2-FeOCl-NM,FeOCl
Os2Cl2S2-FeOCl-NM,FeOCl
Os2Cl2Se2-FeOCl-NM,FeOCl
Os2I2O2-FeOCl-FM,FeOCl
Os2I2O2-FeOCl-NM,FeOCl
Os2I2S2-FeOCl-NM,FeOCl
Os2I2Se2-FeOCl-NM,FeOCl
Pb2Br2N2-FeOCl-NM,FeOCl
Pb2Br2O2-FeOCl-NM,FeOCl
Pb2Br2S2-FeOCl-NM,FeOCl
Pb2Cl2N2-FeOCl-NM,FeOCl
Pb2Cl2O2-FeOCl-NM,FeOCl
Pb2Cl2S2-FeOCl-NM,FeOCl
Pb2Cl2Se2-FeOCl-NM,FeOCl
Pb2I2N2-FeOCl-NM,FeOCl
Pb2I2O2-FeOCl-NM,FeOCl
Pb2I2S2-FeOCl-NM,FeOCl
Pb2I2Se2-FeOCl-NM,FeOCl
Pb2Br2Se2-FeOCl-NM,FeOCl
Pd2Br2N2-FeOCl-NM,FeOCl
Pd2Br2O2-FeOCl-NM,FeOCl
Pd2Br2S2-FeOCl-NM,FeOCl
Pd2Cl2N2-FeOCl-NM,FeOCl
Pd2Cl2O2-FeOCl-NM,FeOCl
Pd2Cl2S2-FeOCl-NM,FeOCl
Pd2Cl2Se2-FeOCl-NM,FeOCl
Pd2I2N2-FeOCl-NM,FeOCl
Pd2I2O2-FeOCl-NM,FeOCl
Pd2I2S2-FeOCl-NM,FeOCl
Pd2I2Se2-FeOCl-NM,FeOCl
Pt2Br2N2-FeOCl-NM,FeOCl
Pt2Br2O2-FeOCl-NM,FeOCl
Pt2Br2S2-FeOCl-NM,FeOCl
Pt2Br2Se2-FeOCl-NM,FeOCl
Pt2Cl2N2-FeOCl-NM,FeOCl
Pt2Cl2O2-FeOCl-NM,FeOCl
Pt2Cl2S2-FeOCl-NM,FeOCl
Pt2Cl2Se2-FeOCl-NM,FeOCl
Pt2I2N2-FeOCl-NM,FeOCl
Pt2I2O2-FeOCl-NM,FeOCl
Pt2I2S2-FeOCl-NM,FeOCl
Pt2I2Se2-FeOCl-NM,FeOCl
Rh2Br2N2-FeOCl-NM,FeOCl
Rh2Br2O2-FeOCl-NM,FeOCl
Rh2Br2S2-FeOCl-NM,FeOCl
Rh2Br2Se2-FeOCl-NM,FeOCl
Rh2Cl2N2-FeOCl-NM,FeOCl
Rh2Cl2O2-FeOCl-NM,FeOCl
Rh2Cl2Se2-FeOCl-NM,FeOCl
Rh2I2N2-FeOCl-NM,FeOCl
Rh2I2O2-FeOCl-NM,FeOCl
Rh2I2S2-FeOCl-NM,FeOCl
Rh2I2Se2-FeOCl-NM,FeOCl
Rh2Cl2S2-FeOCl-NM,FeOCl
Ru2Br2N2-FeOCl-NM,FeOCl
Ru2Br2O2-FeOCl-NM,FeOCl
Ru2Br2S2-FeOCl-NM,FeOCl
Ru2Br2Se2-FeOCl-NM,FeOCl
Ru2Cl2N2-FeOCl-NM,FeOCl
Ru2Cl2O2-FeOCl-NM,FeOCl
Ru2Cl2S2-FeOCl-NM,FeOCl
Ru2Cl2Se2-FeOCl-FM,FeOCl
Ru2Cl2Se2-FeOCl-NM,FeOCl
Ru2I2O2-FeOCl-AFM,FeOCl
Ru2I2O2-FeOCl-FM,FeOCl
Ru2I2O2-FeOCl-NM,FeOCl
Ru2I2S2-FeOCl-NM,FeOCl
Ru2I2Se2-FeOCl-NM,FeOCl
Ru2I2N2-FeOCl-NM,FeOCl
Sc2Br2N2-FeOCl-NM,FeOCl
Sc2Br2O2-FeOCl-NM,FeOCl
Sc2Br2S2-FeOCl-NM,FeOCl
Sc2Br2Se2-FeOCl-NM,FeOCl
Sc2Cl2N2-FeOCl-NM,FeOCl
Sc2Cl2O2-FeOCl-NM,FeOCl
Sc2Cl2S2-FeOCl-NM,FeOCl
Sc2Cl2Se2-FeOCl-NM,FeOCl
Sc2I2N2-FeOCl-NM,FeOCl
Sc2I2O2-FeOCl-NM,FeOCl
Sc2I2S2-FeOCl-NM,FeOCl
Sc2I2Se2-FeOCl-NM,FeOCl
Sn2Br2N2-FeOCl-NM,FeOCl
Sn2Br2O2-FeOCl-NM,FeOCl
Sn2Br2S2-FeOCl-NM,FeOCl
Sn2Br2Se2-FeOCl-NM,FeOCl
Sn2Cl2N2-FeOCl-NM,FeOCl
Sn2Cl2O2-FeOCl-NM,FeOCl
Sn2Cl2S2-FeOCl-NM,FeOCl
Sn2Cl2Se2-FeOCl-NM,FeOCl
Sn2I2N2-FeOCl-NM,FeOCl
Sn2I2O2-FeOCl-NM,FeOCl
Sn2I2S2-FeOCl-NM,FeOCl
Sn2I2Se2-FeOCl-NM,FeOCl
Ta2Br2O2-FeOCl-NM,FeOCl
Ta2Br2S2-FeOCl-NM,FeOCl
Ta2Br2Se2-FeOCl-NM,FeOCl
Ta2Cl2N2-FeOCl-NM,FeOCl
Ta2Cl2O2-FeOCl-NM,FeOCl
Ta2Cl2S2-FeOCl-NM,FeOCl
Ta2Cl2Se2-FeOCl-NM,FeOCl
Ta2I2N2-FeOCl-NM,FeOCl
Ta2I2O2-FeOCl-NM,FeOCl
Ta2I2S2-FeOCl-NM,FeOCl
Ta2I2Se2-FeOCl-NM,FeOCl
Ta2Br2N2-FeOCl-NM,FeOCl
Ti2Br2N2-FeOCl-NM,FeOCl
Ti2Br2O2-FeOCl-NM,FeOCl
Ti2Br2S2-FeOCl-NM,FeOCl
Ti2Br2Se2-FeOCl-NM,FeOCl
Ti2Cl2N2-FeOCl-NM,FeOCl
Ti2Cl2O2-FeOCl-NM,FeOCl
Ti2Cl2S2-FeOCl-NM,FeOCl
Ti2Cl2Se2-FeOCl-NM,FeOCl
Ti2I2N2-FeOCl-NM,FeOCl
Ti2I2O2-FeOCl-NM,FeOCl
Ti2I2S2-FeOCl-NM,FeOCl
Ti2I2Se2-FeOCl-NM,FeOCl
Tl2Br2N2-FeOCl-NM,FeOCl
Tl2Br2O2-FeOCl-NM,FeOCl
Tl2Cl2N2-FeOCl-NM,FeOCl
Tl2Cl2O2-FeOCl-NM,FeOCl
Tl2I2N2-FeOCl-NM,FeOCl
Tl2I2O2-FeOCl-NM,FeOCl
Tl2I2S2-FeOCl-NM,FeOCl
V2Br2N2-FeOCl-NM,FeOCl
V2Br2O2-FeOCl-AFM,FeOCl
V2Br2O2-FeOCl-FM,FeOCl
V2Br2S2-FeOCl-AFM,FeOCl
V2Br2S2-FeOCl-FM,FeOCl
V2Br2Se2-FeOCl-AFM,FeOCl
V2Br2Se2-FeOCl-FM,FeOCl
V2Cl2N2-FeOCl-NM,FeOCl
V2Cl2O2-FeOCl-AFM,FeOCl
V2Cl2S2-FeOCl-AFM,FeOCl
V2Cl2Se2-FeOCl-AFM,FeOCl
V2Cl2Se2-FeOCl-FM,FeOCl
V2I2N2-FeOCl-AFM,FeOCl
V2I2N2-FeOCl-FM,FeOCl
V2I2N2-FeOCl-NM,FeOCl
V2I2O2-FeOCl-AFM,FeOCl
V2I2O2-FeOCl-FM,FeOCl
V2I2S2-FeOCl-AFM,FeOCl
V2I2S2-FeOCl-FM,FeOCl
V2I2Se2-FeOCl-AFM,FeOCl
V2I2Se2-FeOCl-FM,FeOCl
W2Br2N2-FeOCl-NM,FeOCl
W2Br2O2-FeOCl-NM,FeOCl
W2Br2S2-FeOCl-NM,FeOCl
W2Br2Se2-FeOCl-NM,FeOCl
W2Cl2N2-FeOCl-NM,FeOCl
W2Cl2O2-FeOCl-NM,FeOCl
W2Cl2S2-FeOCl-NM,FeOCl
W2Cl2Se2-FeOCl-NM,FeOCl
W2I2N2-FeOCl-NM,FeOCl
W2I2O2-FeOCl-NM,FeOCl
W2I2S2-FeOCl-FM,FeOCl
W2I2Se2-FeOCl-NM,FeOCl
Zr2Br2N2-FeOCl-NM,FeOCl
Zr2Br2O2-FeOCl-NM,FeOCl
Zr2Br2S2-FeOCl-NM,FeOCl
Zr2Br2Se2-FeOCl-NM,FeOCl
Zr2Cl2N2-FeOCl-NM,FeOCl
Zr2Cl2O2-FeOCl-NM,FeOCl
Zr2Cl2Se2-FeOCl-NM,FeOCl
Zr2I2N2-FeOCl-NM,FeOCl
Zr2I2O2-FeOCl-NM,FeOCl
Zr2I2S2-FeOCl-NM,FeOCl
Zr2I2Se2-FeOCl-NM,FeOCl
Zr2Cl2S2-FeOCl-NM,FeOCl
Al2O2-GaS-NM,GaS
Al2S2-GaS-NM,GaS
Al2Se2-GaS-NM,GaS
Al2Te2-GaS-NM,GaS
Au2O2-GaS-NM,GaS
Au2S2-GaS-NM,GaS
Au2Se2-GaS-NM,GaS
Au2Te2-GaS-NM,GaS
Bi2O2-GaS-NM,GaS
Bi2S2-GaS-NM,GaS
Bi2Se2-GaS-NM,GaS
Bi2Te2-GaS-NM,GaS
Co2O2-GaS-NM,GaS
Co2S2-GaS-NM,GaS
Co2Se2-GaS-NM,GaS
Co2Te2-GaS-FM,GaS
Co2Te2-GaS-NM,GaS
Cu2S2-GaS-NM,GaS
Cu2Se2-GaS-NM,GaS
Cu2Te2-GaS-NM,GaS
Fe2O2-GaS-FM,GaS
Fe2O2-GaS-NM,GaS
Fe2S2-GaS-FM,GaS
Fe2S2-GaS-NM,GaS
Fe2Se2-GaS-NM,GaS
Fe2Te2-GaS-AFM,GaS
Fe2Te2-GaS-FM,GaS
Ga2O2-GaS-NM,GaS
Ga2S2-GaS-NM,GaS
Ga2Se2-GaS-NM,GaS
Ga2Te2-GaS-NM,GaS
Hf2O2-GaS-NM,GaS
Hf2S2-GaS-FM,GaS
Hf2S2-GaS-NM,GaS
Hf2Se2-GaS-FM,GaS
Hf2Se2-GaS-NM,GaS
Hf2Te2-GaS-NM,GaS
In2O2-GaS-NM,GaS
In2S2-GaS-NM,GaS
In2Se2-GaS-NM,GaS
In2Te2-GaS-NM,GaS
Ir2O2-GaS-NM,GaS
Ir2S2-GaS-NM,GaS
Ir2Se2-GaS-NM,GaS
Ir2Te2-GaS-NM,GaS
Mn2O2-GaS-AFM,GaS
Mn2O2-GaS-FM,GaS
Mn2S2-GaS-AFM,GaS
Mn2S2-GaS-FM,GaS
Mn2Se2-GaS-AFM,GaS
Mn2Se2-GaS-FM,GaS
Mn2Te2-GaS-AFM,GaS
Mn2Te2-GaS-FM,GaS
Mo2O2-GaS-NM,GaS
Mo2S2-GaS-NM,GaS
Mo2Se2-GaS-NM,GaS
Mo2Te2-GaS-NM,GaS
Nb2O2-GaS-NM,GaS
Nb2S2-GaS-NM,GaS
Nb2Se2-GaS-NM,GaS
Nb2Te2-GaS-FM,GaS
Nb2Te2-GaS-NM,GaS
Ni2O2-GaS-AFM,GaS
Ni2O2-GaS-FM,GaS
Ni2S2-GaS-NM,GaS
Ni2Se2-GaS-NM,GaS
Ni2Te2-GaS-NM,GaS
Os2O2-GaS-NM,GaS
Os2S2-GaS-NM,GaS
Os2Se2-GaS-NM,GaS
Os2Te2-GaS-NM,GaS
Pd2O2-GaS-NM,GaS
Pd2S2-GaS-NM,GaS
Pd2Se2-GaS-NM,GaS
Pd2Te2-GaS-NM,GaS
Pt2O2-GaS-NM,GaS
Pt2S2-GaS-NM,GaS
Pt2Se2-GaS-NM,GaS
Pt2Te2-GaS-NM,GaS
Re2O2-GaS-NM,GaS
Re2S2-GaS-NM,GaS
Re2Se2-GaS-NM,GaS
Re2Te2-GaS-NM,GaS
Rh2O2-GaS-NM,GaS
Rh2S2-GaS-NM,GaS
Rh2Se2-GaS-NM,GaS
Rh2Te2-GaS-NM,GaS
Ru2O2-GaS-NM,GaS
Ru2S2-GaS-NM,GaS
Ru2Se2-GaS-NM,GaS
Ru2Te2-GaS-NM,GaS
Sc2O2-GaS-NM,GaS
Sc2S2-GaS-NM,GaS
Sc2Se2-GaS-NM,GaS
Sc2Te2-GaS-NM,GaS
Ta2O2-GaS-NM,GaS
Ta2S2-GaS-FM,GaS
Ta2S2-GaS-NM,GaS
Ta2Se2-GaS-FM,GaS
Ta2Se2-GaS-NM,GaS
Ta2Te2-GaS-FM,GaS
Ti2O2-GaS-NM,GaS
Ti2S2-GaS-FM,GaS
Ti2S2-GaS-NM,GaS
Ti2Se2-GaS-FM,GaS
Ti2Se2-GaS-NM,GaS
Ti2Te2-GaS-NM,GaS
Tl2O2-GaS-NM,GaS
Tl2S2-GaS-NM,GaS
Tl2Se2-GaS-NM,GaS
Tl2Te2-GaS-NM,GaS
V2O2-GaS-AFM,GaS
V2S2-GaS-NM,GaS
V2Se2-GaS-NM,GaS
V2Te2-GaS-NM,GaS
W2O2-GaS-NM,GaS
W2S2-GaS-NM,GaS
W2Se2-GaS-NM,GaS
W2Te2-GaS-NM,GaS
Zr2O2-GaS-NM,GaS
Zr2S2-GaS-FM,GaS
Zr2S2-GaS-NM,GaS
Zr2Se2-GaS-NM,GaS
Zr2Te2-GaS-NM,GaS
Co2S6-Undefined-NM,Undefined
Co2Se6-Undefined-NM,Undefined
Co2Te6-VTe3-NM,VTe3
Cr2Te6-VTe3-AFM,VTe3
Cr2Te6-VTe3-FM,VTe3
Fe2Te6-VTe3-FM,VTe3
Fe2Te6-VTe3-NM,VTe3
Hf2O6-TiS3-NM,TiS3
Hf2S6-TiS3-NM,TiS3
Hf2Se6-TiS3-NM,TiS3
Hf2Te6-TiS3-NM,TiS3
Ir2O6-Undefined-NM,Undefined
Ir2S6-Undefined-NM,Undefined
Ir2Se6-VTe3-NM,VTe3
Ir2Te6-VTe3-NM,VTe3
Mn2Te6-VTe3-AFM,VTe3
Mn2Te6-VTe3-FM,VTe3
Mo2S6-TiS3-NM,TiS3
Mo2Se6-VTe3-NM,VTe3
Mo2Te6-VTe3-NM,VTe3
Nb2O6-TiS3-NM,TiS3
Nb2S6-TiS3-NM,TiS3
Nb2Se6-TiS3-NM,TiS3
Nb2Te6-TiS3-NM,TiS3
Ni2O6-Undefined-AFM,Undefined
Ni2O6-Undefined-FM,Undefined
Ni2S6-VTe3-NM,VTe3
Ni2Se6-VTe3-NM,VTe3
Ni2Te6-VTe3-NM,VTe3
Os2Se6-VTe3-NM,VTe3
Os2Te6-VTe3-NM,VTe3
Pb2Te6-Undefined-NM,Undefined
Pt2Se6-VTe3-NM,VTe3
Pt2Te6-VTe3-NM,VTe3
Rh2O6-Undefined-NM,Undefined
Rh2Te6-VTe3-NM,VTe3
Ru2Se6-VTe3-NM,VTe3
Ru2Te6-VTe3-NM,VTe3
Sc2S6-TiS3-NM,TiS3
Sc2Se6-TiS3-NM,TiS3
Sc2Te6-VTe3-NM,VTe3
Ta2O6-TiS3-NM,TiS3
Ta2S6-TiS3-NM,TiS3
Ta2Se6-TiS3-NM,TiS3
Ta2Te6-TiS3-NM,TiS3
Ti2O6-TiS3-NM,TiS3
Ti2S6-TiS3-NM,TiS3
Ti2Se6-TiS3-NM,TiS3
Ti2Te6-TiS3-NM,TiS3
V2O6-TiS3-NM,TiS3
V2S6-TiS3-NM,TiS3
V2Se6-TiS3-FM,TiS3
V2Se6-TiS3-NM,TiS3
V2Te6-VTe3-AFM,VTe3
V2Te6-VTe3-FM,VTe3
V2Te6-VTe3-NM,VTe3
W2S6-TiS3-NM,TiS3
W2Te6-VTe3-NM,VTe3
Zr2O6-TiS3-NM,TiS3
Zr2S6-TiS3-NM,TiS3
Zr2Se6-TiS3-NM,TiS3
Zr2Te6-TiS3-NM,TiS3
Ag2Br4-CdI2-NM,CdI2
Ag2I4-CdI2-NM,CdI2
Au2Br4-WTe2-NM,WTe2
Au2I4-WTe2-NM,WTe2
Au2O4-WTe2-NM,WTe2
Co2S4-CdI2-NM,CdI2
Co2Se4-CdI2-NM,CdI2
Co2Te4-CdI2-NM,CdI2
Cr2Br4-WTe2-AFM,WTe2
Cr2Br4-WTe2-FM,WTe2
Cr2Cl4-WTe2-AFM,WTe2
Cr2Cl4-WTe2-FM,WTe2
Cr2O4-WTe2-FM,WTe2
Cr2O4-WTe2-NM,WTe2
Cr2S4-WTe2-NM,WTe2
Cr2Se4-WTe2-NM,WTe2
Cu2Br4-CdI2-AFM,CdI2
Cu2I4-CdI2-NM,CdI2
Cu2Te4-WTe2-NM,WTe2
Fe2S4-WTe2-NM,WTe2
Fe2Se4-WTe2-NM,WTe2
Fe2Te4-WTe2-NM,WTe2
Hf2Br4-WTe2-NM,WTe2
Hf2Cl4-WTe2-NM,WTe2
Hf2I4-WTe2-NM,WTe2
Hg2O4-CdI2-FM,CdI2
Hg2Te4-WTe2-NM,WTe2
Ir2Br4-WTe2-NM,WTe2
Ir2O4-CdI2-NM,CdI2
Ir2S4-WTe2-NM,WTe2
Ir2Se4-WTe2-NM,WTe2
Ir2Te4-CdI2-NM,CdI2
Mn2Cl4-CdI2-FM,CdI2
Mn2O4-WTe2-FM,WTe2
Mn2S4-WTe2-AFM,WTe2
Mn2S4-WTe2-FM,WTe2
Mn2Se4-WTe2-FM,WTe2
Mn2Te4-WTe2-AFM,WTe2
Mn2Te4-WTe2-FM,WTe2
Mo2Br4-WTe2-FM,WTe2
Mo2Cl4-CdI2-NM,CdI2
Mo2I4-WTe2-FM,WTe2
Mo2I4-WTe2-NM,WTe2
Mo2O4-WTe2-NM,WTe2
Mo2S4-WTe2-NM,WTe2
Mo2Se4-WTe2-NM,WTe2
Mo2Te4-WTe2-NM,WTe2
Nb2Cl4-WTe2-NM,WTe2
Nb2I4-WTe2-NM,WTe2
Nb2O4-CdI2-NM,CdI2
Os2O4-WTe2-NM,WTe2
Os2S4-WTe2-NM,WTe2
Os2Se4-WTe2-NM,WTe2
Os2Te4-WTe2-NM,WTe2
Pd2Cl4-WTe2-NM,WTe2
Re2Br4-WTe2-NM,WTe2
Re2Cl4-WTe2-NM,WTe2
Re2I4-WTe2-FM,WTe2
Re2I4-WTe2-NM,WTe2
Re2O4-WTe2-NM,WTe2
Re2S4-WTe2-NM,WTe2
Re2Se4-WTe2-NM,WTe2
Re2Te4-WTe2-NM,WTe2
Rh2Br4-CdI2-FM,CdI2
Rh2Cl4-WTe2-AFM,WTe2
Rh2Cl4-WTe2-FM,WTe2
Rh2S4-WTe2-NM,WTe2
Rh2Se4-WTe2-NM,WTe2
Rh2Te4-WTe2-NM,WTe2
Ru2O4-WTe2-NM,WTe2
Ru2S4-WTe2-NM,WTe2
Ru2Se4-WTe2-NM,WTe2
Ru2Te4-WTe2-NM,WTe2
Sc2Br4-CdI2-NM,CdI2
Sc2Cl4-CdI2-NM,CdI2
Ta2Br4-WTe2-NM,WTe2
Ta2I4-WTe2-NM,WTe2
Ta2O4-CdI2-NM,CdI2
Ti2Cl4-WTe2-NM,WTe2
Ti2I4-WTe2-NM,WTe2
Ti2O4-WTe2-NM,WTe2
V2Br4-CdI2-AFM,CdI2
V2Cl4-CdI2-AFM,CdI2
V2Cl4-WTe2-FM,WTe2
V2Cl4-WTe2-NM,WTe2
V2I4-CdI2-AFM,CdI2
V2O4-WTe2-FM,WTe2
W2Cl4-CdI2-NM,CdI2
W2O4-WTe2-NM,WTe2
W2S4-WTe2-NM,WTe2
W2Se4-WTe2-NM,WTe2
W2Te4-WTe2-NM,WTe2
Y2Br4-CdI2-NM,CdI2
Y2Cl4-CdI2-NM,CdI2
Y2I4-WTe2-NM,WTe2
Zr2Br4-WTe2-NM,WTe2
Zr2Cl4-WTe2-NM,WTe2
Zr2I4-WTe2-NM,WTe2
C2F2-CH-NM,CH
C2H2-CH-NM,CH
F2Ge2-CH-NM,CH
Ge2H2-CH-NM,CH
F2Si2-CH-NM,CH
H2Si2-CH-NM,CH
CF2Si-CH2Si-NM,CH2Si
CH2Si-CH2Si-NM,CH2Si
Sn2F2-CH-NM,CH
Sn2H2-CH-NM,CH
Hf4Br4O4-HfBrS-NM,HfBrS
Hf4Br4S4-HfBrS-FM,HfBrS
Hf4Br4S4-HfBrS-NM,HfBrS
Hf4Br4Se4-HfBrS-FM,HfBrS
Hf4Br4Se4-HfBrS-NM,HfBrS
Hf4Cl4O4-HfBrS-NM,HfBrS
Hf4Cl4S4-HfBrS-FM,HfBrS
Hf4Cl4S4-HfBrS-NM,HfBrS
Hf4Cl4Se4-HfBrS-FM,HfBrS
Hf4Cl4Se4-HfBrS-NM,HfBrS
Hf4I4O4-HfBrS-NM,HfBrS
Hf4I4S4-HfBrS-FM,HfBrS
Hf4I4S4-HfBrS-NM,HfBrS
Hf4I4Se4-HfBrS-FM,HfBrS
Hf4I4Se4-HfBrS-NM,HfBrS
Ti4Br4O4-HfBrS-NM,HfBrS
Ti4Br4S4-HfBrS-FM,HfBrS
Ti4Br4Se4-HfBrS-FM,HfBrS
Ti4Cl4O4-HfBrS-NM,HfBrS
Ti4Cl4S4-HfBrS-FM,HfBrS
Ti4Cl4Se4-HfBrS-FM,HfBrS
Ti4I4O4-HfBrS-NM,HfBrS
Ti4I4S4-HfBrS-FM,HfBrS
Ti4I4Se4-HfBrS-FM,HfBrS
Zr4Br4O4-HfBrS-NM,HfBrS
Zr4Br4S4-HfBrS-FM,HfBrS
Zr4Br4Se4-HfBrS-FM,HfBrS
Zr4Br4Se4-HfBrS-NM,HfBrS
Zr4Cl4O4-HfBrS-NM,HfBrS
Zr4Cl4S4-HfBrS-FM,HfBrS
Zr4Cl4Se4-HfBrS-FM,HfBrS
Zr4Cl4Se4-HfBrS-NM,HfBrS
Zr4I4O4-HfBrS-NM,HfBrS
Zr4I4S4-HfBrS-FM,HfBrS
Zr4I4S4-HfBrS-NM,HfBrS
Zr4I4Se4-HfBrS-FM,HfBrS
Zr4I4Se4-HfBrS-NM,HfBrS
