Ag2O2-AuSe-NM,Pm
Ag2S2-AuSe-NM,Pm
Ag2Se2-AuSe-NM,Pm
Ag2Te2-AuSe-NM,Pm
Au2O2-AuSe-NM,P2/m
Au2S2-AuSe-NM,Pm
Au2Se2-AuSe-NM,Pm
Au2Te2-AuSe-NM,Pm
Co2O2-AuSe-FM,Pm
Co2S2-NiSe-FM,Pm
Co2S2-NiSe-NM,Pm
Co2Se2-NiSe-FM,Pm
Co2Se2-NiSe-NM,Pm
Co2Te2-NiSe-FM,Pm
Co2Te2-NiSe-NM,Pm
Cr2O2-RhO-FM,Pm
Cr2S2-NiSe-AFM,Pmm2
Cr2Se2-NiSe-AFM,Pmm2
Cr2Te2-NiSe-AFM,Pmm2
Cu2O2-AuSe-NM,Pm
Cu2S2-AuSe-NM,Pm
Cu2Se2-AuSe-NM,Pm
Cu2Te2-NiSe-NM,Pm
Fe2O2-AuSe-FM,Pm
Fe2S2-NiSe-FM,Pmm2
Fe2Se2-NiSe-FM,Pm
Fe2Te2-NiSe-FM,Pm
Hf2O2-AuSe-FM,P2/m
Hf2O2-AuSe-NM,P2/m
Hf2S2-AuSe-FM,P2/m
Hf2S2-AuSe-NM,P2/m
Hf2Se2-NiSe-NM,Pm
Hf2Te2-NiSe-NM,Pm
Ir2O2-AuSe-NM,Pm
Ir2S2-NiSe-NM,Pm
Ir2Se2-AuSe-NM,Pm
Ir2Te2-NiSe-NM,Pm
Mn2O2-AuSe-FM,Pm
Mn2S2-NiSe-AFM,Pmm2
Mn2Se2-NiSe-FM,Pmm2
Mn2Te2-NiSe-FM,Pmm2
Mo2O2-RhO-FM,Pm
Mo2O2-RhO-NM,Pm
Mo2S2-Undefined-NM,Pm
Mo2Se2-Undefined-NM,Pm
Mo2Te2-Undefined-NM,Pm
Nb2O2-RhO-NM,Pm
Nb2S2-NiSe-NM,Pm
Nb2Se2-NiSe-NM,Pm
Nb2Te2-NiSe-NM,Pm
Ni2O2-AuSe-FM,Pm
Ni2O2-AuSe-NM,Pm
Ni2S2-NiSe-FM,Pm
Ni2Se2-NiSe-FM,Pm
Ni2Te2-NiSe-FM,Pm
Os2O2-RhO-NM,Pm
Os2S2-RhO-NM,Pm
Os2Se2-RhO-NM,Pm
Os2Te2-Undefined-NM,Pm
Pb2O2-Undefined-NM,Pm
Pb2Se2-RhO-NM,Pm
Pb2Te2-AuSe-NM,Pm
Pt2O2-AuSe-NM,P2/m
Pt2S2-AuSe-NM,Pm
Pt2Se2-NiSe-NM,Pm
Pt2Te2-NiSe-NM,Pm
Re2O2-RhO-NM,Pm
Re2S2-RhO-NM,Pm
Re2Se2-RhO-NM,Pm
Re2Te2-Undefined-NM,Pm
Rh2O2-RhO-NM,Pm
Rh2S2-AuSe-NM,Pm
Rh2Se2-AuSe-NM,Pm
Rh2Te2-NiSe-NM,Pm
Ru2O2-RhO-NM,Pm
Ru2S2-RhO-NM,Pm
Ru2Se2-RhO-NM,Pm
Ru2Te2-Undefined-NM,Pm
Sc2O2-AuSe-FM,Pm
Sc2O2-AuSe-NM,Pm
Sc2S2-AuSe-NM,Pm
Sc2Se2-NiSe-FM,Pm
Sc2Se2-NiSe-NM,Pm
Sc2Te2-NiSe-FM,Pm
Sc2Te2-NiSe-NM,Pm
Ta2O2-RhO-NM,Pm
Ta2S2-NiSe-NM,Pm
Ta2Se2-NiSe-NM,Pm
Ta2Te2-NiSe-NM,Pm
Ti2O2-AuSe-FM,P2/m
Ti2O2-AuSe-NM,P2/m
Ti2S2-NiSe-NM,Pm
Ti2Se2-NiSe-NM,Pm
Ti2Te2-NiSe-NM,Pm
V2O2-RhO-NM,Pm
V2S2-NiSe-FM,Pm
V2S2-NiSe-NM,Pm
V2S2-NiSe-AFM,Pm
V2Se2-NiSe-NM,Pm
V2Se2-NiSe-AFM,P2/m
V2Te2-NiSe-FM,Pm
V2Te2-NiSe-NM,Pm
W2O2-AuSe-NM,Pm
W2S2-AuSe-NM,Pm
W2Se2-NiSe-NM,Pm
W2Te2-NiSe-NM,Pm
Zr2O2-AuSe-FM,P2/m
Zr2O2-AuSe-NM,P2/m
Zr2S2-NiSe-NM,Pm
Zr2Se2-NiSe-NM,Pm
Zr2Te2-NiSe-NM,Pm
AlAs-BN-NM,P-6m2
AlN-BN-NM,P-6m2
AlSb-GeSe-NM,P3m1
AsB-BN-NM,P-6m2
BN-BN-NM,P-6m2
BP-BN-NM,P-6m2
BSb-BN-NM,P-6m2
GaAs-GeSe-NM,P3m1
GaN-BN-NM,P-6m2
GaP-GeSe-NM,P3m1
GeO-GeSe-NM,P3m1
GeS-GeSe-NM,P3m1
GeSe-GeSe-NM,P3m1
GeTe-GeSe-NM,P3m1
HgO-BN-NM,P3m1
HgS-BN-NM,P3m1
HgSe-GeSe-NM,P3m1
HgTe-GeSe-NM,P3m1
InAs-GeSe-NM,P3m1
InN-BN-NM,P-6m2
InP-GeSe-NM,P3m1
InSb-GeSe-NM,P3m1
PbO-GeSe-NM,P3m1
PbS-GeSe-NM,P3m1
PbSe-GeSe-NM,P3m1
PbTe-GeSe-NM,P3m1
SnO-GeSe-NM,P3m1
SnS-GeSe-NM,P3m1
SnSe-GeSe-NM,P3m1
SnTe-GeSe-NM,P3m1
AsBrS-BiTeI-NM,P3m1
AsClS-BiTeI-NM,P3m1
AsBrSe-BiTeI-NM,P3m1
AsClSe-BiTeI-NM,P3m1
AsISe-BiTeI-NM,P3m1
AsIS-BiTeI-NM,P3m1
AsBrTe-BiTeI-NM,P3m1
AsClTe-BiTeI-NM,P3m1
AsITe-BiTeI-NM,P3m1
BiBrS-BiTeI-NM,P3m1
BiClS-BiTeI-NM,P3m1
BiBrSe-BiTeI-NM,P3m1
BiClSe-BiTeI-NM,P3m1
BiISe-BiTeI-NM,P3m1
BiIS-BiTeI-NM,P3m1
BiBrTe-BiTeI-NM,P3m1
BiClTe-BiTeI-NM,P3m1
BiITe-BiTeI-NM,P3m1
BrSSb-BiTeI-NM,P3m1
ClSSb-BiTeI-NM,P3m1
BrSbSe-BiTeI-NM,P3m1
ClSbSe-BiTeI-NM,P3m1
ISbSe-BiTeI-NM,P3m1
ISSb-BiTeI-NM,P3m1
BrSbTe-BiTeI-NM,P3m1
ClSbTe-BiTeI-NM,P3m1
ISbTe-BiTeI-NM,P3m1
BiWSb-BiTeI-NM,P3m1
WBrI-BiTeI-NM,P3m1
WSeTe-BiTeI-NM,P3m1
WSSe-BiTeI-NM,P3m1
BiZrAs-BiTeI-NM,P3m1
ZrAsSb-BiTeI-NM,P3m1
ZrBrCl-BiTeI-NM,P3m1
ZrBrI-BiTeI-NM,P3m1
ZrSeTe-BiTeI-NM,P3m1
ZrSSe-BiTeI-NM,P3m1
ZrSTe-BiTeI-NM,P3m1
BiCrAs-BiTeI-NM,P3m1
CrAsSb-BiTeI-FM,P3m1
CrAsSb-BiTeI-NM,P3m1
BiCrSb-BiTeI-FM,P3m1
CrBrCl-BiTeI-FM,P3m1
CrBrI-BiTeI-FM,P3m1
CrClI-BiTeI-FM,P3m1
CrSeTe-BiTeI-NM,P3m1
CrSSe-BiTeI-NM,P3m1
CrSTe-BiTeI-NM,P3m1
BiHfAs-BiTeI-NM,P3m1
HfAsSb-BiTeI-NM,P3m1
BiHfSb-BiTeI-NM,P3m1
HfBrCl-BiTeI-NM,P3m1
HfBrI-BiTeI-NM,P3m1
HfClI-BiTeI-NM,P3m1
HfSeTe-BiTeI-NM,P3m1
HfSSe-BiTeI-NM,P3m1
HfSTe-BiTeI-NM,P3m1
BiMoAs-BiTeI-NM,P3m1
MoAsSb-BiTeI-NM,P3m1
BiMoSb-BiTeI-NM,P3m1
MoBrCl-BiTeI-NM,P3m1
MoBrI-BiTeI-NM,P3m1
MoClI-BiTeI-NM,P3m1
MoSeTe-BiTeI-NM,P3m1
MoSSe-BiTeI-NM,P3m1
MoSTe-BiTeI-NM,P3m1
BiNbAs-BiTeI-NM,P3m1
NbAsSb-BiTeI-NM,P3m1
BiNbSb-BiTeI-NM,P3m1
NbBrCl-BiTeI-NM,P3m1
NbBrI-BiTeI-NM,P3m1
NbClI-BiTeI-NM,P3m1
NbSeTe-BiTeI-NM,P3m1
NbSSe-BiTeI-NM,P3m1
NbSTe-BiTeI-NM,P3m1
BiTaAs-BiTeI-NM,P3m1
TaAsSb-BiTeI-NM,P3m1
BiTaSb-BiTeI-NM,P3m1
TaBrCl-BiTeI-NM,P3m1
TaBrI-BiTeI-NM,P3m1
TaClI-BiTeI-NM,P3m1
TaSeTe-BiTeI-NM,P3m1
TaSSe-BiTeI-NM,P3m1
TaSTe-BiTeI-NM,P3m1
BiTiAs-BiTeI-NM,P3m1
TiAsSb-BiTeI-NM,P3m1
BiTiSb-BiTeI-NM,P3m1
TiBrCl-BiTeI-FM,P3m1
TiBrCl-BiTeI-NM,P3m1
TiBrI-BiTeI-FM,P3m1
TiClI-BiTeI-FM,P3m1
TiSeTe-BiTeI-NM,P3m1
TiSSe-BiTeI-NM,P3m1
TiSTe-BiTeI-NM,P3m1
BiVAs-BiTeI-NM,P3m1
VAsSb-BiTeI-NM,P3m1
BiVSb-BiTeI-FM,P3m1
BiVSb-BiTeI-NM,P3m1
VBrCl-BiTeI-FM,P3m1
VBrI-BiTeI-FM,P3m1
VClI-BiTeI-FM,P3m1
VSeTe-BiTeI-FM,P3m1
VSSe-BiTeI-FM,P3m1
VSSe-BiTeI-NM,P3m1
VSTe-BiTeI-FM,P3m1
BiWAs-BiTeI-NM,P3m1
WAsSb-BiTeI-NM,P3m1
WBrCl-BiTeI-NM,P3m1
WClI-BiTeI-NM,P3m1
WSTe-BiTeI-NM,P3m1
BiZrSb-BiTeI-NM,P3m1
ZrClI-BiTeI-NM,P3m1
As2-C-NM,P-3m1
C2-C-NM,P6/mmm
Ge2-C-NM,P-3m1
Si2-C-NM,P-3m1
Sn2-C-NM,P-3m1
As2C6-C3N-NM,Cmmm
As2Ge6-C3N-NM,Cmmm
As2Si6-C3N-NM,Cmmm
Bi2C6-C3N-NM,Cmmm
Bi2Ge6-C3N-NM,Cmmm
Bi2Pb6-C3N-NM,Cmmm
Bi2Si6-C3N-NM,Cmmm
Bi2Sn6-C3N-NM,Cmmm
C6N2-C3N-NM,Cmmm
C6P2-C3N-NM,Cmmm
C6Sb2-C3N-NM,Cmmm
Ge6N2-C3N-NM,Cmmm
Ge6P2-C3N-NM,Cmmm
Ge6Sb2-C3N-NM,Cmmm
N2Si6-C3N-NM,Cmmm
P2Si6-C3N-NM,Cmmm
Pb6As2-C3N-NM,Cmmm
Pb6N2-C3N-NM,Cmmm
Pb6P2-C3N-NM,Cmmm
Pb6Sb2-C3N-NM,Cmmm
Sb2Si6-C3N-NM,Cmmm
Sn6As2-C3N-NM,Cmmm
Sn6N2-C3N-NM,Amm2
Sn6P2-C3N-NM,Cmmm
Sn6Sb2-C3N-NM,Cmmm
Sc2S2-CH-FM,P-1
Sc2S2-CH-NM,P-1
Sc2Se2-CH-FM,P-1
Sc2Se2-CH-NM,P-1
Sc2Te2-CH-FM,P-1
Sc2F2-CH-FM,P1
Sc2Cl2-CH-FM,P1
Sc2Br2-GaSe-FM,P1
Sc2I2-CH-FM,P1
Ti2S2-CH-NM,P-1
Ti2Se2-CH-NM,P-1
Ti2Te2-CH-FM,P-1
Ti2F2-CH-NM,P-1
Ti2Cl2-CH-NM,P-1
Ti2Cl2-CH-AFM,P-1
Ti2Br2-CH-NM,P1
Ti2Br2-CH-AFM,P-1
Ti2I2-CH-FM,P-1
Ti2I2-CH-NM,P1
V2S2-CH-NM,P-1
V2Se2-CH-NM,P-1
V2Te2-CH-NM,P-1
V2Te2-CH-AFM,P-1
V2F2-CH-NM,P-1
V2Cl2-CH-NM,P1
V2Br2-CH-FM,P-1
V2Br2-CH-NM,P-1
V2Br2-CH-AFM,P-1
V2I2-CH-NM,P-1
V2I2-CH-AFM,P-1
Cr2S2-CH-FM,P-1
Cr2Se2-CH-FM,P1
Cr2Se2-CH-AFM,P1
Cr2Te2-CH-AFM,P-1
Cr2F2-CH-NM,P-1
Cr2Cl2-CH-AFM,P-1
Cr2Br2-CH-AFM,P-1
Cr2I2-CH-FM,C2/m
Cr2I2-CH-AFM,P-1
Mn2S2-CH-AFM,P-1
Mn2Se2-CH-AFM,P-1
Mn2Te2-CH-FM,P-1
Mn2Te2-CH-AFM,P-1
Mn2Br2-CH-AFM,P-1
Fe2S2-CH-AFM,P-1
Fe2Se2-CH-FM,P1
Fe2Se2-CH-AFM,P1
Fe2Te2-CH-FM,P-1
Fe2Te2-CH-AFM,P1
Fe2F2-CH-FM,P-1
Fe2F2-CH-AFM,P-1
Fe2Cl2-CH-FM,P-1
Fe2Cl2-CH-AFM,P-1
Fe2Br2-CH-FM,P-1
Fe2Br2-CH-AFM,P-1
Fe2I2-CH-FM,P-1
Fe2I2-CH-AFM,P-1
Co2S2-CH-NM,P-1
Co2Se2-CH-NM,P-1
Co2Te2-CH-NM,P-1
Co2F2-CH-FM,P1
Co2F2-CH-AFM,P-1
Co2Cl2-CH-FM,P1
Co2Cl2-CH-AFM,P1
Co2Br2-CH-FM,P1
Co2Br2-CH-AFM,P-1
Co2I2-CH-FM,P-1
Co2I2-CH-AFM,P1
Ni2S2-CH-NM,P1
Ni2Se2-CH-NM,P-1
Ni2Te2-CH-NM,P1
Ni2F2-CH-FM,P1
Ni2F2-CH-AFM,P-1
Ni2Cl2-CH-FM,P-1
Ni2Br2-CH-FM,P-1
Ni2I2-CH-FM,P-1
Cu2S2-CH-NM,P1
Cu2Se2-CH-NM,P1
Cu2Te2-CH-NM,P-1
Cu2F2-CH-FM,P-1
Cu2F2-CH-NM,P-1
Cu2Cl2-CH-NM,P1
Cu2Br2-CH-NM,P1
Cu2I2-CH-NM,P3m1
Zn2S2-CH-NM,P1
Zn2Se2-CH-NM,P1
Zn2Te2-CH-NM,P1
Zn2F2-CH-NM,P-1
Zn2Cl2-CH-NM,P-1
Zn2Br2-CH-NM,P-1
Zn2I2-GaSe-NM,P1
Ga2Te2-CH-NM,P1
Cl2Ge2-CH-NM,P1
Br2Ge2-CH-NM,P1
Ge2I2-CH-NM,P1
Zr2S2-CH-NM,P-1
Zr2Se2-CH-NM,P1
Zr2Te2-CH-NM,P1
Zr2F2-CH-NM,P-1
Zr2Cl2-CH-NM,P-1
Zr2Br2-CH-NM,P1
Zr2I2-CH-NM,P1
Nb2S2-CH-NM,P-1
Nb2Se2-CH-NM,P-1
Nb2Te2-CH-NM,P-1
Nb2F2-CH-NM,P-1
Nb2Cl2-CH-NM,P1
Nb2Br2-CH-NM,P-1
Nb2I2-ISb-NM,P1
Mo2S2-CH-NM,P-1
Mo2Se2-CH-NM,P-1
Mo2Te2-CH-NM,P-1
Mo2F2-CH-NM,C2/m
Mo2Cl2-CH-NM,P-1
Mo2Br2-CH-NM,P-1
Mo2I2-CH-NM,P-1
Ru2S2-CH-NM,P1
Ru2Se2-CH-NM,P1
Ru2Te2-CH-NM,P-1
Ru2F2-GaSe-NM,P1
Ru2Cl2-CH-NM,P1
Ru2Br2-CH-NM,P-1
Ru2I2-CH-NM,P1
Rh2S2-CH-NM,P-1
Rh2Se2-CH-NM,P-1
Rh2Te2-CH-NM,P-1
Rh2F2-CH-FM,P-1
Rh2Cl2-CH-FM,P-1
Rh2Br2-CH-FM,P-1
Rh2I2-CH-NM,P1
Pd2S2-CH-NM,P1
Pd2Se2-CH-NM,P-1
Pd2Te2-CH-NM,P1
Pd2F2-GaSe-NM,P1
Pd2Cl2-CH-NM,P1
Pd2Br2-CH-NM,P1
Pd2I2-CH-NM,P1
Ag2S2-CH-FM,P1
Ag2S2-CH-NM,P1
Ag2Se2-CH-NM,P1
Ag2Te2-CH-NM,P1
Ag2F2-Undefined-NM,P1
Ag2Cl2-CH-NM,P1
Ag2Br2-CH-NM,P1
Ag2I2-CH-NM,P1
Cd2S2-CH-NM,P1
Cd2Se2-CH-NM,P1
Cd2Te2-CH-NM,P1
Cd2F2-CH-NM,P-1
Cd2Cl2-CH-NM,P-1
Cd2Br2-CH-NM,P-1
Cd2I2-CH-NM,P-1
In2S2-CH-NM,P-1
In2Te2-CH-NM,P1
In2I2-CH-NM,P1
Sn2Cl2-CH-NM,P-1
Sn2Br2-CH-NM,P1
Sn2I2-CH-NM,P1
S2Sb2-CH-NM,P-1
Sb2Se2-CH-NM,P-1
Sb2Te2-CH-NM,P1
F2Sb2-Undefined-NM,P1
Cl2Sb2-CH-NM,P-1
Br2Sb2-CH-NM,P-1
I2Sb2-ISb-NM,P1
Hf2S2-CH-NM,P-1
Hf2Se2-CH-NM,P1
Hf2Te2-CH-FM,P-1
Hf2Te2-CH-NM,P1
Hf2F2-CH-NM,P-1
Hf2Cl2-CH-NM,P-1
Hf2Br2-CH-NM,P1
Hf2I2-CH-NM,P1
Ta2S2-CH-NM,P-1
Ta2Se2-CH-NM,P-1
Ta2Te2-CH-NM,P-1
Ta2F2-CH-NM,P-1
Ta2Cl2-CH-NM,P1
Ta2Br2-CH-FM,P-1
Ta2Br2-CH-NM,P-1
Ta2I2-CH-NM,P1
W2S2-CH-NM,P-1
W2Se2-CH-NM,P-1
W2Te2-CH-NM,P-1
W2F2-CH-NM,P-1
W2Cl2-CH-NM,P-1
W2Br2-CH-NM,P1
W2I2-CH-NM,C2/m
Re2S2-CH-NM,P-1
Re2Se2-CH-NM,P-1
Re2Te2-CH-NM,P-1
Re2F2-CH-NM,P-1
Re2Cl2-CH-NM,P-1
Re2Br2-CH-NM,P-1
Re2I2-CH-NM,P1
Os2S2-CH-NM,P1
Os2Se2-CH-NM,P1
Os2Te2-CH-NM,P-1
Os2F2-CH-NM,P1
Os2Cl2-CH-NM,C2/m
Os2Br2-CH-NM,C2/m
Os2I2-CH-NM,P1
Ir2S2-CH-NM,P-1
Ir2Se2-CH-NM,P-1
Ir2Te2-CH-NM,P1
Ir2F2-Undefined-NM,P1
Ir2Cl2-ISb-NM,P1
Ir2Br2-CH-NM,P-1
Ir2I2-CH-NM,P1
Pt2S2-CH-NM,P1
Pt2Se2-CH-NM,P1
Pt2Te2-CH-NM,P-1
Pt2Cl2-GaSe-NM,P1
Pt2Br2-CH-NM,P1
Pt2I2-CH-NM,P1
Au2Se2-CH-NM,P1
Au2Te2-CH-NM,P1
Au2Br2-CH-NM,P1
Au2I2-CH-NM,P-1
Hg2Se2-CH-NM,P1
Hg2Te2-CH-NM,P1
Hg2F2-CH-NM,P-1
Hg2Cl2-CH-NM,P-1
Hg2Br2-CH-NM,P1
Hg2I2-GaSe-NM,P1
Tl2Se2-CH-NM,P-1
Tl2Te2-CH-NM,P1
Tl2Cl2-CH-NM,P1
Tl2Br2-ISb-NM,P1
Tl2I2-CH-NM,P1
Pb2Te2-CH-NM,P1
Pb2F2-CH-NM,P-1
Pb2Cl2-CH-NM,P1
Pb2Br2-CH-NM,P1
Pb2I2-ISb-NM,P1
Bi2S2-CH-NM,P-1
Bi2Se2-CH-NM,P-1
Bi2Te2-CH-NM,P-1
Bi2F2-CH-NM,P-1
Bi2Cl2-CH-NM,P1
Bi2Br2-CH-NM,P1
Bi2I2-CH-NM,P1
Fe2Br2-FeSe-FM,P4/nmm
Fe2Br2-FeSe-AFM,P4/nmm
Co2O2-PbSe-AFM,Pmmn
Co2O2-FeSe-FM,P4/nmm
Co2S2-FeSe-FM,P4/nmm
Co2Se2-FeSe-FM,P4/nmm
Co2Se2-FeSe-NM,P4/nmm
Co2Te2-FeSe-NM,P4/nmm
Cr2O2-FeSe-AFM,P4/nmm
Cr2O2-FeSe-FM,P4/nmm
Cr2S2-FeSe-AFM,P4/nmm
Cr2S2-FeSe-FM,P4/nmm
Cr2Se2-FeSe-AFM,P4/nmm
Cr2Se2-FeSe-FM,P4/nmm
Cr2Te2-FeSe-AFM,P4/nmm
Cr2Te2-FeSe-FM,P4/nmm
Fe2O2-PbSe-AFM,P4/nmm
Fe2S2-FeSe-NM,P4/nmm
Fe2Se2-FeSe-AFM,P4/nmm
Fe2Te2-FeSe-AFM,P4/nmm
Fe2Te2-FeSe-FM,P4/nmm
Hf2O2-FeSe-NM,P4/nmm
Hf2S2-FeSe-NM,P4/nmm
Hf2Se2-FeSe-NM,P4/nmm
Hf2Te2-FeSe-NM,Pmmn
Ir2O2-FeSe-FM,P4/nmm
Ir2O2-FeSe-NM,P4/nmm
Ir2S2-FeSe-NM,P4/nmm
Ir2Se2-FeSe-NM,P4/nmm
Ir2Te2-FeSe-NM,P4/nmm
Mn2O2-FeSe-AFM,P4/nmm
Mn2O2-FeSe-FM,P4/nmm
Mn2S2-FeSe-AFM,P4/nmm
Mn2S2-FeSe-FM,P4/nmm
Mn2Se2-FeSe-AFM,P4/nmm
Mn2Se2-FeSe-FM,P4/nmm
Mn2Te2-FeSe-AFM,P4/nmm
Mn2Te2-FeSe-FM,P4/nmm
Mo2O2-FeSe-NM,P4/nmm
Mo2S2-FeSe-NM,P4/nmm
Mo2Se2-FeSe-NM,P4/nmm
Mo2Te2-FeSe-NM,P4/nmm
Nb2O2-FeSe-NM,P4/nmm
Nb2S2-FeSe-NM,P4/nmm
Nb2Se2-FeSe-NM,P4/nmm
Nb2Te2-FeSe-NM,P4/nmm
Ni2O2-PbSe-AFM,P4/nmm
Ni2O2-PbSe-FM,P4/nmm
Ni2S2-FeSe-NM,P4/nmm
Ni2Se2-FeSe-NM,P4/nmm
Ni2Te2-FeSe-FM,P4/nmm
Ni2Te2-FeSe-NM,P4/nmm
Os2O2-FeSe-NM,P4/nmm
Os2S2-FeSe-NM,P4/nmm
Os2Se2-FeSe-NM,P4/nmm
Os2Te2-FeSe-NM,P4/nmm
Pb2O2-FeSe-NM,Pmmn
Pb2S2-FeSe-NM,P4/nmm
Pb2Se2-FeSe-NM,P4/nmm
Pb2Te2-FeSe-NM,P4/nmm
Pt2O2-FeSe-NM,Pmmn
Pt2S2-FeSe-NM,P4/nmm
Pt2Se2-FeSe-NM,P4/nmm
Pt2Te2-FeSe-NM,P4/nmm
Re2O2-FeSe-NM,P4/nmm
Re2S2-FeSe-NM,P4/nmm
Re2Se2-FeSe-NM,P4/nmm
Re2Te2-FeSe-NM,P4/nmm
Rh2O2-FeSe-NM,P4/nmm
Rh2S2-FeSe-FM,P4/nmm
Rh2S2-FeSe-NM,P4/nmm
Rh2Se2-FeSe-NM,P4/nmm
Rh2Te2-FeSe-NM,P4/nmm
Ru2O2-FeSe-NM,P4/nmm
Ru2S2-FeSe-NM,P4/nmm
Ru2Se2-FeSe-NM,P4/nmm
Ru2Te2-FeSe-NM,P4/nmm
Sc2O2-FeSe-NM,P4/nmm
Sc2S2-FeSe-NM,P4/nmm
Sc2Se2-FeSe-NM,P4/nmm
Sc2Te2-FeSe-NM,P4/nmm
Ta2O2-FeSe-NM,P4/nmm
Ta2S2-FeSe-NM,P4/nmm
Ta2Se2-FeSe-NM,P4/nmm
Ta2Te2-FeSe-NM,P4/nmm
Ti2O2-FeSe-NM,P4/nmm
Ti2S2-FeSe-NM,P4/nmm
Ti2Se2-FeSe-NM,P4/nmm
Ti2Te2-FeSe-FM,P4/nmm
Ti2Te2-FeSe-NM,P4/nmm
V2O2-FeSe-NM,P4/nmm
V2S2-FeSe-FM,P4/nmm
V2S2-FeSe-NM,P4/nmm
V2Se2-FeSe-FM,P4/nmm
V2Se2-FeSe-NM,P4/nmm
V2Te2-FeSe-AFM,P4/nmm
V2Te2-FeSe-NM,P4/nmm
W2O2-FeSe-NM,P4/nmm
W2S2-FeSe-NM,P4/nmm
W2Se2-FeSe-NM,P4/nmm
W2Te2-FeSe-NM,P4/nmm
Zr2O2-FeSe-NM,P4/nmm
Zr2S2-FeSe-NM,P4/nmm
Zr2Se2-FeSe-NM,P4/nmm
Zr2Te2-FeSe-NM,P4/nmm
Fe2I2-FeSe-FM,P4/nmm
Fe2I2-FeSe-AFM,P4/nmm
Ca2F2-PbSe-NM,P4/nmm
Ca2Br2-FeSe-NM,P4/nmm
Sc2F2-FeSe-NM,P4/nmm
Sc2Br2-FeSe-FM,P4/nmm
Ti2F2-FeSe-NM,P4/nmm
Ti2I2-FeSe-NM,P4/nmm
V2Cl2-FeSe-FM,P4/nmm
V2Cl2-FeSe-NM,P4/nmm
V2Cl2-FeSe-AFM,P4/nmm
V2I2-FeSe-FM,P4/nmm
V2I2-FeSe-NM,P4/nmm
Cr2Cl2-FeSe-FM,P4/nmm
Cr2Cl2-FeSe-AFM,P4/nmm
Mn2F2-FeSe-FM,P4mm
Mn2F2-FeSe-AFM,P4mm
Mn2Br2-FeSe-FM,P4/nmm
Mn2Br2-FeSe-AFM,P4/nmm
Fe2Cl2-FeSe-FM,P4/nmm
Fe2Cl2-FeSe-AFM,P4/nmm
K2Br2-FeSe-NM,P4/nmm
Ca2Cl2-FeSe-NM,P4mm
Ca2I2-FeSe-FM,P4/nmm
Sc2I2-FeSe-FM,P4/nmm
Ti2Cl2-FeSe-NM,P4/nmm
V2F2-FeSe-FM,P4/nmm
V2F2-FeSe-AFM,P4/nmm
V2Br2-FeSe-FM,P4/nmm
V2Br2-FeSe-NM,P4/nmm
Cr2F2-FeSe-FM,P4/nmm
Cr2F2-FeSe-AFM,P4/nmm
Cr2Br2-FeSe-FM,P4/nmm
Cr2Br2-FeSe-AFM,P4/nmm
Mn2Cl2-FeSe-FM,P4/nmm
Mn2Cl2-FeSe-AFM,P4/nmm
Mn2I2-FeSe-FM,P4/nmm
Mn2I2-FeSe-AFM,P4/nmm
Co2F2-FeSe-FM,P4/nmm
Co2F2-FeSe-AFM,P4/nmm
Fe2F2-FeSe-FM,P4/nmm
Fe2F2-FeSe-AFM,P4/nmm
Nb2Br2-FeSe-NM,P4/nmm
K2F2-FeSe-NM,P4/nmm
K2Cl2-FeSe-NM,P4/nmm
K2I2-FeSe-NM,P4/nmm
Ti2Br2-FeSe-NM,P4/nmm
Cr2I2-FeSe-FM,P4/nmm
Cr2I2-FeSe-AFM,P4/nmm
Co2Cl2-FeSe-FM,P4/nmm
Co2Cl2-FeSe-AFM,P4/nmm
Co2Br2-FeSe-FM,P4/nmm
Co2Br2-FeSe-AFM,P4/nmm
Co2I2-FeSe-FM,P4/nmm
Ni2F2-FeSe-FM,P4/nmm
Ni2F2-FeSe-AFM,P4/nmm
Ni2Cl2-FeSe-FM,P4/nmm
Ni2Cl2-FeSe-AFM,P4/nmm
Ni2Br2-FeSe-FM,P4/nmm
Ni2Br2-FeSe-AFM,P4/nmm
Ni2I2-FeSe-FM,P4/nmm
Cu2F2-FeSe-NM,P4/nmm
Cu2Cl2-FeSe-NM,P4/nmm
Cu2Br2-FeSe-NM,P4/nmm
Cu2I2-FeSe-NM,P4/nmm
Zn2F2-FeSe-NM,P4/nmm
Zn2Cl2-FeSe-NM,P4/nmm
Zn2Br2-FeSe-NM,P4/nmm
Zn2I2-FeSe-FM,P4/nmm
Zn2I2-FeSe-NM,P4/nmm
Ga2Cl2-FeSe-NM,P4mm
Ga2Br2-FeSe-NM,P4/nmm
Ga2I2-FeSe-NM,P4/nmm
Br2Ge2-FeSe-NM,P4/nmm
Ge2I2-FeSe-NM,P4/nmm
Rb2F2-FeSe-NM,P4/nmm
Rb2Cl2-FeSe-NM,P4/nmm
Rb2Br2-FeSe-NM,P4/nmm
Rb2I2-FeSe-NM,P4/nmm
Sr2F2-PbSe-NM,P4/nmm
Sr2Br2-FeSe-NM,P4mm
Sr2I2-FeSe-FM,P4/nmm
Y2F2-FeSe-NM,P4/nmm
Y2Cl2-FeSe-FM,P4/nmm
Y2Br2-FeSe-FM,P4/nmm
Y2I2-FeSe-FM,P4/nmm
Zr2F2-FeSe-NM,P4/nmm
Zr2Cl2-FeSe-NM,P4/nmm
Zr2Br2-FeSe-NM,P4/nmm
Zr2I2-FeSe-NM,P4/nmm
Nb2F2-FeSe-NM,P4/nmm
Nb2Cl2-FeSe-FM,P4/nmm
Nb2Cl2-FeSe-NM,P4/nmm
Nb2Cl2-FeSe-AFM,P4/nmm
Nb2I2-FeSe-FM,P4/nmm
Nb2I2-FeSe-NM,P4/nmm
Mo2F2-FeSe-AFM,P4/nmm
Mo2Cl2-FeSe-NM,P4/nmm
Mo2Cl2-FeSe-AFM,P4/nmm
Mo2Br2-FeSe-NM,P4/nmm
Mo2Br2-FeSe-AFM,P4/nmm
Mo2I2-FeSe-NM,P4/nmm
Mo2I2-FeSe-AFM,P4/nmm
Ru2F2-FeSe-NM,P4/nmm
Ru2Cl2-FeSe-NM,P4/nmm
Ru2Br2-FeSe-FM,P4/nmm
Ru2Br2-FeSe-NM,P4/nmm
Ru2I2-FeSe-NM,P4/nmm
Rh2F2-FeSe-FM,P4/nmm
Rh2Cl2-FeSe-FM,P4/nmm
Rh2Br2-FeSe-FM,P4/nmm
Rh2I2-FeSe-NM,P4/nmm
Pd2F2-FeSe-NM,P4/nmm
Pd2Cl2-FeSe-NM,P4/nmm
Pd2Br2-FeSe-FM,P4/nmm
Pd2Br2-FeSe-NM,P4/nmm
Pd2I2-FeSe-FM,P4/nmm
Ag2F2-FeSe-NM,P4/nmm
Ag2Cl2-FeSe-NM,P4/nmm
Ag2Br2-FeSe-NM,P4/nmm
Ag2I2-FeSe-NM,P4/nmm
Cd2F2-FeSe-NM,P4/nmm
Cd2Cl2-FeSe-NM,P4/nmm
Cd2Br2-FeSe-NM,P4/nmm
Cd2I2-FeSe-NM,P4/nmm
In2Cl2-FeSe-NM,P4/nmm
In2Br2-FeSe-NM,P4mm
In2I2-FeSe-NM,P4/nmm
Sn2Cl2-FeSe-NM,P4/nmm
Sn2Br2-FeSe-NM,P4/nmm
Sn2I2-FeSe-NM,P4/nmm
Cl2Sb2-FeSe-NM,P4/nmm
Br2Sb2-FeSe-NM,P4/nmm
I2Sb2-FeSe-NM,P4/nmm
Cs2F2-FeSe-NM,P4/nmm
Cs2Cl2-FeSe-NM,P4/nmm
Cs2Br2-FeSe-NM,P4/nmm
Ba2Cl2-FeSe-NM,P4mm
Ba2Br2-FeSe-NM,P4/nmm
Ba2I2-FeSe-NM,P4mm
Hf2F2-FeSe-NM,P4/nmm
Hf2Cl2-FeSe-NM,P4/nmm
Hf2Br2-FeSe-NM,P4/nmm
Hf2I2-FeSe-NM,P4/nmm
Ta2F2-FeSe-NM,P4/nmm
Ta2Cl2-FeSe-FM,P4/nmm
Ta2Cl2-FeSe-NM,P4/nmm
Ta2Br2-FeSe-NM,P4/nmm
Ta2I2-FeSe-NM,P4/nmm
W2F2-FeSe-NM,P4/nmm
W2Cl2-FeSe-NM,P4/nmm
W2Br2-FeSe-NM,P4/nmm
W2I2-FeSe-NM,P4/nmm
Re2F2-FeSe-NM,P4/nmm
Re2F2-FeSe-AFM,P4/nmm
Re2Cl2-FeSe-NM,P4/nmm
Re2Br2-FeSe-NM,P4/nmm
Re2I2-FeSe-NM,P4/nmm
Os2F2-FeSe-NM,P4/nmm
Os2Cl2-FeSe-NM,P4/nmm
Os2Br2-FeSe-NM,P4/nmm
Os2I2-FeSe-NM,P4/nmm
Ir2F2-FeSe-NM,P4/nmm
Ir2Cl2-FeSe-NM,P4/nmm
Ir2Br2-FeSe-NM,P4/nmm
Ir2I2-FeSe-NM,P4/nmm
Pt2F2-FeSe-FM,P4/nmm
Pt2F2-FeSe-NM,P4/nmm
Pt2Cl2-FeSe-NM,P4/nmm
Pt2Br2-FeSe-NM,P4/nmm
Pt2I2-FeSe-NM,P4/nmm
Au2Cl2-FeSe-NM,P4/nmm
Au2Br2-FeSe-NM,P4/nmm
Au2I2-FeSe-NM,P4/nmm
Hg2Cl2-FeSe-NM,P4/nmm
Hg2Br2-FeSe-NM,P4/nmm
Hg2I2-FeSe-FM,P4/nmm
Hg2I2-FeSe-NM,P4/nmm
Tl2Cl2-FeSe-NM,P4/nmm
Tl2Br2-FeSe-NM,P4/nmm
Tl2I2-FeSe-NM,P4/nmm
Pb2Cl2-FeSe-NM,P4/nmm
Pb2Br2-FeSe-NM,P4/nmm
Pb2I2-FeSe-NM,P4/nmm
Bi2Cl2-FeSe-NM,P4/nmm
Bi2Br2-FeSe-NM,P4/nmm
Bi2I2-FeSe-NM,P4/nmm
Ag2Te2-GaSe-NM,P1
Al2S2-GaSe-NM,C2
Al2Se2-GaSe-NM,C2
Al2Te2-GaSe-NM,C2/m
Au2S2-GaSe-NM,P1
Au2Se2-GaSe-NM,P-1
Au2Te2-GaSe-NM,P1
Bi2S2-GaSe-NM,P1
Bi2Se2-GaSe-NM,P1
Bi2Te2-GaSe-NM,P1
Co2S2-GaSe-NM,P1
Co2Se2-GaSe-FM,P1
Co2Se2-GaSe-NM,P1
Co2Te2-GaSe-FM,P1
Co2Te2-GaSe-NM,P1
Cu2Se2-GaSe-NM,P1
Cu2Te2-GaSe-FM,P1
Cu2Te2-GaSe-NM,P1
Fe2S2-GaSe-NM,Cm
Fe2Se2-GaSe-FM,C2/m
Fe2Se2-GaSe-NM,P1
Fe2Te2-GaSe-FM,P-1
Fe2Te2-GaSe-NM,P1
Ga2S2-GaSe-NM,C2/m
Ga2Se2-GaSe-NM,C2/m
Ga2Te2-GaSe-NM,C2/m
Hf2S2-GaSe-FM,P1
Hf2S2-GaSe-NM,P1
Hf2Se2-GaSe-FM,P1
Hf2Te2-GaSe-NM,Cm
In2S2-GaSe-NM,P1
In2Se2-GaSe-NM,P1
In2Te2-GaSe-NM,P1
Ir2S2-GaSe-NM,C2/m
Ir2Se2-GaSe-NM,C2/m
Ir2Te2-GaSe-NM,P1
Mn2S2-GaSe-FM,P-1
Mn2S2-GaSe-NM,P-1
Mn2Se2-GaSe-AFM,P1
Mn2Se2-GaSe-FM,P1
Mn2Te2-GaSe-AFM,P1
Mn2Te2-GaSe-FM,P1
Mo2Se2-CH-NM-2,P1
Nb2S2-GaSe-FM,P1
Nb2S2-GaSe-NM,P1
Nb2Se2-GaSe-FM,P1
Nb2Se2-GaSe-NM,P1
Nb2Te2-GaSe-NM,P1
Ni2S2-GaSe-FM,P1
Ni2S2-GaSe-NM,P1
Ni2Se2-GaSe-NM,P1
Ni2Te2-GaSe-NM,P1
Os2S2-GaSe-NM,P1
Os2Se2-GaSe-NM,P1
Os2Te2-GaSe-NM,P1
Pd2S2-GaSe-NM,P1
Pd2Se2-GaSe-NM,P1
Pd2Te2-GaSe-NM,P1
Pt2S2-GaSe-NM,P-1
Pt2Se2-GaSe-NM,P1
Pt2Te2-GaSe-NM,P-1
Rh2S2-GaSe-NM,P1
Rh2Se2-GaSe-NM,P1
Rh2Te2-GaSe-NM,P1
Ru2S2-GaSe-NM,P-1
Ru2Se2-GaSe-NM,P1
Ru2Te2-GaSe-NM,P1
S2Sb2-GaSe-NM,P1
Sb2Se2-GaSe-NM,P1
Sc2S2-GaSe-NM,P1
Sc2Se2-GaSe-NM,P1
Sc2Te2-GaSe-NM,P1
Ta2S2-GaSe-FM,P-1
Ta2S2-GaSe-NM,P-1
Ta2Se2-GaSe-NM,Cm
Ti2S2-GaSe-FM,P1
Ti2S2-GaSe-NM,P1
Ti2Se2-GaSe-FM,P1
Ti2Te2-GaSe-NM,P1
Tl2S2-GaSe-NM,P1
Tl2Se2-GaSe-NM,P1
Tl2Te2-GaSe-NM,P1
V2S2-GaSe-AFM,P-1
V2S2-GaSe-NM,P-1
V2Se2-GaSe-NM,P1
V2Te2-GaSe-NM,P1
W2S2-GaSe-NM,P1
W2Se2-CH-NM-2,P1
W2Te2-GaSe-NM,P1
Zr2S2-GaSe-NM,P1
Zr2Se2-GaSe-NM,P1
Zr2Te2-GaSe-NM,P1
VI2-GeS2-FM,P-4m2
CrS2-GeS2-FM,P-4m2
CrSe2-GeS2-FM,P-4m2
CrF2-GeS2-FM,P-4m2
CrCl2-GeS2-FM,P-4m2
CrI2-GeS2-FM,P-4m2
MnO2-GeS2-FM,P-4m2
MnSe2-GeS2-FM,P-4m2
MnTe2-GeS2-FM,P-4m2
MnCl2-GeS2-FM,P-4m2
MnBr2-GeS2-FM,P-4m2
FeO2-GeS2-NM,P-4m2
FeS2-GeS2-NM,P-4m2
FeTe2-GeS2-FM,P-4m2
FeF2-GeS2-NM,P-4m2
FeBr2-GeS2-FM,P-4m2
FeI2-GeS2-FM,P-4m2
CoS2-GeS2-NM,P-4m2
CoSe2-GeS2-NM,P-4m2
CoF2-GeS2-FM,P-4m2
CoCl2-GeS2-FM,P-4m2
CoI2-GeS2-FM,P-4m2
NiO2-GeS2-FM,P-4m2
NiSe2-GeS2-FM,P-4m2
NiSe2-GeS2-NM,P-4m2
NiTe2-GeS2-FM,P-4m2
NiTe2-GeS2-NM,P-4m2
NiCl2-GeS2-NM,P-4m2
NiBr2-GeS2-FM,P-4m2
CuO2-GeS2-FM,Pmm2
CuS2-GeS2-NM,P-4m2
CuTe2-GeS2-NM,P-4m2
CuF2-GeS2-NM,Pmm2
CuBr2-GeS2-NM,P-4m2
CuI2-GeS2-NM,P-4m2
ZnS2-GeS2-NM,P-4m2
ZnSe2-GeS2-NM,P-4m2
ZnF2-GeS2-NM,P-4m2
ZnCl2-GeS2-NM,P-4m2
ZnI2-GeS2-NM,P-4m2
GaO2-GeS2-FM,Pmm2
GaSe2-GeS2-NM,P-4m2
GaF2-GeS2-NM,P-4m2
GaBr2-GeS2-NM,P-4m2
GeS2-GeS2-NM,P-4m2
GeSe2-GeS2-NM,P-4m2
Cl2Ge-GeS2-NM,P-4m2
GeI2-GeS2-NM,P-4m2
RbS2-GeS2-NM,Pmm2
RbTe2-GeS2-NM,Pmm2
RbI2-Undefined-NM,Pmm2
GaTe2-GeS2-NM,P-4m2
GaCl2-GeS2-NM,P-4m2
GeO2-GeS2-NM,P-4m2
GeTe2-GeS2-NM,P-4m2
F2Ge-GeS2-NM,P-4m2
Br2Ge-GeS2-NM,P-4m2
RbSe2-GeS2-NM,Pmm2
KS2-GeS2-NM,Pmm2
KSe2-GeS2-NM,Pmm2
KTe2-GeS2-NM,Pmm2
KI2-Undefined-NM,Pmm2
CaS2-GeS2-NM,Pmm2
CaSe2-GeS2-NM,Pmm2
CaTe2-GeS2-NM,P-4m2
CaF2-GeS2-NM,P-4m2
CaCl2-GeS2-NM,P-4m2
CaBr2-GeS2-NM,P-4m2
CaI2-GeS2-NM,P-4m2
ScS2-GeS2-NM,P-4m2
ScSe2-GeS2-NM,P-4m2
ScTe2-GeS2-NM,P-4m2
ScF2-GeS2-FM,P-4m2
ScF2-GeS2-NM,P-4m2
ScCl2-GeS2-FM,P-4m2
ScBr2-GeS2-FM,P-4m2
ScI2-GeS2-FM,P-4m2
TiO2-GeS2-NM,P-4m2
TiS2-GeS2-NM,P-4m2
TiSe2-GeS2-NM,P-4m2
TiTe2-GeS2-NM,P-4m2
TiF2-GeS2-FM,P-4m2
TiF2-GeS2-NM,P-4m2
TiCl2-GeS2-FM,P-4m2
TiBr2-GeS2-FM,P-4m2
TiI2-GeS2-FM,P-4m2
VO2-GeS2-FM,P-4m2
VS2-GeS2-FM,P-4m2
VSe2-GeS2-FM,P-4m2
VTe2-GeS2-FM,P-4m2
VF2-GeS2-NM,P-4m2
VCl2-GeS2-FM,P-4m2
VBr2-GeS2-FM,P-4m2
CrO2-GeS2-FM,P-4m2
CrTe2-GeS2-FM,P-4m2
CrBr2-GeS2-FM,P-4m2
MnS2-GeS2-FM,P-4m2
MnS2-GeS2-NM,P-4m2
MnF2-GeS2-FM,P-4m2
MnI2-GeS2-FM,P-4m2
FeSe2-GeS2-NM,P-4m2
FeCl2-GeS2-FM,P-4m2
CoO2-GeS2-NM,P-4m2
CoTe2-GeS2-NM,P-4m2
CoBr2-GeS2-FM,P-4m2
NiS2-GeS2-FM,P-4m2
NiS2-GeS2-NM,P-4m2
NiF2-GeS2-FM,P-4m2
NiI2-GeS2-FM,P-4m2
CuSe2-GeS2-NM,P-4m2
CuCl2-GeS2-FM,P-4m2
CuCl2-GeS2-NM,P-4m2
ZnTe2-GeS2-NM,P-4m2
ZnBr2-GeS2-NM,P-4m2
GaS2-GeS2-NM,P-4m2
GaI2-GeS2-NM,P-4m2
SrSe2-GeS2-NM,Pmm2
SrTe2-GeS2-NM,Pmm2
SrF2-GeS2-NM,P-4m2
SrCl2-GeS2-NM,P-4m2
SrBr2-GeS2-NM,P-4m2
SrI2-GeS2-NM,P-4m2
YS2-GeS2-FM,P-4m2
YSe2-GeS2-NM,P-4m2
YTe2-GeS2-NM,Pmm2
YF2-GeS2-FM,P-4m2
YF2-GeS2-NM,P-4m2
YCl2-GeS2-FM,P-4m2
YCl2-GeS2-NM,P-4m2
YBr2-GeS2-FM,P-4m2
YI2-GeS2-FM,P-4m2
ZrO2-GeS2-NM,P-4m2
ZrS2-GeS2-NM,P-4m2
ZrSe2-GeS2-NM,P-4m2
ZrTe2-GeS2-NM,P-4m2
ZrF2-GeS2-NM,P-4m2
ZrCl2-GeS2-NM,P-4m2
ZrBr2-GeS2-NM,P-4m2
ZrI2-GeS2-FM,P-4m2
NbO2-GeS2-FM,P-4m2
NbS2-GeS2-NM,P-4m2
NbSe2-GeS2-FM,P-4m2
NbSe2-GeS2-NM,P-4m2
NbTe2-GeS2-FM,P-4m2
NbF2-GeS2-NM,P-4m2
NbCl2-GeS2-NM,P-4m2
NbBr2-GeS2-NM,P-4m2
NbI2-GeS2-FM,P-4m2
NbI2-GeS2-NM,P-4m2
MoO2-GeS2-NM,P-4m2
MoS2-GeS2-NM,P-4m2
MoSe2-GeS2-FM,P-4m2
MoSe2-GeS2-NM,P-4m2
MoTe2-GeS2-FM,P-4m2
MoTe2-GeS2-NM,P-4m2
MoF2-GeS2-NM,P-4m2
MoCl2-GeS2-NM,P-4m2
MoBr2-GeS2-NM,P-4m2
MoI2-GeS2-FM,P-4m2
RuO2-GeS2-NM,P-4m2
RuS2-GeS2-NM,P-4m2
RuSe2-GeS2-NM,P-4m2
RuTe2-GeS2-NM,P-4m2
RuF2-GeS2-NM,P-4m2
RuCl2-GeS2-NM,P-4m2
RuBr2-GeS2-NM,P-4m2
RuI2-GeS2-NM,P-4m2
RhO2-GeS2-NM,Pmm2
RhS2-GeS2-NM,P-4m2
RhSe2-GeS2-NM,P-4m2
RhTe2-GeS2-NM,P-4m2
RhF2-GeS2-FM,P-4m2
RhCl2-GeS2-NM,P-4m2
RhBr2-GeS2-NM,P-4m2
RhI2-GeS2-NM,P-4m2
PdO2-GeS2-NM,P-4m2
PdS2-GeS2-NM,P-4m2
PdSe2-GeS2-NM,P-4m2
PdTe2-GeS2-NM,P-4m2
PdF2-GeS2-FM,P-4m2
PdCl2-GeS2-NM,P-4m2
PdBr2-GeS2-NM,P-4m2
PdI2-GeS2-NM,P-4m2
AgO2-GeS2-FM,P-4m2
AgS2-GeS2-NM,P-4m2
AgSe2-GeS2-NM,P-4m2
AgTe2-GeS2-NM,P-4m2
AgF2-Undefined-NM,P-4m2
AgCl2-GeS2-NM,P-4m2
AgBr2-GeS2-NM,P-4m2
AgI2-GeS2-NM,P-4m2
CdS2-GeS2-NM,Pmm2
CdSe2-GeS2-NM,Pmm2
CdTe2-GeS2-NM,P-4m2
CdF2-GeS2-NM,P-4m2
CdCl2-GeS2-NM,P-4m2
CdBr2-GeS2-NM,P-4m2
CdI2-GeS2-NM,P-4m2
InS2-GeS2-NM,P-4m2
InSe2-GeS2-NM,P-4m2
InTe2-GeS2-NM,P-4m2
InF2-GeS2-NM,P-4m2
InCl2-GeS2-NM,P-4m2
InBr2-GeS2-NM,P-4m2
InI2-GeS2-NM,P-4m2
SnO2-GeS2-NM,P-4m2
SnS2-GeS2-NM,P-4m2
SnSe2-GeS2-NM,P-4m2
SnTe2-GeS2-NM,P-4m2
SnF2-GeS2-NM,P-4m2
SnCl2-GeS2-NM,P-4m2
SnBr2-GeS2-NM,P-4m2
SnI2-GeS2-NM,P-4m2
O2Sb-GeS2-NM,P-4m2
S2Sb-GeS2-NM,P-4m2
SbSe2-GeS2-NM,P-4m2
SbTe2-GeS2-NM,P-4m2
F2Sb-GeS2-NM,P-4m2
Cl2Sb-GeS2-NM,P-4m2
Br2Sb-GeS2-FM,P-4m2
Br2Sb-GeS2-NM,P-4m2
I2Sb-GeS2-FM,P-4m2
CsO2-GeS2-NM,Pmm2
CsF2-Undefined-FM,Pmm2
BaTe2-GeS2-NM,Pmm2
BaF2-GeS2-NM,P-4m2
BaCl2-GeS2-NM,P-4m2
BaBr2-GeS2-NM,P-4m2
BaI2-GeS2-NM,P-4m2
HfO2-GeS2-NM,P-4m2
HfS2-GeS2-NM,P-4m2
HfSe2-GeS2-NM,P-4m2
HfTe2-GeS2-NM,P-4m2
HfF2-GeS2-NM,P-4m2
HfCl2-GeS2-NM,P-4m2
HfBr2-GeS2-NM,P-4m2
HfI2-GeS2-NM,P-4m2
TaO2-GeS2-FM,P-4m2
TaS2-GeS2-NM,P-4m2
TaSe2-GeS2-FM,P-4m2
TaSe2-GeS2-NM,P-4m2
TaTe2-GeS2-FM,P-4m2
TaTe2-GeS2-NM,P-4m2
TaF2-GeS2-NM,P-4m2
TaCl2-GeS2-NM,P-4m2
TaBr2-GeS2-NM,P-4m2
TaI2-GeS2-FM,P-4m2
TaI2-GeS2-NM,P-4m2
WO2-GeS2-NM,P-4m2
WS2-GeS2-NM,P-4m2
WSe2-GeS2-NM,P-4m2
WTe2-GeS2-NM,P-4m2
WF2-GeS2-FM,P-4m2
WF2-GeS2-NM,P-4m2
WCl2-GeS2-NM,P-4m2
WBr2-GeS2-NM,P-4m2
WI2-GeS2-NM,P-4m2
ReO2-GeS2-NM,P-4m2
ReS2-GeS2-NM,P-4m2
ReSe2-GeS2-NM,P-4m2
ReTe2-GeS2-NM,P-4m2
ReF2-GeS2-NM,P-4m2
ReCl2-GeS2-NM,P-4m2
ReBr2-GeS2-FM,P-4m2
ReBr2-GeS2-NM,P-4m2
ReI2-GeS2-FM,P-4m2
OsO2-GeS2-NM,P-4m2
OsS2-GeS2-NM,P-4m2
OsSe2-GeS2-NM,P-4m2
OsTe2-GeS2-NM,P-4m2
OsF2-GeS2-FM,P-4m2
OsF2-GeS2-NM,P-4m2
OsCl2-GeS2-NM,P-4m2
OsBr2-GeS2-NM,P-4m2
OsI2-GeS2-NM,P-4m2
IrO2-GeS2-NM,P-4m2
IrS2-GeS2-NM,P-4m2
IrSe2-GeS2-NM,P-4m2
IrTe2-GeS2-NM,P-4m2
IrF2-GeS2-FM,P-4m2
IrCl2-GeS2-NM,P-4m2
IrBr2-GeS2-NM,P-4m2
IrI2-GeS2-NM,P-4m2
PtO2-GeS2-NM,P-4m2
PtS2-GeS2-NM,P-4m2
PtSe2-GeS2-NM,P-4m2
PtTe2-GeS2-NM,P-4m2
PtF2-GeS2-FM,P-4m2
PtCl2-GeS2-NM,P-4m2
PtBr2-GeS2-NM,P-4m2
PtI2-GeS2-NM,P-4m2
AuO2-GeS2-NM,P-4m2
AuS2-GeS2-NM,P-4m2
AuSe2-GeS2-NM,P-4m2
AuTe2-GeS2-NM,P-4m2
AuF2-GeS2-FM,P-4m2
AuF2-GeS2-NM,P-4m2
AuCl2-GeS2-NM,P-4m2
AuBr2-GeS2-NM,P-4m2
AuI2-GeS2-NM,P-4m2
HgO2-GeS2-NM,Pmm2
HgS2-GeS2-NM,P-4m2
HgSe2-GeS2-NM,P-4m2
HgTe2-GeS2-NM,P-4m2
HgF2-GeS2-NM,P-4m2
HgCl2-GeS2-NM,P-4m2
HgBr2-GeS2-NM,P-4m2
HgI2-GeS2-NM,P-4m2
TlS2-GeS2-NM,P-4m2
TlSe2-GeS2-NM,P-4m2
TlTe2-GeS2-NM,P-4m2
TlF2-GeS2-NM,P-4m2
TlCl2-GeS2-NM,P-4m2
TlBr2-GeS2-NM,P-4m2
TlI2-GeS2-NM,P-4m2
PbO2-GeS2-NM,P-4m2
PbS2-GeS2-NM,P-4m2
PbSe2-GeS2-NM,P-4m2
PbTe2-GeS2-NM,P-4m2
PbF2-GeS2-NM,P-4m2
PbCl2-GeS2-NM,P-4m2
PbBr2-GeS2-NM,P-4m2
PbI2-GeS2-NM,P-4m2
BiO2-GeS2-NM,P-4m2
BiS2-GeS2-NM,P-4m2
BiSe2-GeS2-NM,P-4m2
BiTe2-GeS2-NM,P-4m2
BiF2-GeS2-NM,P-4m2
BiCl2-GeS2-NM,P-4m2
BiBr2-GeS2-FM,P-4m2
BiBr2-GeS2-NM,P-4m2
BiI2-GeS2-FM,P-4m2
Cd2P2S6-MnPSe3-NM,P1
Sc2P2S6-ScPSe3-NM,P1
Sc2P2Te6-MnPSe3-NM,P1
Ti2P2S6-MnPSe3-FM,P1
Ti2P2S6-MnPSe3-NM,P1
Ti2P2S6-MnPSe3-AFM,P-1
Ti2P2Se6-MnPSe3-FM,P1
Ti2P2Se6-MnPSe3-AFM,P1
Ti2P2Te6-MnPSe3-FM,P1
Ti2P2Te6-MnPSe3-AFM,P1
V2P2Se6-VPSe3-FM,P1
V2P2Se6-MnPSe3-AFM,P1
V2P2Te6-Undefined-FM,P1
V2P2Te6-MnPSe3-AFM,P-1
Cr2P2S6-MnPSe3-FM,P1
Cr2P2S6-MnPSe3-AFM,P1
Cr2P2Se6-ScPSe3-FM,P1
Cr2P2Se6-ScPSe3-AFM,P1
Cr2P2Te6-MnPSe3-FM,P1
Cr2P2Te6-MnPSe3-AFM,P1
Mn2P2S6-MnPSe3-FM,P1
Mn2P2Se6-MnPSe3-FM,P1
Mn2P2Se6-MnPSe3-AFM,P1
Mn2P2Te6-MnPSe3-FM,P1
Mn2P2Te6-Undefined-AFM,P-1
Fe2P2S6-MnPSe3-NM,P1
Fe2P2Se6-MnPSe3-NM,P1
Fe2P2Te6-MnPSe3-NM,P1
Co2P2Se6-MnPSe3-NM,P1
Co2P2Te6-MnPSe3-NM,P1
Ni2P2S6-MnPSe3-FM,P-1
Ni2P2S6-MnPSe3-AFM,P-1
Ni2P2Se6-MnPSe3-FM,P1
Ni2P2Se6-MnPSe3-AFM,P1
Cu2P2Se6-MnPSe3-NM,P1
Ir2P2Te6-MnPSe3-NM,P1
Zn2P2Se6-MnPSe3-NM,P1
Zn2P2Te6-MnPSe3-NM,P1
Zr2P2S6-Undefined-NM,P1
Zr2P2Se6-Undefined-NM,P1
Zr2P2Te6-Undefined-NM,P1
Nb2P2S6-MnPSe3-NM,P1
Nb2P2S6-MnPSe3-AFM,P1
Nb2P2Se6-Undefined-NM,P1
Mo2P2S6-Undefined-NM,P1
Mo2P2Se6-Undefined-NM,P1
Mo2P2Te6-Undefined-NM,P1
Ru2P2S6-MnPSe3-NM,P1
Ru2P2Se6-MnPSe3-NM,P1
Ru2P2Te6-MnPSe3-NM,P1
Rh2P2Se6-MnPSe3-NM,P1
Rh2P2Te6-MnPSe3-NM,P1
Pd2P2S6-MnPSe3-NM,P1
Pd2P2Se6-MnPSe3-NM,P1
Pd2P2Te6-MnPSe3-NM,P1
Hg2P2Se6-MnPSe3-NM,P1
Co2P2S6-MnPSe3-NM,P1
Rh2P2S6-MnPSe3-NM,P1
Cd2P2Se6-MnPSe3-NM,P1
Hf2P2S6-Undefined-NM,P1
Hf2P2Se6-Undefined-NM,P1
Hf2P2Te6-Undefined-NM,P1
Ta2P2S6-Undefined-NM,P1
Ta2P2Se6-Undefined-NM,P1
W2P2S6-Undefined-NM,P1
W2P2Se6-Undefined-NM,P1
W2P2Te6-Undefined-NM,P1
Os2P2S6-ScPSe3-NM,P1
Os2P2Se6-MnPSe3-NM,P1
Os2P2Te6-MnPSe3-NM,P1
Ir2P2S6-MnPSe3-NM,P1
Ir2P2Se6-MnPSe3-NM,P1
Pt2P2S6-MnPSe3-NM,P1
Pt2P2Se6-Undefined-NM,P1
Pt2P2Te6-MnPSe3-NM,P1
Hg2P2S6-MnPSe3-NM,P1
Cu2P2S6-MnPSe3-FM,P1
Cu2P2S6-MnPSe3-NM,P1
Cd2P2Te6-MnPSe3-NM,P1
Ge2P2Te6-Undefined-NM,P1
Cu2P2Te6-MnPSe3-NM,P1
Ga2P2Se6-MnPSe3-NM,P1
Ga2P2Te6-Undefined-NM,P1
Ge2P2S6-MnPSe3-NM,P1
Ge2P2Se6-MnPSe3-NM,P1
In2P2S6-Undefined-NM,P1
In2P2Se6-MnPSe3-NM,P1
In2P2Te6-MnPSe3-NM,P1
Sn2P2S6-MnPSe3-NM,P1
Sn2P2Se6-MnPSe3-NM,P1
Sn2P2Te6-MnPSe3-NM,P1
P2Sb2Se6-ScPSe3-NM,P1
Tl2P2S6-MnPSe3-NM,P1
Tl2P2Se6-MnPSe3-NM,P1
Tl2P2Te6-MnPSe3-NM,P1
Pb2P2S6-MnPSe3-NM,P1
Pb2P2Se6-MnPSe3-NM,P1
Bi2P2S6-VPSe3-NM,P1
Bi2P2Se6-ScPSe3-NM,P1
Bi2P2Te6-ScPSe3-NM,P1
Ag2P2S6-MnPSe3-NM,P1
Ag2P2Se6-MnPSe3-NM,P1
Ag2P2Te6-MnPSe3-NM,P1
Al2P2S6-ScPSe3-NM,P1
Al2P2Se6-ScPSe3-NM,P1
Al2P2Te6-MnPSe3-NM,P1
Au2P2S6-Undefined-NM,P1
Au2P2Se6-Undefined-NM,P1
Au2P2Te6-MnPSe3-NM,P1
Sc2P2Se6-ScPSe3-NM,P1
Nb2P2Te6-Undefined-NM,P1
P2Sb2Te6-ScPSe3-NM,P1
V2P2S6-MnPSe3-FM,P-1
V2P2S6-MnPSe3-AFM,P-1
Zn2P2S6-MnPSe3-NM,P1
Ta2P2Te6-Undefined-NM,P1
Pb2P2Te6-MnPSe3-NM,P1
Hg2P2Te6-MnPSe3-NM,P1
Ni2P2Te6-MnPSe3-FM,P1
Ni2P2Te6-MnPSe3-NM,P1
AgBr2-CdI2-FM,P-3m1
AgBr2-CdI2-NM,P-3m1
AgCl2-CdI2-FM,P-3m1
AgI2-CdI2-NM,P-3m1
AlBr2-CdI2-FM,P-3m1
AlBr2-CdI2-NM,P-3m1
AlCl2-CdI2-FM,P-3m1
AlCl2-CdI2-NM,P-3m1
AlI2-CdI2-NM,P-3m1
AuBr2-CdI2-FM,P-3m1
AuBr2-CdI2-NM,P-3m1
AuCl2-CdI2-FM,P-3m1
AuCl2-CdI2-NM,P-3m1
AuI2-CdI2-FM,P-3m1
AuI2-CdI2-NM,P-3m1
BaBr2-CdI2-NM,P-3m1
BaCl2-CdI2-NM,P-3m1
BaI2-CdI2-NM,P-3m1
CaBr2-CdI2-NM,P-3m1
CaCl2-CdI2-NM,P-3m1
CaI2-CdI2-NM,P-3m1
CdBr2-CdI2-NM,P-3m1
CdCl2-CdI2-NM,P-3m1
CdI2-CdI2-NM,P-3m1
CoBr2-CdI2-FM,P-3m1
CoCl2-CdI2-FM,P-3m1
CoI2-CdI2-FM,P-3m1
CrBr2-CdI2-FM,P-3m1
CrCl2-CdI2-FM,P-3m1
CrI2-CdI2-FM,P-3m1
CuBr2-CdI2-FM,P-3m1
CuCl2-CdI2-FM,P-3m1
CuI2-CdI2-NM,P-3m1
FeBr2-CdI2-NM,P-3m1
FeCl2-CdI2-NM,P-3m1
FeI2-CdI2-NM,P-3m1
GaBr2-CdI2-NM,P-3m1
GaCl2-CdI2-FM,P-3m1
GaCl2-CdI2-NM,P-3m1
GaI2-CdI2-NM,P-3m1
Br2Ge-CdI2-NM,P-3m1
Cl2Ge-CdI2-NM,P-3m1
GeI2-CdI2-NM,P-3m1
HfBr2-CdI2-NM,P-3m1
HfCl2-CdI2-NM,P-3m1
HfI2-CdI2-NM,P-3m1
HgBr2-CdI2-NM,P-3m1
HgCl2-CdI2-NM,P-3m1
HgI2-CdI2-NM,P-3m1
InBr2-CdI2-NM,P-3m1
InCl2-CdI2-NM,P-3m1
InI2-CdI2-NM,P-3m1
IrBr2-CdI2-FM,P-3m1
IrBr2-CdI2-NM,P-3m1
IrCl2-CdI2-FM,P-3m1
IrI2-CdI2-NM,P-3m1
MgBr2-CdI2-NM,P-3m1
MgCl2-CdI2-NM,P-3m1
MgI2-CdI2-NM,P-3m1
MnBr2-CdI2-FM,P-3m1
MnCl2-CdI2-FM,P-3m1
MnI2-CdI2-FM,P-3m1
MoBr2-CdI2-NM,P-3m1
MoCl2-CdI2-NM,P-3m1
MoI2-CdI2-FM,P-3m1
NbBr2-CdI2-NM,P-3m1
NbCl2-CdI2-NM,P-3m1
NbI2-CdI2-NM,P-3m1
NiBr2-CdI2-FM,P-3m1
NiCl2-CdI2-FM,P-3m1
NiI2-CdI2-FM,P-3m1
OsBr2-CdI2-NM,P-3m1
OsCl2-CdI2-NM,P-3m1
OsI2-CdI2-NM,P-3m1
PbBr2-CdI2-NM,P-3m1
PbCl2-CdI2-NM,P-3m1
PbI2-CdI2-NM,P-3m1
PdBr2-CdI2-FM,P-3m1
PdCl2-CdI2-FM,P-3m1
PdI2-CdI2-NM,P-3m1
PtBr2-CdI2-FM,P-3m1
PtCl2-CdI2-FM,P-3m1
PtI2-CdI2-FM,P-3m1
PtI2-CdI2-NM,P-3m1
ReBr2-CdI2-FM,P-3m1
ReCl2-CdI2-NM,P-3m1
ReI2-CdI2-FM,P-3m1
RhBr2-CdI2-FM,P-3m1
RhCl2-CdI2-FM,P-3m1
RhI2-CdI2-FM,P-3m1
RhI2-CdI2-NM,P-3m1
RuBr2-CdI2-NM,P-3m1
RuCl2-CdI2-NM,P-3m1
RuI2-CdI2-NM,P-3m1
ScBr2-CdI2-NM,P-3m1
ScCl2-CdI2-NM,P-3m1
ScI2-CdI2-NM,P-3m1
SnBr2-CdI2-NM,P-3m1
SnCl2-CdI2-NM,P-3m1
SnI2-CdI2-NM,P-3m1
SrBr2-CdI2-NM,P-3m1
SrCl2-CdI2-NM,P-3m1
SrI2-CdI2-NM,P-3m1
TaBr2-CdI2-NM,P-3m1
TaCl2-CdI2-NM,P-3m1
TaI2-CdI2-NM,P-3m1
TiBr2-CdI2-FM,P-3m1
TiCl2-CdI2-NM,P-3m1
TiI2-CdI2-FM,P-3m1
TlBr2-CdI2-NM,P-3m1
TlCl2-CdI2-NM,P-3m1
TlI2-CdI2-NM,P-3m1
VBr2-CdI2-FM,P-3m1
VCl2-CdI2-FM,P-3m1
VI2-CdI2-FM,P-3m1
WBr2-CdI2-NM,P-3m1
WCl2-CdI2-NM,P-3m1
WI2-CdI2-NM,P-3m1
YBr2-CdI2-NM,P-3m1
YCl2-CdI2-NM,P-3m1
YI2-CdI2-NM,P-3m1
ZnBr2-CdI2-NM,P-3m1
ZnCl2-CdI2-NM,P-3m1
ZnI2-CdI2-NM,P-3m1
ZrBr2-CdI2-NM,P-3m1
ZrCl2-CdI2-NM,P-3m1
ZrI2-CdI2-NM,P-3m1
SbTe2-CdI2-NM,P-3m1
Br2Sb-CdI2-NM,P-3m1
MoSb2-CdI2-NM,P-3m1
Cl2Sb-CdI2-NM,P-3m1
NbAs2-CdI2-NM,P-3m1
Bi2Nb-CdI2-NM,P-3m1
I2Sb-CdI2-FM,P-3m1
I2Sb-CdI2-NM,P-3m1
SbSe2-CdI2-NM,P-3m1
MoAs2-CdI2-NM,P-3m1
NbSb2-CdI2-NM,P-3m1
AsBr2-CdI2-NM,P-3m1
AsCl2-CdI2-FM,P-3m1
AsCl2-CdI2-NM,P-3m1
AsI2-CdI2-NM,P-3m1
AsSe2-CdI2-NM,P-3m1
AsS2-CdI2-NM,P-3m1
AsTe2-CdI2-NM,P-3m1
BiBr2-CdI2-NM,P-3m1
BiCl2-CdI2-NM,P-3m1
BiI2-CdI2-FM,P-3m1
BiI2-CdI2-NM,P-3m1
BiSe2-CdI2-NM,P-3m1
BiS2-CdI2-NM,P-3m1
BiTe2-CdI2-NM,P-3m1
CrAs2-CdI2-FM,P-3m1
CrAs2-CdI2-NM,P-3m1
Bi2Cr-CdI2-FM,P-3m1
CrSb2-CdI2-FM,P-3m1
HfAs2-CdI2-NM,P-3m1
Bi2Hf-CdI2-NM,P-3m1
HfSb2-CdI2-NM,P-3m1
Bi2Mo-CdI2-NM,P-3m1
S2Sb-CdI2-NM,P-3m1
TaAs2-CdI2-NM,P-3m1
Bi2Ta-CdI2-NM,P-3m1
TaSb2-CdI2-NM,P-3m1
TiAs2-CdI2-NM,P-3m1
Bi2Ti-CdI2-NM,P-3m1
TiSb2-CdI2-NM,P-3m1
VAs2-CdI2-NM,P-3m1
Bi2V-CdI2-FM,P-3m1
Bi2V-CdI2-NM,P-3m1
VSb2-CdI2-NM,P-3m1
WAs2-CdI2-NM,P-3m1
Bi2W-CdI2-NM,P-3m1
WSb2-CdI2-NM,P-3m1
ZrAs2-CdI2-NM,P-3m1
Bi2Zr-CdI2-NM,P-3m1
ZrSb2-CdI2-NM,P-3m1
AgBr2-MoS2-FM,P-6m2
AgCl2-MoS2-FM,P-6m2
AgI2-MoS2-NM,P-6m2
AlCl2-MoS2-FM,P-6m2
AlI2-MoS2-NM,P-6m2
AuBr2-MoS2-FM,P-6m2
AuBr2-MoS2-NM,P-6m2
AuCl2-MoS2-FM,P-6m2
AuCl2-MoS2-NM,P-6m2
AuI2-MoS2-FM,P-6m2
BaBr2-MoS2-NM,P-6m2
BaCl2-MoS2-NM,P-6m2
BaI2-MoS2-NM,P-6m2
Br2Ge-MoS2-NM,P-6m2
CaBr2-MoS2-NM,P-6m2
CaCl2-MoS2-NM,P-6m2
CaI2-MoS2-NM,P-6m2
CdBr2-MoS2-NM,P-6m2
CdCl2-MoS2-NM,P-6m2
CdI2-MoS2-NM,P-6m2
Cl2Ge-MoS2-NM,P-6m2
CoBr2-MoS2-FM,P-6m2
CoCl2-MoS2-FM,P-6m2
CoI2-MoS2-FM,P-6m2
CrBr2-MoS2-FM,P-6m2
CrCl2-MoS2-FM,P-6m2
CrI2-MoS2-FM,P-6m2
CuBr2-MoS2-FM,P-6m2
CuCl2-MoS2-FM,P-6m2
CuI2-MoS2-FM,P-6m2
CuI2-MoS2-NM,P-6m2
FeBr2-MoS2-FM,P-6m2
FeCl2-MoS2-FM,P-6m2
FeI2-MoS2-FM,P-6m2
GaBr2-MoS2-NM,P-6m2
GaCl2-MoS2-FM,P-6m2
GaCl2-MoS2-NM,P-6m2
GaI2-MoS2-NM,P-6m2
HfBr2-MoS2-NM,P-6m2
HfCl2-MoS2-NM,P-6m2
HfI2-MoS2-NM,P-6m2
HgBr2-MoS2-NM,P-6m2
HgCl2-MoS2-NM,P-6m2
HgI2-MoS2-NM,P-6m2
InBr2-MoS2-FM,P-6m2
InBr2-MoS2-NM,P-6m2
InCl2-MoS2-NM,P-6m2
InI2-MoS2-NM,P-6m2
IrBr2-MoS2-NM,P-6m2
IrCl2-MoS2-FM,P-6m2
IrCl2-MoS2-NM,P-6m2
IrI2-MoS2-NM,P-6m2
MgBr2-MoS2-NM,P-6m2
MgCl2-MoS2-NM,P-6m2
MgI2-MoS2-NM,P-6m2
MnBr2-MoS2-FM,P-6m2
MnCl2-MoS2-FM,P-6m2
MnI2-MoS2-FM,P-6m2
MoBr2-MoS2-FM,P-6m2
MoBr2-MoS2-NM,P-6m2
MoCl2-MoS2-FM,P-6m2
MoCl2-MoS2-NM,P-6m2
MoI2-MoS2-FM,P-6m2
NbBr2-MoS2-NM,P-6m2
NbCl2-MoS2-NM,P-6m2
NbI2-MoS2-NM,P-6m2
NiBr2-MoS2-FM,P-6m2
NiCl2-MoS2-FM,P3m1
NiI2-MoS2-FM,P-6m2
OsBr2-MoS2-FM,P-6m2
OsCl2-MoS2-FM,P-6m2
OsI2-MoS2-FM,P-6m2
OsI2-MoS2-NM,P-6m2
PbBr2-MoS2-NM,P-6m2
PbCl2-MoS2-NM,P-6m2
PbI2-MoS2-NM,P-6m2
PdBr2-MoS2-NM,P-6m2
PdCl2-MoS2-FM,P-6m2
PdI2-MoS2-NM,P-6m2
PtBr2-MoS2-NM,P-6m2
PtCl2-MoS2-FM,P-6m2
PtCl2-MoS2-NM,P-6m2
PtI2-MoS2-NM,P-6m2
ReBr2-MoS2-FM,P-6m2
ReCl2-MoS2-FM,P-6m2
ReI2-MoS2-FM,P-6m2
RhBr2-MoS2-FM,P-6m2
RhCl2-MoS2-FM,P-6m2
RhI2-MoS2-FM,P-6m2
RhI2-MoS2-NM,P-6m2
RuBr2-MoS2-FM,P-6m2
RuCl2-MoS2-FM,P-6m2
RuI2-MoS2-FM,P-6m2
ScBr2-MoS2-FM,P-6m2
ScCl2-MoS2-FM,P-6m2
ScI2-MoS2-FM,P-6m2
SnBr2-MoS2-NM,P-6m2
SnCl2-MoS2-NM,P-6m2
SnI2-MoS2-NM,P-6m2
SrBr2-MoS2-NM,P-6m2
SrCl2-MoS2-NM,P-6m2
SrI2-MoS2-NM,P-6m2
TaBr2-MoS2-NM,P-6m2
TaCl2-MoS2-NM,P-6m2
TaI2-MoS2-NM,P-6m2
TiBr2-MoS2-NM,P-6m2
TiCl2-MoS2-NM,P-6m2
TiI2-MoS2-NM,P-6m2
TlBr2-MoS2-NM,P-6m2
TlCl2-MoS2-FM,P-6m2
TlCl2-MoS2-NM,P-6m2
TlI2-MoS2-NM,P-6m2
VBr2-MoS2-FM,P-6m2
VCl2-MoS2-FM,P-6m2
VI2-MoS2-FM,P-6m2
WBr2-MoS2-NM,P-6m2
WCl2-MoS2-NM,P-6m2
WI2-MoS2-NM,P-6m2
YBr2-MoS2-FM,P-6m2
YCl2-MoS2-FM,P-6m2
YI2-MoS2-FM,P-6m2
ZnBr2-MoS2-NM,P-6m2
ZnCl2-MoS2-NM,P-6m2
ZnI2-MoS2-NM,P-6m2
ZrBr2-MoS2-NM,P-6m2
ZrCl2-MoS2-NM,P-6m2
ZrI2-MoS2-NM,P-6m2
TiAs2-MoS2-NM,P-6m2
Bi2Ta-MoS2-NM,P-6m2
S2Sb-MoS2-NM,P-6m2
TaSb2-MoS2-NM,P-6m2
SbTe2-MoS2-NM,P-6m2
Bi2Ti-MoS2-NM,P-6m2
I2Sb-MoS2-NM,P-6m2
TaAs2-MoS2-NM,P-6m2
AsBr2-MoS2-NM,P-6m2
AsCl2-MoS2-NM,P-6m2
AsI2-MoS2-FM,P-6m2
AsI2-MoS2-NM,P-6m2
AsSe2-MoS2-NM,P-6m2
AsS2-MoS2-NM,P-6m2
AsTe2-MoS2-NM,P-6m2
BiBr2-MoS2-NM,P-6m2
BiCl2-MoS2-NM,P-6m2
BiI2-MoS2-NM,P-6m2
BiSe2-MoS2-NM,P-6m2
BiS2-MoS2-NM,P-6m2
BiTe2-MoS2-NM,P-6m2
CrAs2-MoS2-FM,P-6m2
CrAs2-MoS2-NM,P-6m2
Bi2Cr-MoS2-FM,P-6m2
CrSb2-MoS2-FM,P-6m2
HfAs2-MoS2-NM,P-6m2
Bi2Hf-MoS2-NM,P-6m2
HfSb2-MoS2-NM,P-6m2
MoAs2-MoS2-NM,P-6m2
Bi2Mo-MoS2-NM,P-6m2
MoSb2-MoS2-NM,P-6m2
NbAs2-MoS2-NM,P-6m2
Bi2Nb-MoS2-NM,P-6m2
NbSb2-MoS2-NM,P-6m2
Br2Sb-MoS2-NM,P-6m2
Cl2Sb-MoS2-NM,P-6m2
SbSe2-MoS2-NM,P-6m2
TiSb2-MoS2-NM,P-6m2
VAs2-MoS2-NM,P-6m2
Bi2V-MoS2-FM,P-6m2
Bi2V-MoS2-NM,P-6m2
VSb2-MoS2-NM,P-6m2
WAs2-MoS2-NM,P-6m2
Bi2W-MoS2-NM,P-6m2
WSb2-MoS2-NM,P-6m2
ZrAs2-MoS2-NM,P-6m2
Bi2Zr-MoS2-NM,P-6m2
ZrSb2-MoS2-NM,P-6m2
Ag2Br6-BiI3-AFM,P-3
Ag2Br6-BiI3-FM,P-3
Ag2Cl6-BiI3-AFM,P-3
Ag2Cl6-BiI3-FM,P-3
Ag2I6-BiI3-FM,P-31m
Ag2I6-BiI3-NM,P-3
Al2Br6-BiI3-NM,P-3
Al2Cl6-BiI3-NM,P-3
Al2I6-BiI3-NM,P-31m
As2Br6-BiI3-NM,P-3
As2I6-BiI3-NM,P-3
Au2Br6-BiI3-AFM,P-31m
Au2Br6-BiI3-FM,P-31m
Au2Cl6-BiI3-AFM,P-31m
Au2Cl6-BiI3-FM,P-31m
Au2I6-BiI3-FM,P-3
Au2I6-BiI3-NM,P-3
Bi2Br6-BiI3-NM,P-3
Bi2Cl6-BiI3-NM,P-3
Bi2I6-BiI3-NM,P-3
Br6Sb2-BiI3-NM,P-3
Co2Br6-BiI3-NM,P-31m
Co2Cl6-BiI3-NM,P-31m
Co2I6-BiI3-NM,P-31m
Cr2Br6-BiI3-AFM,P-31m
Cr2Br6-BiI3-FM,P-31m
Cr2Cl6-BiI3-AFM,P-31m
Cr2Cl6-BiI3-FM,P-31m
Cr2I6-BiI3-AFM,P-31m
Cr2I6-BiI3-FM,P-31m
Cu2Br6-BiI3-AFM,P312
Cu2Br6-BiI3-FM,P312
Cu2Cl6-BiI3-AFM,P-31m
Cu2Cl6-BiI3-FM,P312
Cu2I6-BiI3-AFM,P312
Cu2I6-BiI3-FM,P312
Cu2I6-BiI3-NM,P-31m
Fe2Br6-BiI3-FM,P312
Fe2Cl6-BiI3-FM,P312
Fe2I6-BiI3-AFM,P3
Fe2I6-BiI3-FM,P3
Ga2Br6-BiI3-NM,P-3
Ga2Cl6-BiI3-NM,P-3
Ga2I6-BiI3-NM,P-31m
Hf2Br6-BiI3-FM,P-31m
Hf2Br6-BiI3-NM,P-31m
Hf2Cl6-BiI3-FM,P-31m
Hf2Cl6-BiI3-NM,P-31m
Hf2I6-BiI3-FM,P-31m
Hf2I6-BiI3-NM,P-3
I6Sb2-BiI3-NM,P-3
In2Br6-BiI3-NM,P-3
In2Cl6-BiI3-NM,P-3
In2I6-BiI3-NM,P-31m
Ir2Br6-BiI3-NM,P-31m
Ir2Cl6-BiI3-NM,P-31m
Ir2I6-BiI3-NM,P-3
Mn2Br6-BiI3-AFM,P3
Mn2Br6-BiI3-FM,P-3
Mn2Cl6-BiI3-FM,P-3
Mn2I6-BiI3-AFM,P-3
Mn2I6-BiI3-FM,P-3
Mo2Br6-BiI3-AFM,P-31m
Mo2Cl6-BiI3-AFM,P-31m
Mo2I6-BiI3-AFM,P-3
Mo2I6-BiI3-FM,P-3
Nb2Br6-BiI3-FM,P-31m
Nb2Cl6-BiI3-FM,P-31m
Nb2I6-BiI3-FM,P-3
Ni2Br6-BiI3-AFM,P312
Ni2Br6-BiI3-FM,P-31m
Ni2Cl6-BiI3-FM,P-31m
Ni2I6-BiI3-FM,P-31m
Os2Br6-BiI3-FM,P-31m
Os2Cl6-BiI3-FM,P-3
Os2I6-BiI3-FM,P-31m
Os2I6-BiI3-NM,P-3
Pd2Br6-BiI3-FM,P-3
Pd2Cl6-BiI3-FM,P-3
Pd2I6-BiI3-FM,P-31m
Pt2Br6-BiI3-FM,P-31m
Pt2Cl6-BiI3-FM,P-31m
Pt2I6-BiI3-FM,P-3
Re2Br6-BiI3-FM,P-3
Re2Cl6-BiI3-FM,P-31m
Re2I6-BiI3-FM,P3
Rh2Br6-BiI3-NM,P-3
Rh2Cl6-BiI3-NM,P-3
Rh2I6-BiI3-NM,P-3
Ru2Br6-BiI3-FM,P-3
Ru2Cl6-BiI3-FM,P-3
Ru2I6-BiI3-FM,P-31m
Ru2I6-BiI3-NM,P-31m
Sc2Br6-BiI3-NM,P-3
Sc2Cl6-BiI3-NM,P-3
Sc2I6-BiI3-NM,P-3
Ta2Br6-BiI3-FM,P-31m
Ta2Br6-BiI3-NM,P-31m
Ta2Cl6-BiI3-FM,P-31m
Ta2Cl6-BiI3-NM,P-31m
Ta2I6-BiI3-AFM,P-31m
Ta2I6-BiI3-FM,P-31m
Ta2I6-BiI3-NM,P-31m
Ti2Cl6-BiI3-FM,P-31m
Tl2Br6-BiI3-NM,P-31m
Tl2Cl6-BiI3-NM,P-3
Tl2I6-BiI3-NM,P-3
V2Br6-BiI3-FM,P-3
V2Cl6-BiI3-FM,P-3
V2I6-BiI3-FM,P3
W2Br6-BiI3-AFM,P-31m
W2Cl6-BiI3-AFM,P-31m
W2Cl6-BiI3-NM,P-31m
W2I6-BiI3-AFM,P-3
W2I6-BiI3-FM,P-31m
Y2Br6-BiI3-NM,P-3
Y2Cl6-BiI3-NM,P-31m
Y2I6-BiI3-NM,P-3
Zr2Br6-BiI3-FM,P-31m
Zr2Cl6-BiI3-FM,P-31m
Zr2I6-BiI3-FM,P-31m
Ag2Br6-AgBr3-FM,P321
Ag2Br6-AgBr3-NM,P321
Ag2Cl6-AgBr3-FM,P321
Ag2Cl6-AgBr3-NM,P321
Ag2I6-AgBr3-NM,P321
Al2Br6-TiCl3-NM,P321
Al2Cl6-TiCl3-NM,P321
Al2I6-TiCl3-NM,P321
Au2Br6-AgBr3-NM,P321
Au2Cl6-AgBr3-FM,P321
Au2Cl6-AgBr3-NM,P321
Au2I6-AgBr3-NM,P321
Bi2Br6-AgBr3-NM,P-62m
Bi2Cl6-AgBr3-NM,P321
Bi2I6-TiCl3-NM,P321
Co2Br6-AgBr3-AFM,P-6
Co2Br6-AgBr3-FM,P-6
Co2Cl6-AgBr3-AFM,P-6
Co2Cl6-AgBr3-FM,P-62m
Co2I6-AgBr3-AFM,P3
Co2I6-AgBr3-FM,P3
Cr2Br6-TiCl3-AFM,P31m
Cr2Br6-TiCl3-FM,P-62m
Cr2Cl6-TiCl3-AFM,P3
Cr2Cl6-TiCl3-FM,P-62m
Cr2I6-TiCl3-AFM,P-6
Cr2I6-TiCl3-FM,P3
Cu2Br6-AgBr3-FM,P321
Cu2Br6-AgBr3-NM,P321
Cu2Cl6-AgBr3-FM,P321
Cu2Cl6-AgBr3-NM,P3
Cu2I6-AgBr3-FM,P-62m
Cu2I6-AgBr3-NM,P-62m
Fe2Br6-TiCl3-AFM,P3
Fe2Br6-TiCl3-FM,P3
Fe2Cl6-AgBr3-AFM,P3
Fe2Cl6-TiCl3-FM,P3
Fe2I6-TiCl3-AFM,P3
Fe2I6-TiCl3-FM,P3
Ga2Br6-TiCl3-NM,P321
Ga2Cl6-TiCl3-NM,P321
Ga2I6-TiCl3-NM,P321
Hf2Br6-TiCl3-FM,P-62m
Hf2Cl6-TiCl3-FM,P-62m
Hf2I6-TiCl3-FM,P321
In2Br6-TiCl3-NM,P-62m
In2Cl6-AgBr3-NM,P-62m
In2I6-TiCl3-NM,P321
Ir2Br6-TiCl3-NM,P3
Ir2Cl6-Undefined-NM,P3
Ir2I6-TiCl3-NM,P321
Mn2Br6-AgBr3-AFM,P-62m
Mn2Br6-AgBr3-FM,P-62m
Mn2Cl6-AgBr3-AFM,P-62m
Mn2Cl6-AgBr3-FM,P-62m
Mn2I6-AgBr3-AFM,P321
Mn2I6-AgBr3-FM,P321
Mo2Br6-TiCl3-AFM,P-62m
Mo2Cl6-TiCl3-AFM,P-62m
Mo2Cl6-TiCl3-NM,P321
Mo2I6-TiCl3-AFM,P321
Nb2Br6-TiCl3-NM,P321
Nb2Cl6-TiCl3-NM,P321
Nb2I6-TiCl3-AFM,P321
Nb2I6-TiCl3-NM,P321
Ni2Br6-AgBr3-AFM,P-6
Ni2Br6-AgBr3-FM,P-62m
Ni2Cl6-AgBr3-AFM,P321
Ni2Cl6-AgBr3-FM,P321
Ni2I6-TiCl3-FM,P-62m
Os2Br6-AgBr3-FM,P-62m
Os2Cl6-AgBr3-FM,P-62m
Os2I6-TiCl3-FM,P-62m
Os2I6-TiCl3-NM,P-62m
Pd2Br6-AgBr3-FM,P321
Pd2Br6-AgBr3-NM,P321
Pd2Cl6-AgBr3-FM,P321
Pd2I6-AgBr3-NM,P321
Pt2Br6-AgBr3-FM,P321
Pt2Br6-AgBr3-NM,P321
Pt2Cl6-AgBr3-FM,P3
Pt2Cl6-AgBr3-NM,P321
Pt2I6-AgBr3-NM,P321
Re2Br6-TiCl3-FM,P321
Re2Br6-TiCl3-NM,P321
Re2Cl6-TiCl3-FM,P321
Re2Cl6-TiCl3-NM,P321
Re2I6-AgBr3-AFM,P-62m
Re2I6-AgBr3-NM,P-62m
Rh2Br6-Undefined-NM,P3
Rh2Cl6-Undefined-NM,P3
Rh2I6-TiCl3-NM,P321
Ru2Br6-AgBr3-FM,P3
Ru2Cl6-AgBr3-FM,P321
Ru2I6-TiCl3-FM,P-62m
Ru2I6-TiCl3-NM,P-62m
Sc2Br6-TiCl3-NM,P321
Sc2Cl6-AgBr3-NM,P321
Sc2I6-TiCl3-NM,P321
Ta2Br6-TiCl3-FM,P321
Ta2Br6-TiCl3-NM,P321
Ta2Cl6-TiCl3-FM,P-62m
Ta2Cl6-TiCl3-NM,P-62m
Ta2I6-TiCl3-NM,P321
Ti2Br6-TiCl3-AFM,P3
Ti2Br6-TiCl3-FM,P321
Ti2Cl6-TiCl3-AFM,P321
Ti2Cl6-TiCl3-FM,P-62m
Ti2I6-TiCl3-AFM,P-62m
Ti2I6-TiCl3-FM,P321
Tl2Br6-TiCl3-NM,P321
Tl2Cl6-AgBr3-NM,P321
Tl2I6-TiCl3-NM,P321
V2Br6-AgBr3-AFM,P321
V2Br6-AgBr3-FM,P321
V2Cl6-AgBr3-AFM,P-62m
V2Cl6-AgBr3-FM,P-62m
V2I6-TiCl3-AFM,P3
V2I6-TiCl3-FM,P-62m
W2Br6-TiCl3-NM,P-62m
W2Cl6-TiCl3-NM,P-62m
W2I6-TiCl3-AFM,P321
W2I6-TiCl3-NM,P321
Y2Br6-AgBr3-NM,P3
Y2Cl6-AgBr3-NM,P-62m
Y2I6-TiCl3-NM,P321
Zr2Br6-TiCl3-FM,P321
Zr2Cl6-TiCl3-FM,P-62m
Zr2I6-TiCl3-FM,P-62m
Cr2C-CdI2-FM,P-3m1
Cr2C-CdI2-NM,P-3m1
Cr2CF2-Ti2CO2-AFM,P-3m1
Cr2CF2-Ti2CO2-FM,P-3m1
Cr2CO2-Ti2CO2-AFM,P-3m1
Cr2CO2-Ti2CO2-FM,P-3m1
Hf2CF2-Ti2CO2-NM,P-3m1
Mn2CF2-Ti2CO2-FM,P-3m1
Mo2CF2-Ti2CO2-NM,P-3m1
Nb2CF2-Ti2CO2-NM,P-3m1
Sc2CF2-Ti2CO2-NM,P-3m1
Ta2CF2-Ti2CO2-NM,P-3m1
Ti2CF2-Ti2CO2-NM,P-3m1
V2CF2-Ti2CO2-NM,P-3m1
W2CF2-Ti2CO2-NM,P-3m1
Y2CF2-Ti2CO2-NM,P-3m1
Zr2CF2-Ti2CO2-NM,P-3m1
Cr2CH2O2-Ti2CH2O2-AFM,P-3m1
Cr2CH2O2-Ti2CH2O2-FM,P-3m1
Hf2CH2O2-Ti2CH2O2-NM,P-3m1
Mn2CH2O2-Ti2CH2O2-FM,P-3m1
Mo2CH2O2-Ti2CH2O2-NM,P-3m1
Nb2CH2O2-Ti2CH2O2-NM,P-3m1
Sc2CH2O2-Ti2CH2O2-NM,P-3m1
Ta2CH2O2-Ti2CH2O2-NM,P-3m1
Ti2CH2O2-Ti2CH2O2-NM,P-3m1
V2CH2O2-Ti2CH2O2-NM,P-3m1
W2CH2O2-Ti2CH2O2-NM,P-3m1
Y2CH2O2-Ti2CH2O2-NM,P-3m1
Zr2CH2O2-Ti2CH2O2-NM,P-3m1
Hf2C-CdI2-NM,P-3m1
Hf2CO2-Ti2CO2-NM,P-3m1
Mn2C-CdI2-FM,P-3m1
Mn2C-CdI2-AFM,P3m1
Mn2CO2-Ti2CO2-AFM,P-3m1
Mn2CO2-Ti2CO2-FM,P-3m1
Mo2C-CdI2-NM,P-3m1
Mo2CO2-Ti2CO2-NM,P-3m1
Nb2C-CdI2-NM,P-3m1
Nb2CO2-Ti2CO2-NM,P-3m1
Sc2CO2-Ti2CO2-FM,P-3m1
Sc2CO2-Ti2CO2-NM,P-3m1
Ta2CO2-Ti2CO2-NM,P-3m1
Ti2CO2-Ti2CO2-NM,P-3m1
V2CO2-Ti2CO2-NM,P-3m1
W2CO2-Ti2CO2-NM,P-3m1
Y2CO2-Ti2CO2-FM,P-3m1
Zr2CO2-Ti2CO2-NM,P-3m1
Sc2C-CdI2-NM,P-3m1
Ta2C-CdI2-NM,P-3m1
Ti2C-CdI2-AFM,P-3m1
Ti2C-CdI2-FM,P-3m1
V2C-CdI2-NM,P-3m1
W2C-CdI2-NM,P-3m1
Y2C-CdI2-NM,P-3m1
Zr2C-CdI2-AFM,P-3m1
Zr2C-CdI2-FM,P-3m1
Y2N-CdI2-NM,P-3m1
Zr2H2NO2-Ti2CH2O2-NM,P-3m1
Zr2N-CdI2-FM,P-3m1
Zr2N-CdI2-NM,P-3m1
Zr2N-CdI2-AFM,P3m1
Y2NO2-Ti2CO2-FM,P-3m1
Zr2F2N-Ti2CO2-NM,P-3m1
Zr2NO2-Ti2CO2-NM,P-3m1
Cr2F2N-Ti2CO2-FM,P3m1
Cr2H2NO2-Ti2CH2O2-FM,P3m1
Cr2NO2-Ti2CO2-FM,P-3m1
Cr2NO2-Ti2CO2-AFM,P-3m1
Cr2N-CdI2-NM,P-3m1
Hf2F2N-Ti2CO2-NM,P-3m1
Hf2H2NO2-Ti2CH2O2-NM,P-3m1
Hf2NO2-Ti2CO2-NM,P-3m1
Hf2N-CdI2-FM,P-3m1
Hf2N-CdI2-NM,P-3m1
Mn2F2N-Ti2CO2-FM,P-3m1
Mn2F2N-Ti2CO2-AFM,P-3m1
Mn2H2NO2-Ti2CH2O2-FM,P3m1
Mn2H2NO2-Ti2CH2O2-AFM,P3m1
Mn2NO2-Ti2CO2-FM,P-3m1
Mn2NO2-Ti2CO2-AFM,P3m1
Mn2N-CdI2-FM,P-3m1
Mo2F2N-Ti2CO2-NM,P-3m1
Mo2H2NO2-Ti2CH2O2-NM,P-3m1
Mo2NO2-Ti2CO2-NM,P-3m1
Mo2N-CdI2-NM,P-3m1
Nb2F2N-Ti2CO2-NM,P-3m1
Nb2H2NO2-Ti2CH2O2-NM,P-3m1
Nb2NO2-Ti2CO2-NM,P-3m1
Nb2N-CdI2-NM,P-3m1
Sc2F2N-Ti2CO2-NM,P-3m1
Sc2H2NO2-Ti2CH2O2-NM,P-3m1
Sc2NO2-Ti2CO2-NM,P-3m1
Sc2N-CdI2-NM,P-3m1
Ta2F2N-Ti2CO2-NM,P-3m1
Ta2H2NO2-Ti2CH2O2-NM,P3m1
Ta2NO2-Ti2CO2-NM,P-3m1
Ta2N-CdI2-NM,P-3m1
Ti2F2N-Ti2CO2-NM,P-3m1
Ti2H2NO2-Ti2CH2O2-NM,P-3m1
Ti2NO2-Ti2CO2-NM,P-3m1
Ti2N-CdI2-FM,P-3m1
Ti2N-CdI2-AFM,P-3m1
V2F2N-Ti2CO2-AFM,P-3m1
V2H2NO2-Ti2CH2O2-NM,P-3m1
V2H2NO2-Ti2CH2O2-AFM,P-3m1
V2NO2-Ti2CO2-AFM,P-3m1
V2N-CdI2-NM,P-3m1
W2F2N-Ti2CO2-NM,P-3m1
W2H2NO2-Ti2CH2O2-NM,P-3m1
W2NO2-Ti2CO2-NM,P-3m1
W2N-CdI2-NM,P-3m1
Y2F2N-Ti2CO2-NM,P-3m1
Y2H2NO2-Ti2CH2O2-NM,P-3m1
Cr3C2-Ti3C2-FM,P-6m2
Cr3C2F2-Ti3C2O2-FM,P-6m2
Cr3C2O2-Ti3C2O2-FM,P-6m2
Hf3C2F2-Ti3C2O2-NM,P-6m2
Mn3C2F2-Ti3C2O2-FM,P-6m2
Mo3C2F2-Ti3C2O2-NM,P3m1
Nb3C2F2-Ti3C2O2-NM,P-6m2
Sc3C2F2-Ti3C2O2-FM,P-6m2
Sc3C2F2-Ti3C2O2-NM,P-6m2
Ta3C2F2-Ti3C2O2-NM,P-6m2
Ti3C2F2-Ti3C2O2-NM,P-6m2
V3C2F2-Ti3C2O2-NM,P-6m2
W3C2F2-Ti3C2O2-NM,P-6m2
Y3C2F2-Ti3C2O2-FM,P-6m2
Y3C2F2-Ti3C2O2-NM,P-6m2
Zr3C2F2-Ti3C2O2-NM,P-6m2
Cr3C2H2O2-Ti3C2H2O2-FM,P-6m2
Hf3C2H2O2-Ti3C2H2O2-NM,P-6m2
Mn3C2H2O2-Ti3C2H2O2-FM,P-6m2
Mo3C2H2O2-Ti3C2H2O2-NM,P-6m2
Nb3C2H2O2-Ti3C2H2O2-NM,P-6m2
Sc3C2H2O2-Ti3C2H2O2-FM,P-6m2
Sc3C2H2O2-Ti3C2H2O2-NM,P3m1
Ta3C2H2O2-Ti3C2H2O2-NM,P-6m2
Ti3C2H2O2-Ti3C2H2O2-NM,P-6m2
V3C2H2O2-Ti3C2H2O2-NM,P3m1
W3C2H2O2-Ti3C2H2O2-NM,P-6m2
Y3C2H2O2-Ti3C2H2O2-FM,P-6m2
Y3C2H2O2-Ti3C2H2O2-NM,P-6m2
Zr3C2H2O2-Ti3C2H2O2-NM,P-6m2
Hf3C2-Ti3C2-FM,P-6m2
Hf3C2O2-Ti3C2O2-NM,P-6m2
Mn3C2-Ti3C2-FM,P-6m2
Mn3C2O2-Ti3C2O2-FM,P-6m2
Mo3C2-Ti3C2-NM,P-6m2
Mo3C2O2-Ti3C2O2-NM,P-6m2
Nb3C2-Ti3C2-NM,P-6m2
Nb3C2O2-Ti3C2O2-NM,P-6m2
Sc3C2O2-Ti3C2O2-NM,P-6m2
Ta3C2O2-Ti3C2O2-NM,P-6m2
Ti3C2O2-Ti3C2O2-NM,P-6m2
V3C2O2-Ti3C2O2-NM,P-6m2
W3C2O2-Ti3C2O2-NM,P-6m2
Y3C2O2-Ti3C2O2-NM,P-6m2
Zr3C2O2-Ti3C2O2-NM,P-6m2
Sc3C2-Ti3C2-NM,P-6m2
Ta3C2-Ti3C2-NM,P-6m2
Ti3C2-Ti3C2-FM,P-6m2
V3C2-Ti3C2-NM,P-6m2
W3C2-Ti3C2-NM,P-6m2
Y3C2-Ti3C2-NM,P-6m2
Zr3C2-Ti3C2-FM,P-6m2
Cr3N2O2-Ti3C2O2-FM,P-6m2
Cr3N2O2-Ti3C2O2-NM,P-6m2
Cr3N2-Ti3C2-FM,P-6m2
Cr3N2-Ti3C2-NM,P-6m2
Hf3F2N2-Ti3C2O2-NM,P3m1
Hf3H2N2O2-Ti3C2H2O2-NM,P-6m2
Hf3N2O2-Ti3C2O2-NM,P-6m2
Hf3N2-Ti3C2-FM,P-6m2
Hf3N2-Ti3C2-NM,P-6m2
Mn3F2N2-Ti3C2O2-FM,P3m1
Mn3H2N2O2-Ti3C2H2O2-FM,P3m1
Mn3N2-Ti3C2-FM,P3m1
Mo3F2N2-Ti3C2O2-NM,P3m1
Mo3H2N2O2-Ti3C2H2O2-NM,P3m1
Mo3N2O2-Ti3C2O2-NM,P-6m2
Mo3N2-Ti3C2-NM,P-6m2
Nb3F2N2-Ti3C2O2-NM,P-6m2
Nb3H2N2O2-Ti3C2H2O2-NM,P3m1
Nb3N2O2-Ti3C2O2-NM,P-6m2
Nb3N2-Ti3C2-NM,P-6m2
Sc3F2N2-Ti3C2O2-NM,P-6m2
Sc3H2N2O2-Ti3C2H2O2-NM,P-6m2
Sc3N2O2-Ti3C2O2-FM,P-6m2
Sc3N2O2-Ti3C2O2-NM,P-6m2
Sc3N2-Ti3C2-FM,P-6m2
Sc3N2-Ti3C2-NM,P-6m2
Ta3F2N2-Ti3C2O2-NM,P-6m2
Ta3H2N2O2-Ti3C2H2O2-NM,P-6m2
Ta3N2O2-Ti3C2O2-NM,P-6m2
Ta3N2-Ti3C2-NM,P-6m2
Ti3F2N2-Ti3C2O2-FM,P-6m2
Ti3F2N2-Ti3C2O2-NM,P-6m2
Ti3H2N2O2-Ti3C2H2O2-NM,P-6m2
Ti3N2O2-Ti3C2O2-NM,P-6m2
Ti3N2-Ti3C2-FM,P-6m2
Ti3N2-Ti3C2-NM,P-6m2
V3F2N2-Ti3C2O2-FM,P-6m2
V3F2N2-Ti3C2O2-NM,P-6m2
V3H2N2O2-Ti3C2H2O2-FM,P-6m2
V3H2N2O2-Ti3C2H2O2-NM,P3m1
V3N2O2-Ti3C2O2-FM,P-6m2
V3N2-Ti3C2-FM,P3m1
V3N2-Ti3C2-NM,P3m1
W3F2N2-Ti3C2O2-NM,P3m1
W3H2N2O2-Ti3C2H2O2-NM,P-6m2
W3N2O2-Ti3C2O2-NM,P-6m2
W3N2-Ti3C2-NM,P-6m2
Y3F2N2-Ti3C2O2-NM,P-6m2
Y3H2N2O2-Ti3C2H2O2-FM,P-6m2
Y3H2N2O2-Ti3C2H2O2-NM,P-6m2
Y3N2O2-Ti3C2O2-FM,P-6m2
Y3N2-Ti3C2-NM,P-6m2
Zr3F2N2-Ti3C2O2-NM,P-6m2
Zr3H2N2O2-Ti3C2H2O2-NM,P-6m2
Zr3N2O2-Ti3C2O2-NM,P-6m2
Zr3N2-Ti3C2-FM,P3m1
Zr3N2-Ti3C2-NM,P-6m2
Cr4C3-Ti4C3-FM,P-3m1
Cr4C3F2-Ti4C3O2-FM,P3m1
Cr4C3O2-Ti4C3O2-FM,P3m1
Hf4C3F2-Ti4C3O2-NM,P3m1
Mn4C3F2-Ti4C3O2-FM,P3m1
Mo4C3F2-Ti4C3O2-NM,P3m1
Nb4C3F2-Ti4C3O2-NM,P3m1
Sc4C3F2-Ti4C3O2-NM,P3m1
Ta4C3F2-Ti4C3O2-NM,P3m1
Ti4C3F2-Ti4C3O2-NM,P3m1
V4C3F2-Ti4C3O2-NM,P3m1
W4C3F2-Ti4C3O2-NM,P3m1
Y4C3F2-Ti4C3O2-NM,P3m1
Zr4C3F2-Ti4C3O2-NM,P3m1
Cr4C3H2O2-Ti4C3H2O2-FM,P3m1
Hf4C3H2O2-Ti4C3H2O2-NM,P3m1
Mn4C3H2O2-Ti4C3H2O2-FM,P3m1
Mo4C3H2O2-Ti4C3H2O2-NM,P3m1
Nb4C3H2O2-Ti4C3H2O2-NM,P3m1
Sc4C3H2O2-Ti4C3H2O2-NM,P3m1
Ta4C3H2O2-Ti4C3H2O2-NM,P3m1
Ti4C3H2O2-Ti4C3H2O2-NM,P3m1
V4C3H2O2-Ti4C3H2O2-NM,P3m1
W4C3H2O2-Ti4C3H2O2-NM,P-3m1
Y4C3H2O2-Ti4C3H2O2-NM,P3m1
Zr4C3H2O2-Ti4C3H2O2-NM,P3m1
Hf4C3-Ti4C3-FM,P3m1
Hf4C3-Ti4C3-NM,P-3m1
Hf4C3O2-Ti4C3O2-NM,P3m1
Mn4C3-Ti4C3-FM,P-3m1
Mn4C3O2-Ti4C3O2-FM,P3m1
Mo4C3-Ti4C3-NM,P-3m1
Mo4C3O2-Ti4C3O2-NM,P3m1
Nb4C3-Ti4C3-NM,P3m1
Nb4C3O2-Ti4C3O2-NM,P-3m1
Sc4C3O2-Ti4C3O2-NM,P-3m1
Ta4C3O2-Ti4C3O2-NM,P3m1
Ti4C3O2-Ti4C3O2-NM,P3m1
V4C3O2-Ti4C3O2-NM,P3m1
W4C3O2-Ti4C3O2-NM,P3m1
Y4C3O2-Ti4C3O2-FM,P3m1
Y4C3O2-Ti4C3O2-NM,P3m1
Zr4C3O2-Ti4C3O2-NM,P3m1
Sc4C3-Ti4C3-NM,P-3m1
Ta4C3-Ti4C3-NM,P3m1
Ti4C3-Ti4C3-FM,P3m1
V4C3-Ti4C3-NM,P3m1
W4C3-Ti4C3-NM,P3m1
Y4C3-Ti4C3-NM,P3m1
Zr4C3-Ti4C3-FM,P-3m1
Cr4F2N3-Ti4C3O2-FM,P-3m1
Cr4H2N3O2-Ti4C3H2O2-FM,P3m1
Cr4N3O2-Ti4C3O2-FM,P3m1
Cr4N3-Ti4C3-FM,P3m1
Hf4F2N3-Ti4C3O2-NM,P3m1
Hf4H2N3O2-Ti4C3H2O2-NM,P3m1
Hf4N3O2-Ti4C3O2-NM,P3m1
Hf4N3-Ti4C3-FM,P-3m1
Hf4N3-Ti4C3-NM,P-3m1
Mn4H2N3O2-Ti4C3H2O2-FM,P3m1
Mn4N3O2-Ti4C3O2-FM,P-3m1
Mn4N3-Ti4C3-FM,P3m1
Mo4F2N3-Ti4C3O2-NM,P3m1
Mo4H2N3O2-Ti4C3H2O2-NM,P3m1
Mo4N3O2-Ti4C3O2-FM,P3m1
Mo4N3O2-Ti4C3O2-NM,P3m1
Mo4N3-Ti4C3-NM,P3m1
Nb4F2N3-Ti4C3O2-NM,P3m1
Nb4H2N3O2-Ti4C3H2O2-NM,P3m1
Nb4N3O2-Ti4C3O2-NM,P3m1
Nb4N3-Ti4C3-NM,P-3m1
Sc4F2N3-Ti4C3O2-NM,P3m1
Sc4H2N3O2-Ti4C3H2O2-NM,P3m1
Sc4N3O2-Ti4C3O2-NM,P3m1
Sc4N3-Ti4C3-FM,P-3m1
Ta4F2N3-Ti4C3O2-NM,P3m1
Ta4H2N3O2-Ti4C3H2O2-NM,P-3m1
Ta4N3O2-Ti4C3O2-NM,P3m1
Ta4N3-Ti4C3-NM,P-3m1
Ti4F2N3-Ti4C3O2-NM,P3m1
Ti4H2N3O2-Ti4C3H2O2-NM,P-3m1
Ti4N3O2-Ti4C3O2-NM,P3m1
Ti4N3-Ti4C3-FM,P-3m1
Ti4N3-Ti4C3-NM,P-3m1
V4F2N3-Ti4C3O2-FM,P3m1
V4F2N3-Ti4C3O2-NM,P3m1
V4H2N3O2-Ti4C3H2O2-NM,P3m1
V4N3O2-Ti4C3O2-FM,P-3m1
V4N3O2-Ti4C3O2-NM,P-3m1
V4N3-Ti4C3-NM,P-3m1
W4F2N3-Ti4C3O2-NM,P3m1
W4H2N3O2-Ti4C3H2O2-NM,P3m1
W4N3O2-Ti4C3O2-NM,P3m1
W4N3-Ti4C3-NM,P3m1
Y4F2N3-Ti4C3O2-NM,P3m1
Y4H2N3O2-Ti4C3H2O2-NM,P3m1
Y4N3O2-Ti4C3O2-NM,P3m1
Y4N3-Ti4C3-NM,P3m1
Zr4F2N3-Ti4C3O2-NM,P3m1
Zr4H2N3O2-Ti4C3H2O2-NM,P3m1
Zr4N3O2-Ti4C3O2-NM,P3m1
Zr4N3-Ti4C3-FM,P3m1
Zr4N3-Ti4C3-NM,P-3m1
BiCrAs-MoSSe-FM,P3m1
CrAsSb-MoSSe-FM,P3m1
CrAsSb-MoSSe-NM,P3m1
BiCrSb-MoSSe-FM,P3m1
CrBrCl-MoSSe-FM,P3m1
CrBrI-MoSSe-FM,P3m1
CrClI-MoSSe-FM,P3m1
CrSeTe-MoSSe-NM,P3m1
CrSSe-MoSSe-NM,P3m1
CrSTe-MoSSe-NM,P3m1
BiHfAs-MoSSe-NM,P3m1
HfAsSb-MoSSe-NM,P3m1
BiHfSb-MoSSe-NM,P3m1
HfBrCl-MoSSe-NM,P3m1
HfBrI-MoSSe-NM,P3m1
HfClI-MoSSe-NM,P3m1
HfSeTe-MoSSe-NM,P3m1
HfSSe-MoSSe-NM,P3m1
HfSTe-MoSSe-NM,P3m1
BiMoAs-MoSSe-NM,P3m1
MoAsSb-MoSSe-NM,P3m1
BiMoSb-MoSSe-NM,P3m1
MoBrCl-MoSSe-NM,P3m1
MoBrI-MoSSe-FM,P3m1
MoClI-MoSSe-NM,P3m1
MoSeTe-MoSSe-NM,P3m1
MoSSe-MoSSe-NM,P3m1
MoSTe-MoSSe-NM,P3m1
BiNbAs-MoSSe-NM,P3m1
NbAsSb-MoSSe-NM,P3m1
BiNbSb-MoSSe-NM,P3m1
NbBrCl-MoSSe-NM,P3m1
NbBrI-MoSSe-NM,P3m1
NbClI-MoSSe-NM,P3m1
NbSeTe-MoSSe-FM,P3m1
NbSeTe-MoSSe-NM,P3m1
NbSSe-MoSSe-NM,P3m1
NbSTe-MoSSe-FM,P3m1
NbSTe-MoSSe-NM,P3m1
BiTaAs-MoSSe-NM,P3m1
TaAsSb-MoSSe-NM,P3m1
BiTaSb-MoSSe-NM,P3m1
TaBrCl-MoSSe-NM,P3m1
TaBrI-MoSSe-NM,P3m1
TaClI-MoSSe-NM,P3m1
TaSeTe-MoSSe-NM,P3m1
TaSSe-MoSSe-NM,P3m1
TaSTe-MoSSe-FM,P3m1
TaSTe-MoSSe-NM,P3m1
BiTiAs-MoSSe-NM,P3m1
TiAsSb-MoSSe-NM,P3m1
BiTiSb-MoSSe-NM,P3m1
TiBrCl-MoSSe-NM,P3m1
TiBrI-MoSSe-NM,P3m1
TiClI-MoSSe-NM,P3m1
TiSeTe-MoSSe-NM,P3m1
TiSSe-MoSSe-NM,P3m1
TiSTe-MoSSe-NM,P3m1
BiVAs-MoSSe-NM,P3m1
VAsSb-MoSSe-NM,P3m1
BiVSb-MoSSe-NM,P3m1
VBrCl-MoSSe-FM,P3m1
VBrI-MoSSe-FM,P3m1
VClI-MoSSe-FM,P3m1
VSeTe-MoSSe-FM,P3m1
VSSe-MoSSe-FM,P3m1
VSTe-MoSSe-FM,P3m1
BiWAs-MoSSe-NM,P3m1
WAsSb-MoSSe-NM,P3m1
BiWSb-MoSSe-NM,P3m1
WBrCl-MoSSe-NM,P3m1
WBrI-MoSSe-NM,P3m1
WClI-MoSSe-NM,P3m1
WSeTe-MoSSe-NM,P3m1
WSSe-MoSSe-NM,P3m1
WSTe-MoSSe-NM,P3m1
BiZrAs-MoSSe-NM,P3m1
ZrAsSb-MoSSe-NM,P3m1
BiZrSb-MoSSe-NM,P3m1
ZrBrCl-MoSSe-NM,P3m1
ZrBrI-MoSSe-NM,P3m1
ZrClI-MoSSe-NM,P3m1
ZrSeTe-MoSSe-NM,P3m1
ZrSSe-MoSSe-NM,P3m1
ZrSTe-MoSSe-NM,P3m1
AsClTe-MoSSe-NM,P3m1
BiBrS-MoSSe-NM,P3m1
BiClS-MoSSe-NM,P3m1
BiClSe-MoSSe-NM,P3m1
BiIS-MoSSe-NM,P3m1
BiClTe-MoSSe-NM,P3m1
BrSSb-MoSSe-NM,P3m1
ClSbSe-MoSSe-NM,P3m1
BrSbTe-MoSSe-NM,P3m1
ClSSb-MoSSe-NM,P3m1
ISbSe-MoSSe-NM,P3m1
ClSbTe-MoSSe-NM,P3m1
BiISe-MoSSe-NM,P3m1
BiBrTe-MoSSe-NM,P3m1
BiITe-MoSSe-NM,P3m1
BrSbSe-MoSSe-NM,P3m1
ISSb-MoSSe-NM,P3m1
ISbTe-MoSSe-NM,P3m1
AsBrS-MoSSe-NM,P3m1
AsClS-MoSSe-NM,P3m1
AsBrSe-MoSSe-NM,P3m1
AsClSe-MoSSe-NM,P3m1
AsISe-MoSSe-NM,P3m1
AsIS-MoSSe-NM,P3m1
AsBrTe-MoSSe-NM,P3m1
AsITe-MoSSe-NM,P3m1
BiBrSe-MoSSe-NM,P3m1
Ge2S2-SnS-NM,P1
Ge2Se2-SnS-NM,P1
Ge2Te2-SnS-NM,Pm
P4-P-NM,Pma2
Pb2S2-PbS-NM,P1
Pb2Se2-PbS-NM,P1
Pb2Te2-PbS-NM,P1
S2Si2-SnS-NM,Pm
Se2Si2-SnS-NM,Pmn2_1
Si2Te2-SnS-NM,Pm
Sn2S2-SnS-NM,Pm
Sn2Se2-SnS-NM,P1
Sn2Te2-PbS-NM,P1
As4-P-NM,Pmna
Al2S2-PbSe-NM,P4/mmm
Al2Se2-PbSe-NM,P4/mmm
Al2Te2-PbSe-NM,P4/mmm
Bi2S2-PbSe-FM,P4/mmm
Bi2S2-PbSe-NM,P4/mmm
Bi2Se2-PbSe-FM,P4/mmm
Bi2Se2-PbSe-NM,P4/mmm
Bi2Te2-PbSe-FM,P4/mmm
Bi2Te2-PbSe-NM,P4/mmm
Cd2S2-PbSe-NM,P4/mmm
Cd2Se2-PbSe-NM,P4/mmm
Cd2Te2-PbSe-NM,P4/mmm
Ga2S2-PbSe-NM,P4/mmm
Ga2Se2-PbSe-NM,P4/mmm
Ga2Te2-PbSe-NM,P4/mmm
Ge2S2-PbSe-NM,P4/mmm
Ge2Se2-PbSe-NM,P4/mmm
Ge2Te2-PbSe-FM,P4/mmm
Ge2Te2-PbSe-NM,P4/mmm
In2S2-PbSe-NM,P4/mmm
In2Se2-PbSe-NM,P4/mmm
In2Te2-PbSe-NM,P4/mmm
Pb2S2-PbSe-NM,P4/mmm
Pb2Se2-PbSe-NM,P4/mmm
Pb2Te2-PbSe-NM,P4/mmm
S2Sb2-PbSe-NM,P4/mmm
S2Si2-PbSe-FM,P4/mmm
S2Si2-PbSe-NM,P4/mmm
Sb2Se2-PbSe-FM,P4/mmm
Sb2Se2-PbSe-NM,P4/mmm
Sb2Te2-PbSe-FM,P4/mmm
Sb2Te2-PbSe-NM,P4/mmm
Se2Si2-PbSe-NM,P4/mmm
Si2Te2-PbSe-NM,P4/mmm
Sn2S2-PbSe-NM,P4/mmm
Sn2Se2-PbSe-NM,P4/mmm
Sn2Te2-PbSe-NM,P4/mmm
Zn2S2-PbSe-NM,P4/mmm
Zn2Se2-PbSe-NM,P4/mmm
Zn2Te2-PbSe-NM,P4/mmm
Ag2S4-PdS2-NM,P2_1/c
Ag2Se4-PdS2-NM,P2_1/c
Ag2Te4-PdS2-NM,P2_1/c
Al2S4-WTe2-NM,P-1
Al2Se4-WTe2-NM,P-1
Al2Te4-CdI2-NM,P2_1/c
Au2S4-PdS2-NM,P2_1/c
Au2Se4-PdS2-NM,P2_1/c
Au2Te4-PdS2-NM,P2_1/c
Bi2S4-WTe2-NM,C2/m
Bi2Te4-WTe2-FM,P-1
Bi2Te4-WTe2-NM,P-1
Cd2S4-PdS2-NM,P2_1/c
Cd2Se4-WTe2-NM,P1
Cd2Te4-WTe2-NM,P1
Co2S4-PdS2-FM,P2_1/c
Co2Se4-PdS2-AFM,P-1
Co2Se4-PdS2-FM,P-1
Co2Te4-PdS2-AFM,P-1
Co2Te4-PdS2-FM,P-1
Cr2S4-MnS2-AFM,P-1
Cr2S4-MnS2-FM,P2_1/c
Cr2Se4-MnS2-AFM,P2_1/c
Cr2Se4-MnS2-FM,P2_1/c
Cr2Te4-MnS2-AFM,P2_1/c
Cr2Te4-MnS2-FM,P2_1/c
Cu2S4-PdS2-NM,P2_1/c
Cu2Se4-PdS2-NM,P2_1/c
Cu2Te4-PdS2-NM,P2_1/c
Fe2S4-MnS2-AFM,P-1
Fe2S4-MnS2-FM,P-1
Fe2Se4-MnS2-FM,P2_1/c
Fe2Te4-MnS2-FM,P2_1/c
Ga2S4-PdS2-NM,P-1
Ga2Se4-MnS2-NM,P-1
Ga2Te4-PdS2-NM,P2_1/c
Ge2S4-WTe2-NM,P2_1/c
Ge2Se4-WTe2-NM,P2_1/c
Ge2Te4-MnS2-NM,P2_1/c
In2S4-Undefined-NM,P-1
In2Se4-MnS2-NM,P-1
In2Te4-MnS2-NM,P-1
Ir2S4-PdS2-NM,P2_1/c
Ir2Se4-PdS2-NM,P2_1/c
Ir2Te4-PdS2-NM,P2_1/c
Mn2S4-MnS2-AFM,P2_1/c
Mn2S4-MnS2-FM,P2_1/c
Mn2Se4-MnS2-AFM,P2_1/c
Mn2Se4-MnS2-FM,P2_1/c
Mn2Te4-MnS2-AFM,P2_1/c
Mn2Te4-MnS2-FM,P2_1/c
Mo2S4-MnS2-AFM,P2_1/c
Mo2S4-MnS2-FM,P2_1/c
Mo2Se4-MnS2-AFM,P2_1/c
Mo2Se4-MnS2-FM,P2_1/c
Mo2Te4-MnS2-AFM,P2_1/c
Mo2Te4-MnS2-FM,P2_1/c
Nb2Te4-MnS2-FM,P2_1/c
Ni2S4-PdS2-NM,P2_1/c
Ni2Se4-PdS2-NM,P2_1/c
Ni2Te4-PdS2-NM,P2_1/c
Os2S4-MnS2-NM,P2_1/c
Os2Se4-MnS2-NM,P2_1/c
Os2Te4-MnS2-NM,P2_1/c
Pb2S4-WTe2-NM,P2_1/c
Pb2Se4-WTe2-NM,P2_1/c
Pb2Te4-WTe2-NM,P2_1/c
Pd2S4-PdS2-NM,P2_1/c
Pd2Se4-PdS2-NM,P2_1/c
Pd2Te4-PdS2-NM,P2_1/c
Pt2S4-PdS2-NM,P2_1/c
Pt2Se4-PdS2-NM,P2_1/c
Pt2Te4-PdS2-NM,P2_1/c
Rh2S4-PdS2-NM,P2_1/c
Rh2Se4-PdS2-NM,P2_1/c
Rh2Te4-PdS2-NM,P2_1/c
Ru2S4-MnS2-NM,P2_1/c
Ru2Se4-MnS2-NM,P2_1/c
Ru2Te4-MnS2-NM,P2_1/c
S4Sb2-WTe2-NM,P2_1/c
Sb2Se4-PdS2-FM,P2_1/c
Sb2Se4-PdS2-NM,P2_1/c
Sb2Te4-PdS2-NM,P2_1/c
Sc2Te4-MnS2-NM,P-1
Sn2Se4-WTe2-NM,P2_1/c
Sn2Te4-WTe2-NM,P2_1/c
Ta2Te4-MnS2-AFM,P2_1/c
Ta2Te4-MnS2-FM,P2_1/c
Tl2S4-WTe2-NM,P-1
Tl2Se4-WTe2-NM,P2_1/c
Tl2Te4-WTe2-NM,P2_1/c
V2S4-MnS2-FM,Pbam
V2Se4-MnS2-FM,P2_1/c
V2Te4-MnS2-FM,P2_1/c
W2S4-MnS2-AFM,Pbam
W2S4-MnS2-FM,P2_1/c
W2Se4-MnS2-AFM,Pbam
W2Se4-MnS2-FM,Pbam
W2Te4-MnS2-AFM,P2_1/c
W2Te4-MnS2-FM,P2_1/c
Zn2S4-PdS2-NM,P2_1/c
Zn2Se4-PdS2-NM,P2_1/c
Zn2Te4-PdS2-NM,P2_1/c
Br4C16Cl4Ge2H48N4-PbA2I4-NM,P1
Br4C16Cl4Ge2H48N4-PbA2I4-NM-2,P1
Br4C16Ge2H48I4N4-PbA2I4-NM,P1
Br4C16Ge2H48I4N4-PbA2I4-NM-2,P1
Br8C16Ge2H48N4-PbA2I4-NM,P1
C16Cl4Ge2H48I4N4-PbA2I4-NM,P1
C16Cl4Ge2H48I4N4-PbA2I4-NM-2,P1
C16Cl8Ge2H48N4-PbA2I4-NM,P1
C16Ge2H48I8N4-PbA2I4-NM,P1
Pb2Br4C16Cl4H48N4-PbA2I4-NM,P1
Pb2Br4C16Cl4H48N4-PbA2I4-NM-2,P1
Pb2Br4C16H48I4N4-PbA2I4-NM,P1
Pb2Br4C16H48I4N4-PbA2I4-NM-2,P1
Pb2Br8C16H48N4-PbA2I4-NM,P1
Pb2C16Cl4H48I4N4-PbA2I4-NM,P1
Pb2C16Cl4H48I4N4-PbA2I4-NM-2,P1
Pb2C16Cl8H48N4-PbA2I4-NM,P1
Pb2C16H48I8N4-PbA2I4-NM,P1
Sn2Br4C16Cl4H48N4-PbA2I4-NM,P1
Sn2Br4C16Cl4H48N4-PbA2I4-NM-2,P1
Sn2Br4C16H48I4N4-PbA2I4-NM,P1
Sn2Br4C16H48I4N4-PbA2I4-NM-2,P1
Sn2Br8C16H48N4-PbA2I4-NM,P1
Sn2C16Cl4H48I4N4-PbA2I4-NM,P1
Sn2C16Cl4H48I4N4-PbA2I4-NM-2,P1
Sn2C16Cl8H48N4-PbA2I4-NM,P1
Sn2C16H48I8N4-PbA2I4-NM,P1
Co4S8-ReS2-NM,P1
Co4Se8-CdI2-FM,P-1
Co4Se8-CdI2-NM,P-1
In4Br8-Undefined-NM,P1
Ir4S8-ReS2-NM,P-1
Ir4Se8-ReS2-NM,P-1
Ir4Te8-ReS2-NM,P-1
Nb4O8-Undefined-NM,P1
Re4O8-ReS2-NM,P-1
Re4S8-ReS2-NM,P-1
Re4Se8-ReS2-NM,P-1
Re4Te8-ReS2-NM,P-1
Rh4S8-ReS2-NM,P-1
Rh4Se8-ReS2-NM,P-1
Ta4O8-Undefined-NM,P1
AuO2-CdI2-FM,P-3m1
AuO2-CdI2-NM,P-3m1
AuO2-MoS2-FM,P-6m2
AuS2-CdI2-NM,P-3m1
AuS2-MoS2-NM,P-6m2
AuSe2-CdI2-NM,P-3m1
AuSe2-MoS2-NM,P-6m2
AuTe2-CdI2-NM,P-3m1
AuTe2-MoS2-NM,P-6m2
CoO2-CdI2-FM,P-3m1
CoO2-MoS2-FM,P-6m2
CoS2-CdI2-FM,P-3m1
CoS2-CdI2-NM,P-3m1
CoS2-MoS2-NM,P-6m2
CoSe2-CdI2-NM,P-3m1
CoSe2-MoS2-NM,P-6m2
CoTe2-CdI2-NM,P-3m1
CoTe2-MoS2-NM,P-6m2
CrO2-CdI2-FM,P-3m1
CrO2-MoS2-NM,P-6m2
CrS2-CdI2-NM,P-3m1
CrS2-MoS2-NM,P-6m2
CrSe2-CdI2-FM,P-3m1
CrSe2-CdI2-NM,P-3m1
CrSe2-MoS2-NM,P-6m2
CrTe2-CdI2-FM,P-3m1
CrTe2-MoS2-NM,P-6m2
CuO2-CdI2-FM,P-3m1
CuO2-MoS2-FM,P-6m2
CuS2-CdI2-NM,P-3m1
CuS2-MoS2-FM,P-6m2
CuS2-MoS2-NM,P-6m2
CuSe2-CdI2-NM,P-3m1
CuSe2-MoS2-NM,P-6m2
CuTe2-CdI2-NM,P-3m1
CuTe2-MoS2-NM,P-6m2
FeO2-CdI2-FM,P-3m1
FeO2-MoS2-FM,P-6m2
FeS2-CdI2-FM,P-3m1
FeS2-MoS2-FM,P-6m2
FeSe2-CdI2-FM,P-3m1
FeSe2-MoS2-FM,P-6m2
FeTe2-CdI2-FM,P-3m1
FeTe2-MoS2-FM,P-6m2
GeO2-CdI2-NM,P-3m1
GeO2-MoS2-NM,P-6m2
GeS2-CdI2-NM,P-3m1
GeS2-MoS2-NM,P-6m2
GeSe2-CdI2-NM,P-3m1
GeSe2-MoS2-NM,P-6m2
GeTe2-CdI2-NM,P-3m1
GeTe2-MoS2-NM,P-6m2
HfO2-CdI2-NM,P-3m1
HfO2-MoS2-NM,P-6m2
HfS2-CdI2-NM,P-3m1
HfS2-MoS2-NM,P-6m2
HfSe2-CdI2-NM,P-3m1
HfSe2-MoS2-NM,P-6m2
HfTe2-CdI2-NM,P-3m1
HfTe2-MoS2-NM,P-6m2
HgO2-CdI2-NM,P-3m1
HgO2-MoS2-FM,P-6m2
HgS2-CdI2-FM,P-3m1
HgS2-MoS2-NM,P-6m2
HgSe2-CdI2-FM,P-3m1
HgSe2-CdI2-NM,P-3m1
HgSe2-MoS2-NM,P-6m2
HgTe2-CdI2-NM,P-3m1
HgTe2-MoS2-NM,P-6m2
IrO2-CdI2-NM,P-3m1
IrO2-MoS2-FM,P-6m2
IrS2-CdI2-NM,P-3m1
IrS2-MoS2-NM,P-6m2
IrSe2-CdI2-NM,P-3m1
IrSe2-MoS2-NM,P-6m2
IrTe2-CdI2-NM,P-3m1
IrTe2-MoS2-NM,P-6m2
MnO2-CdI2-FM,P-3m1
MnO2-MoS2-FM,P-6m2
MnS2-CdI2-FM,P-3m1
MnS2-MoS2-FM,P-6m2
MnSe2-CdI2-FM,P-3m1
MnSe2-MoS2-FM,P-6m2
MnTe2-CdI2-FM,P-3m1
MnTe2-MoS2-FM,P-6m2
MoO2-CdI2-NM,P-3m1
MoO2-MoS2-NM,P-6m2
MoS2-CdI2-NM,P-3m1
MoS2-MoS2-NM,P-6m2
MoSe2-CdI2-NM,P-3m1
MoSe2-MoS2-NM,P-6m2
MoTe2-CdI2-NM,P-3m1
MoTe2-MoS2-NM,P-6m2
NbO2-CdI2-FM,P-3m1
NbO2-MoS2-FM,P-6m2
NbO2-MoS2-NM,P-6m2
NbS2-CdI2-NM,P-3m1
NbS2-MoS2-FM,P-6m2
NbS2-MoS2-NM,P-6m2
NbSe2-CdI2-NM,P-3m1
NbSe2-MoS2-NM,P-6m2
NbTe2-CdI2-NM,P-3m1
NbTe2-MoS2-FM,P-6m2
NbTe2-MoS2-NM,P-6m2
NiO2-CdI2-NM,P-3m1
NiO2-MoS2-FM,P-6m2
NiS2-CdI2-NM,P-3m1
NiS2-MoS2-NM,P-6m2
NiSe2-CdI2-NM,P-3m1
NiSe2-MoS2-NM,P-6m2
NiTe2-CdI2-NM,P-3m1
NiTe2-MoS2-NM,P-6m2
OsO2-CdI2-FM,P-3m1
OsO2-MoS2-FM,P-6m2
OsS2-CdI2-FM,P-3m1
OsS2-CdI2-NM,P-3m1
OsS2-MoS2-NM,P-6m2
OsSe2-CdI2-NM,P-3m1
OsSe2-MoS2-NM,P-6m2
OsTe2-CdI2-NM,P-3m1
OsTe2-MoS2-NM,P-6m2
PbO2-CdI2-NM,P-3m1
PbO2-MoS2-NM,P-6m2
PbS2-CdI2-NM,P-3m1
PbS2-MoS2-NM,P-6m2
PbSe2-CdI2-NM,P-3m1
PbSe2-MoS2-NM,P-6m2
PbTe2-CdI2-NM,P-3m1
PbTe2-MoS2-NM,P3m1
PdO2-CdI2-NM,P-3m1
PdO2-MoS2-NM,P-6m2
PdS2-CdI2-NM,P-3m1
PdS2-MoS2-NM,P-6m2
PdSe2-CdI2-NM,P-3m1
PdSe2-MoS2-NM,P-6m2
PdTe2-CdI2-NM,P-3m1
PdTe2-MoS2-NM,P-6m2
PtO2-CdI2-NM,P-3m1
PtO2-MoS2-FM,P-6m2
PtS2-CdI2-NM,P-3m1
PtS2-MoS2-NM,P-6m2
PtSe2-CdI2-NM,P-3m1
PtSe2-MoS2-NM,P-6m2
PtTe2-CdI2-NM,P-3m1
PtTe2-MoS2-NM,P-6m2
ReO2-CdI2-NM,P-3m1
ReO2-MoS2-NM,P-6m2
ReS2-CdI2-NM,P-3m1
ReS2-MoS2-NM,P-6m2
ReSe2-CdI2-NM,P-3m1
ReSe2-MoS2-NM,P-6m2
ReTe2-CdI2-NM,P-3m1
ReTe2-MoS2-NM,P-6m2
RhO2-CdI2-NM,P-3m1
RhO2-MoS2-FM,P-6m2
RhS2-CdI2-NM,P-3m1
RhS2-MoS2-NM,P-6m2
RhSe2-CdI2-NM,P-3m1
RhSe2-MoS2-NM,P-6m2
RhTe2-CdI2-NM,P-3m1
RhTe2-MoS2-NM,P-6m2
RuO2-CdI2-NM,P-3m1
RuO2-MoS2-FM,P-6m2
RuO2-MoS2-NM,P-6m2
RuS2-CdI2-FM,P-3m1
RuS2-MoS2-NM,P-6m2
RuSe2-CdI2-FM,P-3m1
RuSe2-MoS2-FM,P-6m2
RuSe2-MoS2-NM,P-6m2
RuTe2-CdI2-NM,P-3m1
RuTe2-MoS2-FM,P-6m2
RuTe2-MoS2-NM,P-6m2
ScO2-CdI2-FM,P-3m1
ScO2-MoS2-FM,P-6m2
ScS2-CdI2-NM,P-3m1
ScS2-MoS2-FM,P-6m2
ScSe2-CdI2-NM,P-3m1
ScSe2-MoS2-FM,P-6m2
ScTe2-CdI2-NM,P-3m1
ScTe2-MoS2-NM,P-6m2
SnO2-CdI2-NM,P-3m1
SnO2-MoS2-NM,P-6m2
SnS2-CdI2-NM,P-3m1
SnS2-MoS2-NM,P-6m2
SnSe2-CdI2-NM,P-3m1
SnSe2-MoS2-NM,P-6m2
SnTe2-CdI2-NM,P-3m1
SnTe2-MoS2-NM,P-6m2
TaO2-CdI2-NM,P-3m1
TaO2-MoS2-FM,P-6m2
TaO2-MoS2-NM,P-6m2
TaS2-CdI2-NM,P-3m1
TaS2-MoS2-NM,P-6m2
TaSe2-CdI2-NM,P-3m1
TaSe2-MoS2-NM,P-6m2
TaTe2-CdI2-NM,P-3m1
TaTe2-MoS2-NM,P-6m2
TiO2-CdI2-NM,P-3m1
TiO2-MoS2-NM,P-6m2
TiS2-CdI2-NM,P-3m1
TiS2-MoS2-NM,P-6m2
TiSe2-CdI2-NM,P-3m1
TiSe2-MoS2-NM,P-6m2
TiTe2-CdI2-NM,P-3m1
TiTe2-MoS2-NM,P-6m2
VO2-CdI2-FM,P-3m1
VO2-MoS2-FM,P-6m2
VS2-CdI2-FM,P-3m1
VS2-CdI2-NM,P-3m1
VS2-MoS2-FM,P-6m2
VSe2-CdI2-FM,P-3m1
VSe2-CdI2-NM,P-3m1
VSe2-MoS2-FM,P-6m2
VTe2-CdI2-FM,P-3m1
VTe2-MoS2-FM,P-6m2
WO2-CdI2-NM,P-3m1
WO2-MoS2-NM,P-6m2
WS2-CdI2-NM,P-3m1
WS2-MoS2-NM,P-6m2
WSe2-CdI2-NM,P-3m1
WSe2-MoS2-NM,P-6m2
WTe2-CdI2-NM,P-3m1
WTe2-MoS2-NM,P-6m2
ZrO2-CdI2-NM,P-3m1
ZrO2-MoS2-NM,P-6m2
ZrS2-CdI2-NM,P-3m1
ZrS2-MoS2-NM,P-6m2
ZrSe2-CdI2-NM,P-3m1
ZrSe2-MoS2-NM,P-6m2
ZrTe2-CdI2-NM,P-3m1
ZrTe2-MoS2-NM,P-6m2
AgH2-MoS2-NM,P-6m2
AgLi2-MoS2-NM,P-6m2
AuH2-MoS2-NM,P-6m2
AuLi2-MoS2-NM,P-6m2
CoH2-MoS2-FM,P-6m2
CoH2-MoS2-NM,P-6m2
CoLi2-MoS2-FM,P-6m2
CrH2-MoS2-FM,P-6m2
CrLi2-MoS2-FM,P-6m2
CrLi2-MoS2-NM,P-6m2
CuH2-MoS2-NM,P-6m2
CuLi2-MoS2-NM,P-6m2
FeH2-MoS2-FM,P-6m2
FeLi2-MoS2-FM,P-6m2
HfH2-MoS2-NM,P-6m2
HfLi2-MoS2-NM,P-6m2
IrH2-MoS2-NM,P-6m2
IrLi2-MoS2-FM,P-6m2
IrLi2-MoS2-NM,P-6m2
MnH2-MoS2-FM,P-6m2
Li2Mn-MoS2-FM,P-6m2
MoH2-MoS2-NM,P-6m2
Li2Mo-MoS2-FM,P3m1
Li2Mo-MoS2-NM,P3m1
NbH2-MoS2-NM,P-6m2
Li2Nb-MoS2-FM,P3m1
Li2Nb-MoS2-NM,P-6m2
NiH2-MoS2-NM,P-6m2
Li2Ni-MoS2-NM,P-6m2
OsH2-MoS2-NM,P-6m2
Li2Os-MoS2-NM,P-6m2
Li2Pb-MoS2-NM,P-6m2
PtH2-MoS2-NM,P-6m2
Li2Pt-MoS2-NM,P-6m2
ReH2-MoS2-FM,P-6m2
ReH2-MoS2-NM,P-6m2
Li2Re-MoS2-NM,P3m1
RhH2-MoS2-NM,P-6m2
Li2Rh-MoS2-NM,P-6m2
RuH2-MoS2-NM,P-6m2
Li2Ru-MoS2-NM,P-6m2
ScH2-MoS2-FM,P-6m2
Li2Sc-MoS2-FM,P-6m2
TaH2-MoS2-NM,P-6m2
Li2Ta-MoS2-FM,P-6m2
Li2Ta-MoS2-NM,P-6m2
TiH2-MoS2-NM,P-6m2
Li2Ti-MoS2-NM,P-6m2
VH2-MoS2-NM,P-6m2
Li2V-MoS2-FM,P-6m2
Li2V-MoS2-NM,P3m1
WH2-MoS2-FM,P-6m2
WH2-MoS2-NM,P-6m2
Li2W-MoS2-FM,P3m1
Li2W-MoS2-NM,P-6m2
ZrH2-MoS2-NM,P-6m2
Li2Zr-MoS2-NM,P-6m2
Cr2Mo2S8-CrWS4-NM,P1
Cr2Mo2Se8-CrWS4-NM,P1
Cr2Mo2Te8-CrWS4-NM,P1
Cr2W2S8-CrWS4-NM,P1
Cr2W2Se8-CrWS4-NM,P1
Cr2W2Te8-CrWS4-NM,P1
Cr3MoS8-CrW3S8-NM,P1
Cr3MoSe8-CrW3S8-NM,P1
Cr3MoTe8-CrW3S8-NM,P1
Cr3WS8-CrW3S8-NM,P1
Cr3WSe8-CrW3S8-NM,P1
Cr3WTe8-CrW3S8-NM,P1
CrMo3S8-CrW3S8-NM,P1
CrMo3Se8-CrW3S8-NM,P1
CrMo3Te8-CrW3S8-NM,P1
CrW3S8-CrW3S8-NM,P1
CrW3Se8-CrW3S8-NM,P1
CrW3Te8-CrW3S8-NM,P1
Mo2W2S8-CrWS4-NM,P1
Mo2W2Se8-CrWS4-NM,P1
Mo2W2Te8-CrWS4-NM,P1
Mo3WS8-CrW3S8-NM,P1
Mo3WSe8-CrW3S8-NM,P1
Mo3WTe8-CrW3S8-NM,P1
MoW3S8-CrW3S8-NM,P1
MoW3Se8-CrW3S8-NM,P1
MoW3Te8-CrW3S8-NM,P1
Hf2Ti2S8-CrWS4-NM,P1
Hf2Ti2Se8-CrWS4-NM,P1
Hf2Ti2Te8-CrWS4-NM,P1
Ti2Zr2S8-CrWS4-NM,P1
Ti2Zr2Se8-CrWS4-NM,P1
Ti2Zr2Te8-CrWS4-NM,P1
HfTi3S8-CrW3S8-NM,P1
HfTi3Se8-CrW3S8-NM,P1
HfTi3Te8-CrW3S8-NM,P1
Ti3ZrS8-CrW3S8-NM,P1
Ti3ZrSe8-CrW3S8-NM,P1
Ti3ZrTe8-CrW3S8-NM,P1
Hf3TiS8-CrW3S8-NM,P1
Hf3TiSe8-CrW3S8-NM,P1
Hf3TiTe8-CrW3S8-NM,P1
TiZr3S8-CrW3S8-NM,P1
TiZr3Se8-CrW3S8-NM,P1
TiZr3Te8-CrW3S8-NM,P1
Hf2Zr2S8-CrWS4-NM,P1
Hf2Zr2Se8-CrWS4-NM,P1
Hf2Zr2Te8-CrWS4-NM,P1
HfZr3S8-CrW3S8-NM,P1
HfZr3Se8-CrW3S8-NM,P1
HfZr3Te8-CrW3S8-NM,P1
Hf3ZrS8-CrW3S8-NM,P1
Hf3ZrSe8-CrW3S8-NM,P1
Hf3ZrTe8-CrW3S8-NM,P1
Ag2Br2N2-FeOCl-NM,Pmmn
Ag2Br2O2-FeOCl-NM,Pmmn
Ag2Br2S2-FeOCl-NM,Pmmn
Ag2Br2Se2-FeOCl-NM,Pmmn
Ag2Cl2N2-FeOCl-NM,Pmmn
Ag2Cl2O2-FeOCl-NM,Pmm2
Ag2Cl2S2-FeOCl-NM,Pmmn
Ag2Cl2Se2-FeOCl-NM,Pmmn
Ag2I2N2-FeOCl-FM,Pmmn
Ag2I2N2-FeOCl-NM,Pmmn
Ag2I2O2-FeOCl-NM,Pmm2
Ag2I2S2-FeOCl-NM,Pmmn
Ag2I2Se2-FeOCl-NM,Pmmn
Al2Br2N2-FeOCl-NM,Pmmn
Al2Br2O2-FeOCl-NM,Pmmn
Al2Br2S2-FeOCl-NM,Pmmn
Al2Br2Se2-FeOCl-NM,Pmmn
Al2Cl2N2-FeOCl-NM,Pmmn
Al2Cl2O2-FeOCl-NM,Pmmn
Al2Cl2S2-FeOCl-NM,Pmmn
Al2Cl2Se2-FeOCl-NM,Pmmn
Al2I2O2-FeOCl-NM,Pmmn
Al2I2S2-FeOCl-NM,Pmmn
Al2I2Se2-FeOCl-NM,Pmmn
Au2Br2N2-FeOCl-NM,Pmm2
Au2Br2O2-FeOCl-NM,Pmmn
Au2Br2S2-FeOCl-FM,Pmmn
Au2Br2S2-FeOCl-NM,Pmmn
Au2Br2Se2-FeOCl-NM,Pmmn
Au2Cl2N2-FeOCl-NM,Pmm2
Au2Cl2O2-FeOCl-NM,Pmm2
Au2Cl2Se2-FeOCl-NM,Pmmn
Au2I2N2-FeOCl-NM,Pmm2
Au2I2O2-FeOCl-NM,Pmmn
Au2I2S2-FeOCl-NM,Pmmn
Au2I2Se2-FeOCl-NM,Pmmn
Bi2Br2N2-FeOCl-NM,Pmmn
Bi2Br2O2-FeOCl-NM,Pmmn
Bi2Br2S2-FeOCl-NM,Pmmn
Bi2Br2Se2-FeOCl-NM,Pmmn
Bi2Cl2N2-FeOCl-NM,Pmmn
Bi2Cl2O2-FeOCl-NM,Pmmn
Bi2Cl2S2-FeOCl-NM,Pmmn
Bi2Cl2Se2-FeOCl-NM,Pmmn
Bi2I2N2-FeOCl-NM,Pmm2
Bi2I2O2-FeOCl-NM,Pmmn
Bi2I2S2-FeOCl-NM,Pmmn
Bi2I2Se2-FeOCl-NM,Pmmn
Br2Ge2N2-FeOCl-NM,Pmmn
Br2Ge2O2-FeOCl-NM,Pmmn
Br2Ge2S2-FeOCl-NM,Pmm2
Br2Ge2Se2-FeOCl-NM,Pmmn
Cl2Ge2N2-FeOCl-NM,Pmmn
Cl2Ge2O2-FeOCl-NM,Pmmn
Cl2Ge2S2-FeOCl-NM,Pmmn
Cl2Ge2Se2-FeOCl-NM,Pmmn
Co2Br2N2-FeOCl-NM,Pmm2
Co2Br2O2-FeOCl-NM,Pmmn
Co2Br2S2-FeOCl-NM,Pmmn
Co2Br2Se2-FeOCl-NM,Pmmn
Co2Cl2N2-FeOCl-NM,Pmmn
Co2Cl2O2-FeOCl-NM,Pmmn
Co2Cl2S2-FeOCl-NM,Pmmn
Co2Cl2Se2-FeOCl-NM,Pmmn
Co2I2N2-FeOCl-NM,Pmmn
Co2I2O2-FeOCl-NM,Pmmn
Co2I2S2-FeOCl-NM,Pmmn
Co2I2Se2-FeOCl-NM,Pmmn
Cr2Br2N2-FeOCl-AFM,Pmmn
Cr2Br2N2-FeOCl-FM,Pmm2
Cr2Br2O2-FeOCl-AFM,Pmmn
Cr2Br2O2-FeOCl-FM,Pmmn
Cr2Br2S2-FeOCl-AFM,Pmmn
Cr2Br2S2-FeOCl-FM,Pmmn
Cr2Br2Se2-FeOCl-AFM,Pmmn
Cr2Br2Se2-FeOCl-FM,Pmmn
Cr2Cl2N2-FeOCl-AFM,Pmmn
Cr2Cl2N2-FeOCl-FM,Pmmn
Cr2Cl2O2-FeOCl-AFM,Pmmn
Cr2Cl2O2-FeOCl-FM,Pmmn
Cr2Cl2S2-FeOCl-AFM,Pmmn
Cr2Cl2S2-FeOCl-FM,Pmmn
Cr2Cl2Se2-FeOCl-AFM,Pmmn
Cr2Cl2Se2-FeOCl-FM,Pmmn
Cr2I2N2-FeOCl-AFM,Pmm2
Cr2I2N2-FeOCl-FM,Pmm2
Cr2I2O2-FeOCl-AFM,Pmmn
Cr2I2O2-FeOCl-FM,Pmmn
Cr2I2S2-FeOCl-AFM,Pmmn
Cr2I2S2-FeOCl-FM,Pmm2
Cr2I2Se2-FeOCl-AFM,Pmmn
Cr2I2Se2-FeOCl-FM,Pmmn
Cu2Br2N2-FeOCl-FM,Pmmn
Cu2Br2N2-FeOCl-NM,Pmmn
Cu2Br2O2-FeOCl-NM,Pmm2
Cu2Br2S2-FeOCl-FM,Pmm2
Cu2Br2S2-FeOCl-NM,Pmm2
Cu2Cl2N2-FeOCl-FM,Pmm2
Cu2Cl2N2-FeOCl-NM,Pmm2
Cu2Cl2O2-FeOCl-NM,Pmm2
Cu2Cl2Se2-FeOCl-NM,Pmm2
Cu2I2N2-FeOCl-NM,Pmm2
Cu2I2O2-FeOCl-NM,Pmmn
Cu2I2S2-FeOCl-NM,Pmm2
Cu2I2Se2-FeOCl-NM,Pmm2
Cu2Cl2S2-FeOCl-NM,Pmmn
Cu2Br2Se2-FeOCl-NM,Pmm2
Fe2Br2N2-FeOCl-AFM,Pmm2
Fe2Br2N2-FeOCl-FM,Pmm2
Fe2Br2O2-FeOCl-FM,Pmmn
Fe2Br2O2-FeOCl-AFM,Pmm2
Fe2Br2S2-FeOCl-AFM,Pmm2
Fe2Br2S2-FeOCl-FM,Pmm2
Fe2Br2Se2-FeOCl-AFM,Pmm2
Fe2Br2Se2-FeOCl-FM,Pmm2
Fe2Cl2N2-FeOCl-AFM,Pmm2
Fe2Cl2O2-FeOCl-AFM,Pmmn
Fe2Cl2O2-FeOCl-FM,Pmmn
Fe2Cl2S2-FeOCl-AFM,Pmm2
Fe2Cl2S2-FeOCl-FM,Pmmn
Fe2Cl2Se2-FeOCl-AFM,Pmm2
Fe2Cl2Se2-FeOCl-FM,Pmm2
Fe2I2N2-FeOCl-AFM,Pmmn
Fe2I2N2-FeOCl-FM,Pmm2
Fe2I2O2-FeOCl-AFM,Pmm2
Fe2I2O2-FeOCl-FM,Pmm2
Fe2I2S2-FeOCl-AFM,Pmmn
Fe2I2S2-FeOCl-FM,Pmmn
Fe2I2S2-FeOCl-NM,Pmmn
Fe2I2Se2-FeOCl-AFM,Pmm2
Fe2I2Se2-FeOCl-FM,Pmm2
Ga2Br2N2-FeOCl-NM,Pmmn
Ga2Br2O2-FeOCl-NM,Pmmn
Ga2Br2S2-FeOCl-NM,Pmmn
Ga2Br2Se2-FeOCl-NM,Pmmn
Ga2Cl2N2-FeOCl-NM,Pmmn
Ga2Cl2O2-FeOCl-NM,Pmmn
Ga2Cl2S2-FeOCl-NM,Pmmn
Ga2Cl2Se2-FeOCl-NM,Pmmn
Ga2I2N2-FeOCl-NM,Pmmn
Ga2I2O2-FeOCl-NM,Pmmn
Ga2I2S2-FeOCl-NM,Pmmn
Ga2I2Se2-FeOCl-NM,Pmmn
Ge2I2N2-FeOCl-NM,Pmmn
Ge2I2O2-FeOCl-NM,Pmmn
Ge2I2S2-FeOCl-NM,Pmmn
Ge2I2Se2-FeOCl-NM,Pmmn
Hf2Br2N2-FeOCl-NM,Pmmn
Hf2Br2O2-FeOCl-NM,Pmm2
Hf2Br2S2-FeOCl-NM,Pmmn
Hf2Br2Se2-FeOCl-NM,Pmmn
Hf2Cl2N2-FeOCl-NM,Pmmn
Hf2Cl2O2-FeOCl-NM,Pmmn
Hf2Cl2S2-FeOCl-NM,Pmmn
Hf2Cl2Se2-FeOCl-NM,Pmmn
Hf2I2N2-FeOCl-NM,Pmmn
Hf2I2O2-FeOCl-NM,Pmmn
Hf2I2S2-FeOCl-NM,Pmmn
Hf2I2Se2-FeOCl-NM,Pmmn
Hg2Br2N2-FeOCl-NM,Pmmn
Hg2Br2O2-FeOCl-FM,Pmmn
Hg2Cl2N2-FeOCl-NM,Pmmn
Hg2Cl2O2-FeOCl-FM,Pmmn
Hg2Cl2S2-FeOCl-NM,Pmmn
Hg2Cl2Se2-FeOCl-NM,Pmmn
Hg2I2N2-FeOCl-NM,Pmmn
Hg2I2O2-FeOCl-FM,Pmm2
Hg2I2O2-FeOCl-NM,Pmm2
Hg2I2S2-FeOCl-NM,Pmmn
Hg2Br2Se2-FeOCl-NM,Pmm2
Hg2I2Se2-FeOCl-NM,Pmmn
In2Br2N2-FeOCl-NM,Pmm2
In2Br2O2-FeOCl-NM,Pmmn
In2Br2S2-FeOCl-NM,Pmmn
In2Br2Se2-FeOCl-NM,Pmmn
In2Cl2N2-FeOCl-NM,Pmmn
In2Cl2O2-FeOCl-NM,Pmmn
In2Cl2S2-FeOCl-NM,Pmmn
In2Cl2Se2-FeOCl-NM,Pmmn
In2I2N2-FeOCl-NM,Pmmn
In2I2O2-FeOCl-NM,Pmmn
In2I2S2-FeOCl-NM,Pmmn
In2I2Se2-FeOCl-NM,Pmmn
Ir2Br2N2-FeOCl-NM,Pmmn
Ir2Br2O2-FeOCl-NM,Pmmn
Ir2Br2S2-FeOCl-NM,Pmmn
Ir2Br2Se2-FeOCl-NM,Pmmn
Ir2Cl2N2-FeOCl-NM,Pmmn
Ir2Cl2O2-FeOCl-NM,Pmmn
Ir2Cl2S2-FeOCl-NM,Pmmn
Ir2Cl2Se2-FeOCl-NM,Pmmn
Ir2I2N2-FeOCl-NM,Pmmn
Ir2I2O2-FeOCl-NM,Pmmn
Ir2I2S2-FeOCl-NM,Pmmn
Ir2I2Se2-FeOCl-NM,Pmmn
Mn2Br2N2-FeOCl-AFM,Pmmn
Mn2Br2N2-FeOCl-FM,Pmmn
Mn2Br2O2-FeOCl-AFM,Pmmn
Mn2Br2O2-FeOCl-FM,Pmmn
Mn2Br2S2-FeOCl-AFM,Pmm2
Mn2Br2S2-FeOCl-FM,Pmmn
Mn2Br2Se2-FeOCl-AFM,Pmmn
Mn2Br2Se2-FeOCl-FM,Pmmn
Mn2Cl2N2-FeOCl-AFM,Pmmn
Mn2Cl2N2-FeOCl-FM,Pmmn
Mn2Cl2O2-FeOCl-AFM,Pmmn
Mn2Cl2O2-FeOCl-FM,Pmmn
Mn2Cl2S2-FeOCl-AFM,Pmmn
Mn2Cl2S2-FeOCl-FM,Pmmn
Mn2Cl2Se2-FeOCl-AFM,Pmmn
Mn2Cl2Se2-FeOCl-FM,Pmmn
Mn2I2N2-FeOCl-AFM,Pmmn
Mn2I2N2-FeOCl-FM,Pmmn
Mn2I2O2-FeOCl-AFM,Pmmn
Mn2I2O2-FeOCl-FM,Pmmn
Mn2I2S2-FeOCl-AFM,Pmmn
Mn2I2S2-FeOCl-FM,Pmm2
Mn2I2Se2-FeOCl-AFM,Pmmn
Mn2I2Se2-FeOCl-FM,Pmmn
Mo2Br2N2-FeOCl-NM,Pmmn
Mo2Br2O2-FeOCl-NM,Pmmn
Mo2Br2S2-FeOCl-NM,Pmm2
Mo2Br2Se2-FeOCl-NM,Pmm2
Mo2Cl2N2-FeOCl-NM,Pmmn
Mo2Cl2O2-FeOCl-NM,Pmmn
Mo2Cl2S2-FeOCl-AFM,Pmmn
Mo2Cl2S2-FeOCl-FM,Pmmn
Mo2Cl2S2-FeOCl-NM,Pmmn
Mo2Cl2Se2-FeOCl-NM,Pmmn
Mo2I2N2-FeOCl-AFM,Pmmn
Mo2I2N2-FeOCl-FM,Pmmn
Mo2I2N2-FeOCl-NM,Pmmn
Mo2I2O2-FeOCl-NM,Pmmn
Mo2I2S2-FeOCl-AFM,Pmmn
Mo2I2S2-FeOCl-FM,Pmmn
Mo2I2Se2-FeOCl-NM,Pmm2
Nb2Br2N2-FeOCl-NM,Pmmn
Nb2Br2O2-FeOCl-NM,Pmmn
Nb2Br2S2-FeOCl-NM,Pmmn
Nb2Br2Se2-FeOCl-NM,Pmmn
Nb2Cl2N2-FeOCl-NM,Pmmn
Nb2Cl2O2-FeOCl-NM,Pmmn
Nb2Cl2S2-FeOCl-NM,Pmmn
Nb2Cl2Se2-FeOCl-NM,Pmmn
Nb2I2N2-FeOCl-NM,Pmmn
Nb2I2O2-FeOCl-NM,Pmmn
Nb2I2S2-FeOCl-NM,Pmmn
Nb2I2Se2-FeOCl-NM,Pmmn
Ni2Br2O2-FeOCl-AFM,Pmmn
Ni2Br2O2-FeOCl-FM,Pmmn
Ni2Br2S2-FeOCl-NM,Pmmn
Ni2Br2Se2-FeOCl-NM,Pmmn
Ni2Cl2N2-FeOCl-NM,Pmmn
Ni2Cl2S2-FeOCl-NM,Pmmn
Ni2I2N2-FeOCl-NM,Pmmn
Ni2I2O2-FeOCl-AFM,Pmmn
Ni2I2O2-FeOCl-FM,Pmmn
Ni2I2S2-FeOCl-NM,Pmmn
Ni2I2Se2-FeOCl-NM,Pmmn
Ni2Br2N2-FeOCl-NM,Pmmn
Ni2Cl2O2-FeOCl-AFM,Pmmn
Ni2Cl2O2-FeOCl-FM,Pmmn
Ni2Cl2Se2-FeOCl-NM,Pmmn
Os2Br2N2-FeOCl-NM,Pmmn
Os2Br2O2-FeOCl-FM,Pmmn
Os2Br2O2-FeOCl-NM,Pmmn
Os2Br2S2-FeOCl-NM,Pmmn
Os2Br2Se2-FeOCl-NM,Pmmn
Os2Cl2N2-FeOCl-NM,Pmm2
Os2Cl2O2-FeOCl-FM,Pmmn
Os2Cl2O2-FeOCl-NM,Pmmn
Os2Cl2S2-FeOCl-NM,Pmmn
Os2Cl2Se2-FeOCl-NM,Pmmn
Os2I2O2-FeOCl-FM,Pmm2
Os2I2O2-FeOCl-NM,Pmmn
Os2I2S2-FeOCl-NM,Pmmn
Os2I2Se2-FeOCl-NM,Pmmn
Pb2Br2N2-FeOCl-NM,Pmmn
Pb2Br2O2-FeOCl-NM,Pmm2
Pb2Br2S2-FeOCl-NM,Pmmn
Pb2Cl2N2-FeOCl-NM,Pmm2
Pb2Cl2O2-FeOCl-NM,Pmmn
Pb2Cl2S2-FeOCl-NM,Pmmn
Pb2Cl2Se2-FeOCl-NM,Pmmn
Pb2I2N2-FeOCl-NM,Pmmn
Pb2I2O2-FeOCl-NM,Pmmn
Pb2I2S2-FeOCl-NM,Pmmn
Pb2I2Se2-FeOCl-NM,Pmmn
Pb2Br2Se2-FeOCl-NM,Pmm2
Pd2Br2N2-FeOCl-NM,Pmmn
Pd2Br2O2-FeOCl-NM,Pmmn
Pd2Br2S2-FeOCl-NM,Pmmn
Pd2Cl2N2-FeOCl-NM,Pmmn
Pd2Cl2O2-FeOCl-NM,Pmmn
Pd2Cl2S2-FeOCl-NM,Pmmn
Pd2Cl2Se2-FeOCl-NM,Pmmn
Pd2I2N2-FeOCl-NM,Pmmn
Pd2I2O2-FeOCl-NM,Pmmn
Pd2I2S2-FeOCl-NM,Pmmn
Pd2I2Se2-FeOCl-NM,Pmmn
Pt2Br2N2-FeOCl-NM,Pmmn
Pt2Br2O2-FeOCl-NM,Pmmn
Pt2Br2S2-FeOCl-NM,Pmmn
Pt2Br2Se2-FeOCl-NM,Pmmn
Pt2Cl2N2-FeOCl-NM,Pmmn
Pt2Cl2O2-FeOCl-NM,Pmmn
Pt2Cl2S2-FeOCl-NM,Pmmn
Pt2Cl2Se2-FeOCl-NM,Pmmn
Pt2I2N2-FeOCl-NM,Pmmn
Pt2I2O2-FeOCl-NM,Pmmn
Pt2I2S2-FeOCl-NM,Pmmn
Pt2I2Se2-FeOCl-NM,Pmmn
Rh2Br2N2-FeOCl-NM,Pmmn
Rh2Br2O2-FeOCl-NM,Pmmn
Rh2Br2S2-FeOCl-NM,Pmmn
Rh2Br2Se2-FeOCl-NM,Pmmn
Rh2Cl2N2-FeOCl-NM,Pmmn
Rh2Cl2O2-FeOCl-NM,Pmmn
Rh2Cl2Se2-FeOCl-NM,Pmmn
Rh2I2N2-FeOCl-NM,Pmmn
Rh2I2O2-FeOCl-NM,Pmmn
Rh2I2S2-FeOCl-NM,Pmmn
Rh2I2Se2-FeOCl-NM,Pmmn
Rh2Cl2S2-FeOCl-NM,Pmmn
Ru2Br2N2-FeOCl-NM,Pmmn
Ru2Br2O2-FeOCl-NM,Pmmn
Ru2Br2S2-FeOCl-NM,Pmmn
Ru2Br2Se2-FeOCl-NM,Pmmn
Ru2Cl2N2-FeOCl-NM,Pmmn
Ru2Cl2O2-FeOCl-NM,Pmmn
Ru2Cl2S2-FeOCl-NM,Pmmn
Ru2Cl2Se2-FeOCl-FM,Pmmn
Ru2Cl2Se2-FeOCl-NM,Pmmn
Ru2I2O2-FeOCl-AFM,Pmm2
Ru2I2O2-FeOCl-FM,Pmmn
Ru2I2O2-FeOCl-NM,Pmmn
Ru2I2S2-FeOCl-NM,Pmmn
Ru2I2Se2-FeOCl-NM,Pmmn
Ru2I2N2-FeOCl-NM,Pmmn
Sc2Br2N2-FeOCl-NM,Pmmn
Sc2Br2O2-FeOCl-NM,Pmmn
Sc2Br2S2-FeOCl-NM,Pmmn
Sc2Br2Se2-FeOCl-NM,Pmmn
Sc2Cl2N2-FeOCl-NM,Pmmn
Sc2Cl2O2-FeOCl-NM,Pmmn
Sc2Cl2S2-FeOCl-NM,Pmmn
Sc2Cl2Se2-FeOCl-NM,Pmmn
Sc2I2N2-FeOCl-NM,Pmmn
Sc2I2O2-FeOCl-NM,Pmmn
Sc2I2S2-FeOCl-NM,Pmmn
Sc2I2Se2-FeOCl-NM,Pmmn
Sn2Br2N2-FeOCl-NM,Pmmn
Sn2Br2O2-FeOCl-NM,Pmm2
Sn2Br2S2-FeOCl-NM,Pmmn
Sn2Br2Se2-FeOCl-NM,Pmmn
Sn2Cl2N2-FeOCl-NM,Pmmn
Sn2Cl2O2-FeOCl-NM,Pmmn
Sn2Cl2S2-FeOCl-NM,Pmmn
Sn2Cl2Se2-FeOCl-NM,Pmm2
Sn2I2N2-FeOCl-NM,Pmmn
Sn2I2O2-FeOCl-NM,Pmmn
Sn2I2S2-FeOCl-NM,Pmmn
Sn2I2Se2-FeOCl-NM,Pmmn
Ta2Br2O2-FeOCl-NM,Pmmn
Ta2Br2S2-FeOCl-NM,Pmmn
Ta2Br2Se2-FeOCl-NM,Pmm2
Ta2Cl2N2-FeOCl-NM,Pmm2
Ta2Cl2O2-FeOCl-NM,Pmmn
Ta2Cl2S2-FeOCl-NM,Pmmn
Ta2Cl2Se2-FeOCl-NM,Pmmn
Ta2I2N2-FeOCl-NM,Pmmn
Ta2I2O2-FeOCl-NM,Pmm2
Ta2I2S2-FeOCl-NM,Pmmn
Ta2I2Se2-FeOCl-NM,Pmmn
Ta2Br2N2-FeOCl-NM,Pmm2
Ti2Br2N2-FeOCl-NM,Pmmn
Ti2Br2O2-FeOCl-NM,Pmmn
Ti2Br2S2-FeOCl-NM,Pmmn
Ti2Br2Se2-FeOCl-NM,Pmmn
Ti2Cl2N2-FeOCl-NM,Pmmn
Ti2Cl2O2-FeOCl-NM,Pmmn
Ti2Cl2S2-FeOCl-NM,Pmmn
Ti2Cl2Se2-FeOCl-NM,Pmmn
Ti2I2N2-FeOCl-NM,Pmmn
Ti2I2O2-FeOCl-NM,Pmmn
Ti2I2S2-FeOCl-NM,Pmm2
Ti2I2Se2-FeOCl-NM,Pmmn
Tl2Br2N2-FeOCl-NM,Pmmn
Tl2Br2O2-FeOCl-NM,Pmmn
Tl2Cl2N2-FeOCl-NM,Pmmn
Tl2Cl2O2-FeOCl-NM,Pmmn
Tl2I2N2-FeOCl-NM,Pmmn
Tl2I2O2-FeOCl-NM,Pmmn
Tl2I2S2-FeOCl-NM,Pmmn
V2Br2N2-FeOCl-NM,Pmm2
V2Br2O2-FeOCl-AFM,Pmm2
V2Br2O2-FeOCl-FM,Pmmn
V2Br2S2-FeOCl-AFM,Pmmn
V2Br2S2-FeOCl-FM,Pmmn
V2Br2Se2-FeOCl-AFM,Pmmn
V2Br2Se2-FeOCl-FM,Pmmn
V2Cl2N2-FeOCl-NM,Pmmn
V2Cl2O2-FeOCl-AFM,Pmmn
V2Cl2S2-FeOCl-AFM,Pmm2
V2Cl2Se2-FeOCl-AFM,Pmm2
V2Cl2Se2-FeOCl-FM,Pmm2
V2I2N2-FeOCl-AFM,Pmmn
V2I2N2-FeOCl-FM,Pmmn
V2I2N2-FeOCl-NM,Pmmn
V2I2O2-FeOCl-AFM,Pmmn
V2I2O2-FeOCl-FM,Pmmn
V2I2S2-FeOCl-AFM,Pmmn
V2I2S2-FeOCl-FM,Pmmn
V2I2Se2-FeOCl-AFM,Pmm2
V2I2Se2-FeOCl-FM,Pmm2
W2Br2N2-FeOCl-NM,Pmmn
W2Br2O2-FeOCl-NM,Pmmn
W2Br2S2-FeOCl-NM,Pmm2
W2Br2Se2-FeOCl-NM,Pmmn
W2Cl2N2-FeOCl-NM,Pmmn
W2Cl2O2-FeOCl-NM,Pmmn
W2Cl2S2-FeOCl-NM,Pmmn
W2Cl2Se2-FeOCl-NM,Pmmn
W2I2N2-FeOCl-NM,Pmmn
W2I2O2-FeOCl-NM,Pmmn
W2I2S2-FeOCl-FM,Pmmn
W2I2Se2-FeOCl-NM,Pmmn
Zr2Br2N2-FeOCl-NM,Pmmn
Zr2Br2O2-FeOCl-NM,Pmm2
Zr2Br2S2-FeOCl-NM,Pmmn
Zr2Br2Se2-FeOCl-NM,Pmmn
Zr2Cl2N2-FeOCl-NM,Pmmn
Zr2Cl2O2-FeOCl-NM,Pmmn
Zr2Cl2Se2-FeOCl-NM,Pmmn
Zr2I2N2-FeOCl-NM,Pmmn
Zr2I2O2-FeOCl-NM,Pmmn
Zr2I2S2-FeOCl-NM,Pmmn
Zr2I2Se2-FeOCl-NM,Pmmn
Zr2Cl2S2-FeOCl-NM,Pmmn
Al2O2-GaS-NM,P-6m2
Al2S2-GaS-NM,P-6m2
Al2Se2-GaS-NM,P-6m2
Al2Te2-GaS-NM,P-6m2
Au2O2-GaS-NM,P-6m2
Au2S2-GaS-NM,P3m1
Au2Se2-GaS-NM,P-6m2
Au2Te2-GaS-NM,P-6m2
Bi2O2-GaS-NM,P-6m2
Bi2S2-GaS-NM,P-6m2
Bi2Se2-GaS-NM,P-6m2
Bi2Te2-GaS-NM,P-6m2
Co2O2-GaS-NM,P-6m2
Co2S2-GaS-NM,P-6m2
Co2Se2-GaS-NM,P-6m2
Co2Te2-GaS-FM,P3m1
Co2Te2-GaS-NM,P3m1
Cu2S2-GaS-NM,P-6m2
Cu2Se2-GaS-NM,P3m1
Cu2Te2-GaS-NM,P-6m2
Fe2O2-GaS-FM,P-6m2
Fe2O2-GaS-NM,P-6m2
Fe2S2-GaS-FM,P-6m2
Fe2S2-GaS-NM,P3m1
Fe2Se2-GaS-NM,P-6m2
Fe2Te2-GaS-AFM,P3m1
Fe2Te2-GaS-FM,P3m1
Ga2O2-GaS-NM,P-6m2
Ga2S2-GaS-NM,P-6m2
Ga2Se2-GaS-NM,P-6m2
Ga2Te2-GaS-NM,P-6m2
Hf2O2-GaS-NM,P-6m2
Hf2S2-GaS-FM,P-6m2
Hf2S2-GaS-NM,P-6m2
Hf2Se2-GaS-FM,P-6m2
Hf2Se2-GaS-NM,P-6m2
Hf2Te2-GaS-NM,P-6m2
In2O2-GaS-NM,P-6m2
In2S2-GaS-NM,P-6m2
In2Se2-GaS-NM,P-6m2
In2Te2-GaS-NM,P-6m2
Ir2O2-GaS-NM,P-6m2
Ir2S2-GaS-NM,P-6m2
Ir2Se2-GaS-NM,P-6m2
Ir2Te2-GaS-NM,P-6m2
Mn2O2-GaS-AFM,P-6m2
Mn2O2-GaS-FM,P-6m2
Mn2S2-GaS-AFM,P3m1
Mn2S2-GaS-FM,P3m1
Mn2Se2-GaS-AFM,P-6m2
Mn2Se2-GaS-FM,P-6m2
Mn2Te2-GaS-AFM,P-6m2
Mn2Te2-GaS-FM,P-6m2
Mo2O2-GaS-NM,P-6m2
Mo2S2-GaS-NM,P-6m2
Mo2Se2-GaS-NM,P-6m2
Mo2Te2-GaS-NM,P-6m2
Nb2O2-GaS-NM,P-6m2
Nb2S2-GaS-NM,P-6m2
Nb2Se2-GaS-NM,P-6m2
Nb2Te2-GaS-FM,P-6m2
Nb2Te2-GaS-NM,P-6m2
Ni2O2-GaS-AFM,P3m1
Ni2O2-GaS-FM,P-6m2
Ni2S2-GaS-NM,P-6m2
Ni2Se2-GaS-NM,P-6m2
Ni2Te2-GaS-NM,P-6m2
Os2O2-GaS-NM,P-6m2
Os2S2-GaS-NM,P-6m2
Os2Se2-GaS-NM,P-6m2
Os2Te2-GaS-NM,P-6m2
Pd2O2-GaS-NM,P-6m2
Pd2S2-GaS-NM,P-6m2
Pd2Se2-GaS-NM,P-6m2
Pd2Te2-GaS-NM,P-6m2
Pt2O2-GaS-NM,P-6m2
Pt2S2-GaS-NM,P-6m2
Pt2Se2-GaS-NM,P-6m2
Pt2Te2-GaS-NM,P-6m2
Re2O2-GaS-NM,P-6m2
Re2S2-GaS-NM,P-6m2
Re2Se2-GaS-NM,P-6m2
Re2Te2-GaS-NM,P-6m2
Rh2O2-GaS-NM,P-6m2
Rh2S2-GaS-NM,P-6m2
Rh2Se2-GaS-NM,P-6m2
Rh2Te2-GaS-NM,P-6m2
Ru2O2-GaS-NM,P-6m2
Ru2S2-GaS-NM,P-6m2
Ru2Se2-GaS-NM,P-6m2
Ru2Te2-GaS-NM,P-6m2
Sc2O2-GaS-NM,P-6m2
Sc2S2-GaS-NM,P-6m2
Sc2Se2-GaS-NM,P-6m2
Sc2Te2-GaS-NM,P-6m2
Ta2O2-GaS-NM,P-6m2
Ta2S2-GaS-FM,P-6m2
Ta2S2-GaS-NM,P-6m2
Ta2Se2-GaS-FM,P-6m2
Ta2Se2-GaS-NM,P-6m2
Ta2Te2-GaS-FM,P-6m2
Ti2O2-GaS-NM,P-6m2
Ti2S2-GaS-FM,P-6m2
Ti2S2-GaS-NM,P-6m2
Ti2Se2-GaS-FM,P-6m2
Ti2Se2-GaS-NM,P-6m2
Ti2Te2-GaS-NM,P-6m2
Tl2O2-GaS-NM,P-6m2
Tl2S2-GaS-NM,P-6m2
Tl2Se2-GaS-NM,P-6m2
Tl2Te2-GaS-NM,P-6m2
V2O2-GaS-AFM,P-6m2
V2S2-GaS-NM,P-6m2
V2Se2-GaS-NM,P-6m2
V2Te2-GaS-NM,P-6m2
W2O2-GaS-NM,P-6m2
W2S2-GaS-NM,P-6m2
W2Se2-GaS-NM,P-6m2
W2Te2-GaS-NM,P-6m2
Zr2O2-GaS-NM,P-6m2
Zr2S2-GaS-FM,P-6m2
Zr2S2-GaS-NM,P-6m2
Zr2Se2-GaS-NM,P-6m2
Zr2Te2-GaS-NM,P-6m2
Co2S6-Undefined-NM,Pm
Co2Se6-Undefined-NM,P1
Co2Te6-VTe3-NM,Pm
Cr2Te6-VTe3-AFM,P2_1/m
Cr2Te6-VTe3-FM,P2_1/m
Fe2Te6-VTe3-FM,P2_1/m
Fe2Te6-VTe3-NM,P2_1/m
Hf2O6-TiS3-NM,P2_1/m
Hf2S6-TiS3-NM,P2_1/m
Hf2Se6-TiS3-NM,P2_1/m
Hf2Te6-TiS3-NM,P2_1/m
Ir2O6-Undefined-NM,Pm
Ir2S6-Undefined-NM,P1
Ir2Se6-VTe3-NM,Pm
Ir2Te6-VTe3-NM,Pm
Mn2Te6-VTe3-AFM,Pm
Mn2Te6-VTe3-FM,Pm
Mo2S6-TiS3-NM,P2_1/m
Mo2Se6-VTe3-NM,Pm
Mo2Te6-VTe3-NM,Pm
Nb2O6-TiS3-NM,P2_1/m
Nb2S6-TiS3-NM,P2_1/m
Nb2Se6-TiS3-NM,P2_1/m
Nb2Te6-TiS3-NM,P2_1/m
Ni2O6-Undefined-AFM,Pm
Ni2O6-Undefined-FM,Pm
Ni2S6-VTe3-NM,P1
Ni2Se6-VTe3-NM,Pm
Ni2Te6-VTe3-NM,P1
Os2Se6-VTe3-NM,P2_1/m
Os2Te6-VTe3-NM,P2_1/m
Pb2Te6-Undefined-NM,P1
Pt2Se6-VTe3-NM,P1
Pt2Te6-VTe3-NM,P1
Rh2O6-Undefined-NM,Pm
Rh2Te6-VTe3-NM,P1
Ru2Se6-VTe3-NM,P1
Ru2Te6-VTe3-NM,P2_1/m
Sc2S6-TiS3-NM,Pm
Sc2Se6-TiS3-NM,P2_1/m
Sc2Te6-VTe3-NM,P2_1/m
Ta2O6-TiS3-NM,P2_1/m
Ta2S6-TiS3-NM,P2_1/m
Ta2Se6-TiS3-NM,P2_1/m
Ta2Te6-TiS3-NM,P2_1/m
Ti2O6-TiS3-NM,P2_1/m
Ti2S6-TiS3-NM,P2_1/m
Ti2Se6-TiS3-NM,P2_1/m
Ti2Te6-TiS3-NM,P2_1/m
V2O6-TiS3-NM,P2_1/m
V2S6-TiS3-NM,P2_1/m
V2Se6-TiS3-FM,P2_1/m
V2Se6-TiS3-NM,P2_1/m
V2Te6-VTe3-AFM,Pm
V2Te6-VTe3-FM,Pm
V2Te6-VTe3-NM,P2_1/m
W2S6-TiS3-NM,P2_1/m
W2Te6-VTe3-NM,P1
Zr2O6-TiS3-NM,P2_1/m
Zr2S6-TiS3-NM,P2_1/m
Zr2Se6-TiS3-NM,P2_1/m
Zr2Te6-TiS3-NM,P2_1/m
Ag2Br4-CdI2-NM,P2_1/m
Ag2I4-CdI2-NM,P2_1/m
Au2Br4-WTe2-NM,P2_1/m
Au2I4-WTe2-NM,P2_1/m
Au2O4-WTe2-NM,P2_1/m
Co2S4-CdI2-NM,P2_1/m
Co2Se4-CdI2-NM,P2_1/m
Co2Te4-CdI2-NM,P2_1/m
Cr2Br4-WTe2-AFM,Pm
Cr2Br4-WTe2-FM,Pm
Cr2Cl4-WTe2-AFM,P2_1/m
Cr2Cl4-WTe2-FM,P2_1/m
Cr2O4-WTe2-FM,P2_1/m
Cr2O4-WTe2-NM,P2_1/m
Cr2S4-WTe2-NM,P2_1/m
Cr2Se4-WTe2-NM,P2_1/m
Cu2Br4-CdI2-AFM,Pm
Cu2I4-CdI2-NM,Pm
Cu2Te4-WTe2-NM,P2_1/m
Fe2S4-WTe2-NM,P2_1/m
Fe2Se4-WTe2-NM,P2_1/m
Fe2Te4-WTe2-NM,P2_1/m
Hf2Br4-WTe2-NM,P2_1/m
Hf2Cl4-WTe2-NM,P2_1/m
Hf2I4-WTe2-NM,P2_1/m
Hg2O4-CdI2-FM,Pm
Hg2Te4-WTe2-NM,P2_1/m
Ir2Br4-WTe2-NM,P2_1/m
Ir2O4-CdI2-NM,P2_1/m
Ir2S4-WTe2-NM,P2_1/m
Ir2Se4-WTe2-NM,P2_1/m
Ir2Te4-CdI2-NM,P2_1/m
Mn2Cl4-CdI2-FM,Pm
Mn2O4-WTe2-FM,P2_1/m
Mn2S4-WTe2-AFM,P2_1/m
Mn2S4-WTe2-FM,P2_1/m
Mn2Se4-WTe2-FM,P2_1/m
Mn2Te4-WTe2-AFM,P2_1/m
Mn2Te4-WTe2-FM,P2_1/m
Mo2Br4-WTe2-FM,P2_1/m
Mo2Cl4-CdI2-NM,P2_1/m
Mo2I4-WTe2-FM,P2_1/m
Mo2I4-WTe2-NM,P2_1/m
Mo2O4-WTe2-NM,P2_1/m
Mo2S4-WTe2-NM,P2_1/m
Mo2Se4-WTe2-NM,P2_1/m
Mo2Te4-WTe2-NM,P2_1/m
Nb2Cl4-WTe2-NM,P2_1/m
Nb2I4-WTe2-NM,P2_1/m
Nb2O4-CdI2-NM,P2_1/m
Os2O4-WTe2-NM,P2_1/m
Os2S4-WTe2-NM,P2_1/m
Os2Se4-WTe2-NM,P2_1/m
Os2Te4-WTe2-NM,P2_1/m
Pd2Cl4-WTe2-NM,Pm
Re2Br4-WTe2-NM,P2_1/m
Re2Cl4-WTe2-NM,P2_1/m
Re2I4-WTe2-FM,P2_1/m
Re2I4-WTe2-NM,P2_1/m
Re2O4-WTe2-NM,P2_1/m
Re2S4-WTe2-NM,P2_1/m
Re2Se4-WTe2-NM,P2_1/m
Re2Te4-WTe2-NM,P2_1/m
Rh2Br4-CdI2-FM,P2_1/m
Rh2Cl4-WTe2-AFM,P2_1/m
Rh2Cl4-WTe2-FM,P2_1/m
Rh2S4-WTe2-NM,P2_1/m
Rh2Se4-WTe2-NM,P2_1/m
Rh2Te4-WTe2-NM,P2_1/m
Ru2O4-WTe2-NM,P2_1/m
Ru2S4-WTe2-NM,P2_1/m
Ru2Se4-WTe2-NM,P2_1/m
Ru2Te4-WTe2-NM,P2_1/m
Sc2Br4-CdI2-NM,P2_1/m
Sc2Cl4-CdI2-NM,P2_1/m
Ta2Br4-WTe2-NM,P2_1/m
Ta2I4-WTe2-NM,P2_1/m
Ta2O4-CdI2-NM,P2_1/m
Ti2Cl4-WTe2-NM,P2_1/m
Ti2I4-WTe2-NM,P2_1/m
Ti2O4-WTe2-NM,P2_1/m
V2Br4-CdI2-AFM,P2_1/m
V2Cl4-CdI2-AFM,P2_1/m
V2Cl4-WTe2-FM,P2_1/m
V2Cl4-WTe2-NM,P2_1/m
V2I4-CdI2-AFM,Pm
V2O4-WTe2-FM,P2_1/m
W2Cl4-CdI2-NM,P2_1/m
W2O4-WTe2-NM,P2_1/m
W2S4-WTe2-NM,P2_1/m
W2Se4-WTe2-NM,P2_1/m
W2Te4-WTe2-NM,P2_1/m
Y2Br4-CdI2-NM,P2_1/m
Y2Cl4-CdI2-NM,P2_1/m
Y2I4-WTe2-NM,P2_1/m
Zr2Br4-WTe2-NM,P2_1/m
Zr2Cl4-WTe2-NM,P2_1/m
Zr2I4-WTe2-NM,P2_1/m
C2F2-CH-NM,P-3m1
C2H2-CH-NM,P-3m1
F2Ge2-CH-NM,P-3m1
Ge2H2-CH-NM,P-3m1
F2Si2-CH-NM,P-3m1
H2Si2-CH-NM,P-3m1
CF2Si-CH2Si-NM,P3m1
CH2Si-CH2Si-NM,P3m1
Sn2F2-CH-NM,P-3m1
Sn2H2-CH-NM,P-3m1
Hf4Br4O4-HfBrS-NM,Pc
Hf4Br4S4-HfBrS-FM,Pc
Hf4Br4S4-HfBrS-NM,Pc
Hf4Br4Se4-HfBrS-FM,Pc
Hf4Br4Se4-HfBrS-NM,Pc
Hf4Cl4O4-HfBrS-NM,Pc
Hf4Cl4S4-HfBrS-FM,Pc
Hf4Cl4S4-HfBrS-NM,Pc
Hf4Cl4Se4-HfBrS-FM,Pc
Hf4Cl4Se4-HfBrS-NM,Pc
Hf4I4O4-HfBrS-NM,Pc
Hf4I4S4-HfBrS-FM,Pc
Hf4I4S4-HfBrS-NM,Pc
Hf4I4Se4-HfBrS-FM,Pc
Hf4I4Se4-HfBrS-NM,Pc
Ti4Br4O4-HfBrS-NM,Pc
Ti4Br4S4-HfBrS-FM,Pc
Ti4Br4Se4-HfBrS-FM,Pc
Ti4Cl4O4-HfBrS-NM,P1
Ti4Cl4S4-HfBrS-FM,Pc
Ti4Cl4Se4-HfBrS-FM,Pc
Ti4I4O4-HfBrS-NM,Pc
Ti4I4S4-HfBrS-FM,Pc
Ti4I4Se4-HfBrS-FM,Pc
Zr4Br4O4-HfBrS-NM,Pc
Zr4Br4S4-HfBrS-FM,Pc
Zr4Br4Se4-HfBrS-FM,Pc
Zr4Br4Se4-HfBrS-NM,Pc
Zr4Cl4O4-HfBrS-NM,Pc
Zr4Cl4S4-HfBrS-FM,Pc
Zr4Cl4Se4-HfBrS-FM,Pc
Zr4Cl4Se4-HfBrS-NM,Pc
Zr4I4O4-HfBrS-NM,Pc
Zr4I4S4-HfBrS-FM,Pc
Zr4I4S4-HfBrS-NM,Pc
Zr4I4Se4-HfBrS-FM,Pc
Zr4I4Se4-HfBrS-NM,Pc
