Co2O2-AuSe-FM,y
Co2S2-NiSe-FM,y
Co2Se2-NiSe-FM,y
Cr2O2-RhO-FM,z
Cr2S2-NiSe-AFM,y
Cr2Se2-NiSe-AFM,x
Fe2O2-AuSe-FM,z
Fe2S2-NiSe-FM,z
Fe2Se2-NiSe-FM,x
Hf2O2-AuSe-FM,x
Hf2S2-AuSe-FM,z
Mn2S2-NiSe-AFM,z
Mn2Se2-NiSe-FM,x
Mn2Te2-NiSe-FM,z
Mo2O2-RhO-FM,z
Ni2O2-AuSe-FM,y
Ni2Se2-NiSe-FM,z
Ni2Te2-NiSe-FM,z
Sc2O2-AuSe-FM,y
Sc2Se2-NiSe-FM,z
Sc2Te2-NiSe-FM,z
Ti2O2-AuSe-FM,x
V2S2-NiSe-FM,y
V2S2-NiSe-AFM,x
V2Se2-NiSe-AFM,x
V2Te2-NiSe-FM,z
Zr2O2-AuSe-FM,x
CrAsSb-BiTeI-FM,z
BiCrSb-BiTeI-FM,x
TiBrCl-BiTeI-FM,z
TiBrI-BiTeI-FM,z
TiClI-BiTeI-FM,z
BiVSb-BiTeI-FM,z
VBrCl-BiTeI-FM,z
VBrI-BiTeI-FM,z
VClI-BiTeI-FM,z
VSeTe-BiTeI-FM,x
VSSe-BiTeI-FM,y
VSTe-BiTeI-FM,x
Sc2S2-CH-FM,z
Sc2Se2-CH-FM,z
Sc2Te2-CH-FM,z
Sc2F2-CH-FM,y
Sc2Cl2-CH-FM,y
Sc2I2-CH-FM,y
Ti2Te2-CH-FM,y
Ti2Br2-CH-AFM,x
Ti2I2-CH-FM,z
V2Te2-CH-AFM,x
V2Br2-CH-FM,z
V2Br2-CH-AFM,z
V2I2-CH-AFM,z
Cr2S2-CH-FM,z
Cr2Se2-CH-FM,x
Cr2Se2-CH-AFM,z
Cr2Te2-CH-AFM,x
Cr2Cl2-CH-AFM,x
Cr2Br2-CH-AFM,x
Cr2I2-CH-FM,x
Cr2I2-CH-AFM,x
Mn2S2-CH-AFM,x
Mn2Se2-CH-AFM,x
Mn2Te2-CH-FM,y
Mn2Te2-CH-AFM,y
Mn2Br2-CH-AFM,x
Fe2S2-CH-AFM,x
Fe2Se2-CH-FM,x
Fe2Se2-CH-AFM,x
Fe2Te2-CH-FM,x
Fe2Te2-CH-AFM,y
Fe2F2-CH-FM,z
Fe2F2-CH-AFM,z
Fe2Cl2-CH-FM,z
Fe2Cl2-CH-AFM,x
Fe2Br2-CH-FM,z
Fe2Br2-CH-AFM,x
Fe2I2-CH-FM,x
Fe2I2-CH-AFM,z
Co2F2-CH-FM,x
Co2F2-CH-AFM,z
Co2Cl2-CH-FM,z
Co2Cl2-CH-AFM,z
Co2Br2-CH-FM,z
Co2Br2-CH-AFM,z
Co2I2-CH-FM,x
Co2I2-CH-AFM,z
Ni2F2-CH-FM,z
Ni2F2-CH-AFM,y
Ni2Cl2-CH-FM,z
Ni2Br2-CH-FM,z
Ni2I2-CH-FM,y
Cu2F2-CH-FM,y
Rh2F2-CH-FM,y
Rh2Cl2-CH-FM,x
Rh2Br2-CH-FM,y
Ag2S2-CH-FM,x
Hf2Te2-CH-FM,z
Ta2Br2-CH-FM,x
Fe2Br2-FeSe-FM,z
Fe2Br2-FeSe-AFM,z
Co2O2-PbSe-AFM,x
Co2O2-FeSe-FM,x
Co2S2-FeSe-FM,y
Co2Se2-FeSe-FM,z
Cr2O2-FeSe-AFM,z
Cr2O2-FeSe-FM,z
Cr2S2-FeSe-AFM,y
Cr2S2-FeSe-FM,y
Cr2Se2-FeSe-AFM,z
Cr2Se2-FeSe-FM,y
Cr2Te2-FeSe-AFM,z
Cr2Te2-FeSe-FM,y
Fe2O2-PbSe-AFM,y
Fe2Se2-FeSe-AFM,x
Fe2Te2-FeSe-AFM,x
Fe2Te2-FeSe-FM,z
Ir2O2-FeSe-FM,z
Mn2O2-FeSe-AFM,z
Mn2O2-FeSe-FM,z
Mn2S2-FeSe-AFM,z
Mn2S2-FeSe-FM,z
Mn2Se2-FeSe-AFM,z
Mn2Se2-FeSe-FM,z
Mn2Te2-FeSe-AFM,z
Mn2Te2-FeSe-FM,z
Ni2O2-PbSe-AFM,z
Ni2O2-PbSe-FM,z
Ni2Te2-FeSe-FM,y
Rh2S2-FeSe-FM,z
Ti2Te2-FeSe-FM,y
V2S2-FeSe-FM,x
V2Se2-FeSe-FM,z
V2Te2-FeSe-AFM,z
Fe2I2-FeSe-FM,x
Fe2I2-FeSe-AFM,x
Sc2Br2-FeSe-FM,z
V2Cl2-FeSe-FM,y
V2Cl2-FeSe-AFM,x
V2I2-FeSe-FM,z
Cr2Cl2-FeSe-FM,z
Cr2Cl2-FeSe-AFM,z
Mn2F2-FeSe-FM,z
Mn2F2-FeSe-AFM,z
Mn2Br2-FeSe-FM,x
Mn2Br2-FeSe-AFM,x
Fe2Cl2-FeSe-FM,z
Fe2Cl2-FeSe-AFM,z
Ca2I2-FeSe-FM,y
Sc2I2-FeSe-FM,z
V2F2-FeSe-FM,y
V2F2-FeSe-AFM,y
V2Br2-FeSe-FM,z
Cr2F2-FeSe-FM,z
Cr2F2-FeSe-AFM,z
Cr2Br2-FeSe-FM,x
Cr2Br2-FeSe-AFM,z
Mn2Cl2-FeSe-FM,z
Mn2Cl2-FeSe-AFM,z
Mn2I2-FeSe-FM,y
Mn2I2-FeSe-AFM,x
Co2F2-FeSe-FM,x
Co2F2-FeSe-AFM,y
Fe2F2-FeSe-FM,z
Fe2F2-FeSe-AFM,z
Cr2I2-FeSe-FM,z
Cr2I2-FeSe-AFM,z
Co2Cl2-FeSe-FM,y
Co2Cl2-FeSe-AFM,y
Co2Br2-FeSe-FM,x
Co2Br2-FeSe-AFM,z
Co2I2-FeSe-FM,y
Ni2F2-FeSe-FM,y
Ni2F2-FeSe-AFM,x
Ni2Cl2-FeSe-FM,z
Ni2Cl2-FeSe-AFM,z
Ni2Br2-FeSe-FM,z
Ni2Br2-FeSe-AFM,y
Ni2I2-FeSe-FM,x
Zn2I2-FeSe-FM,z
Sr2I2-FeSe-FM,y
Y2Cl2-FeSe-FM,x
Y2Br2-FeSe-FM,z
Y2I2-FeSe-FM,z
Nb2Cl2-FeSe-FM,y
Nb2Cl2-FeSe-AFM,x
Nb2I2-FeSe-FM,z
Mo2F2-FeSe-AFM,z
Mo2Cl2-FeSe-AFM,z
Mo2Br2-FeSe-AFM,y
Mo2I2-FeSe-AFM,y
Ru2Br2-FeSe-FM,z
Rh2Cl2-FeSe-FM,z
Rh2Br2-FeSe-FM,y
Pd2Br2-FeSe-FM,z
Pd2I2-FeSe-FM,z
Ta2Cl2-FeSe-FM,y
Re2F2-FeSe-AFM,z
Pt2F2-FeSe-FM,z
Hg2I2-FeSe-FM,z
Co2Se2-GaSe-FM,z
Co2Te2-GaSe-FM,y
Cu2Te2-GaSe-FM,y
Fe2Se2-GaSe-FM,z
Fe2Te2-GaSe-FM,z
Hf2S2-GaSe-FM,z
Hf2Se2-GaSe-FM,x
Mn2S2-GaSe-FM,z
Mn2Se2-GaSe-AFM,z
Mn2Se2-GaSe-FM,x
Mn2Te2-GaSe-AFM,z
Mn2Te2-GaSe-FM,z
Nb2S2-GaSe-FM,y
Nb2Se2-GaSe-FM,y
Ni2S2-GaSe-FM,z
Ta2S2-GaSe-FM,y
Ti2S2-GaSe-FM,y
Ti2Se2-GaSe-FM,z
V2S2-GaSe-AFM,z
VI2-GeS2-FM,x
CrS2-GeS2-FM,z
CrSe2-GeS2-FM,x
CrF2-GeS2-FM,z
CrCl2-GeS2-FM,x
CrI2-GeS2-FM,y
MnO2-GeS2-FM,z
MnSe2-GeS2-FM,z
MnTe2-GeS2-FM,y
MnCl2-GeS2-FM,z
MnBr2-GeS2-FM,z
FeTe2-GeS2-FM,z
FeBr2-GeS2-FM,x
FeI2-GeS2-FM,z
CoF2-GeS2-FM,x
CoCl2-GeS2-FM,z
CoI2-GeS2-FM,x
NiO2-GeS2-FM,x
NiSe2-GeS2-FM,y
NiTe2-GeS2-FM,z
NiBr2-GeS2-FM,x
CuO2-GeS2-FM,z
GaO2-GeS2-FM,z
ScF2-GeS2-FM,y
ScCl2-GeS2-FM,x
ScBr2-GeS2-FM,x
ScI2-GeS2-FM,y
TiF2-GeS2-FM,z
TiCl2-GeS2-FM,z
TiBr2-GeS2-FM,z
TiI2-GeS2-FM,z
VO2-GeS2-FM,z
VS2-GeS2-FM,x
VSe2-GeS2-FM,y
VTe2-GeS2-FM,z
VCl2-GeS2-FM,z
VBr2-GeS2-FM,x
CrO2-GeS2-FM,z
CrTe2-GeS2-FM,x
CrBr2-GeS2-FM,y
MnS2-GeS2-FM,z
MnF2-GeS2-FM,z
MnI2-GeS2-FM,z
FeCl2-GeS2-FM,x
CoBr2-GeS2-FM,z
NiS2-GeS2-FM,z
NiF2-GeS2-FM,z
NiI2-GeS2-FM,z
CuCl2-GeS2-FM,z
YS2-GeS2-FM,x
YF2-GeS2-FM,y
YCl2-GeS2-FM,y
YBr2-GeS2-FM,y
YI2-GeS2-FM,y
ZrI2-GeS2-FM,z
NbO2-GeS2-FM,z
NbSe2-GeS2-FM,z
NbTe2-GeS2-FM,z
NbI2-GeS2-FM,x
MoSe2-GeS2-FM,y
MoTe2-GeS2-FM,y
MoI2-GeS2-FM,x
RhF2-GeS2-FM,x
PdF2-GeS2-FM,z
AgO2-GeS2-FM,z
Br2Sb-GeS2-FM,y
I2Sb-GeS2-FM,x
CsF2-Undefined-FM,x
TaO2-GeS2-FM,z
TaSe2-GeS2-FM,x
TaTe2-GeS2-FM,x
TaI2-GeS2-FM,x
WF2-GeS2-FM,z
ReBr2-GeS2-FM,z
ReI2-GeS2-FM,z
OsF2-GeS2-FM,x
IrF2-GeS2-FM,z
PtF2-GeS2-FM,z
AuF2-GeS2-FM,y
BiBr2-GeS2-FM,y
BiI2-GeS2-FM,z
Ti2P2S6-MnPSe3-FM,y
Ti2P2S6-MnPSe3-AFM,z
Ti2P2Se6-MnPSe3-FM,x
Ti2P2Se6-MnPSe3-AFM,x
Ti2P2Te6-MnPSe3-FM,y
Ti2P2Te6-MnPSe3-AFM,y
V2P2Se6-VPSe3-FM,x
V2P2Se6-MnPSe3-AFM,z
V2P2Te6-Undefined-FM,x
V2P2Te6-MnPSe3-AFM,x
Cr2P2S6-MnPSe3-FM,y
Cr2P2S6-MnPSe3-AFM,y
Cr2P2Se6-ScPSe3-FM,y
Cr2P2Se6-ScPSe3-AFM,y
Cr2P2Te6-MnPSe3-FM,x
Cr2P2Te6-MnPSe3-AFM,x
Mn2P2Se6-MnPSe3-FM,y
Mn2P2Se6-MnPSe3-AFM,y
Mn2P2Te6-MnPSe3-FM,y
Mn2P2Te6-Undefined-AFM,x
Ni2P2S6-MnPSe3-FM,y
Ni2P2S6-MnPSe3-AFM,y
Ni2P2Se6-MnPSe3-FM,z
Ni2P2Se6-MnPSe3-AFM,x
Nb2P2S6-MnPSe3-AFM,x
Cu2P2S6-MnPSe3-FM,x
V2P2S6-MnPSe3-FM,x
V2P2S6-MnPSe3-AFM,z
Ni2P2Te6-MnPSe3-FM,x
AgBr2-CdI2-FM,y
AgCl2-CdI2-FM,z
AlBr2-CdI2-FM,z
AlCl2-CdI2-FM,z
AuBr2-CdI2-FM,z
AuCl2-CdI2-FM,x
AuI2-CdI2-FM,x
CoBr2-CdI2-FM,y
CoCl2-CdI2-FM,z
CoI2-CdI2-FM,y
CrBr2-CdI2-FM,y
CrCl2-CdI2-FM,z
CrI2-CdI2-FM,x
CuBr2-CdI2-FM,y
CuCl2-CdI2-FM,z
GaCl2-CdI2-FM,z
IrBr2-CdI2-FM,y
IrCl2-CdI2-FM,z
MnBr2-CdI2-FM,z
MnCl2-CdI2-FM,z
MnI2-CdI2-FM,z
MoI2-CdI2-FM,y
NiBr2-CdI2-FM,x
NiCl2-CdI2-FM,x
NiI2-CdI2-FM,z
PdBr2-CdI2-FM,y
PdCl2-CdI2-FM,y
PtBr2-CdI2-FM,y
PtCl2-CdI2-FM,y
PtI2-CdI2-FM,z
ReBr2-CdI2-FM,z
ReI2-CdI2-FM,z
RhBr2-CdI2-FM,y
RhCl2-CdI2-FM,y
RhI2-CdI2-FM,x
TiBr2-CdI2-FM,z
TiI2-CdI2-FM,z
VBr2-CdI2-FM,z
VCl2-CdI2-FM,z
VI2-CdI2-FM,y
I2Sb-CdI2-FM,z
AsCl2-CdI2-FM,x
BiI2-CdI2-FM,z
CrAs2-CdI2-FM,y
Bi2Cr-CdI2-FM,x
CrSb2-CdI2-FM,y
Bi2V-CdI2-FM,z
AgBr2-MoS2-FM,z
AgCl2-MoS2-FM,y
AlCl2-MoS2-FM,z
AuBr2-MoS2-FM,y
AuCl2-MoS2-FM,y
AuI2-MoS2-FM,z
CoBr2-MoS2-FM,z
CoCl2-MoS2-FM,z
CoI2-MoS2-FM,y
CrBr2-MoS2-FM,z
CrCl2-MoS2-FM,y
CrI2-MoS2-FM,z
CuBr2-MoS2-FM,z
CuCl2-MoS2-FM,z
CuI2-MoS2-FM,y
FeBr2-MoS2-FM,x
FeCl2-MoS2-FM,z
FeI2-MoS2-FM,x
InBr2-MoS2-FM,z
IrCl2-MoS2-FM,z
MnBr2-MoS2-FM,y
MnCl2-MoS2-FM,z
MnI2-MoS2-FM,y
MoBr2-MoS2-FM,z
MoCl2-MoS2-FM,z
MoI2-MoS2-FM,z
NiBr2-MoS2-FM,y
NiCl2-MoS2-FM,y
NiI2-MoS2-FM,x
OsBr2-MoS2-FM,z
OsCl2-MoS2-FM,z
OsI2-MoS2-FM,y
PdCl2-MoS2-FM,x
PtCl2-MoS2-FM,y
ReBr2-MoS2-FM,z
ReCl2-MoS2-FM,z
ReI2-MoS2-FM,x
RhBr2-MoS2-FM,z
RhCl2-MoS2-FM,z
RhI2-MoS2-FM,z
RuBr2-MoS2-FM,z
RuCl2-MoS2-FM,z
RuI2-MoS2-FM,x
ScBr2-MoS2-FM,x
ScCl2-MoS2-FM,y
ScI2-MoS2-FM,y
VBr2-MoS2-FM,z
VCl2-MoS2-FM,z
VI2-MoS2-FM,z
YBr2-MoS2-FM,y
YCl2-MoS2-FM,z
YI2-MoS2-FM,y
AsI2-MoS2-FM,z
CrAs2-MoS2-FM,x
Bi2Cr-MoS2-FM,y
CrSb2-MoS2-FM,y
Bi2V-MoS2-FM,z
Ag2Br6-BiI3-AFM,x
Ag2Br6-BiI3-FM,z
Ag2Cl6-BiI3-AFM,z
Ag2Cl6-BiI3-FM,y
Ag2I6-BiI3-FM,z
Au2Br6-BiI3-AFM,y
Au2Br6-BiI3-FM,z
Au2Cl6-BiI3-AFM,x
Au2Cl6-BiI3-FM,z
Au2I6-BiI3-FM,z
Cr2Br6-BiI3-AFM,y
Cr2Br6-BiI3-FM,z
Cr2Cl6-BiI3-AFM,z
Cr2Cl6-BiI3-FM,z
Cr2I6-BiI3-AFM,y
Cr2I6-BiI3-FM,z
Cu2Br6-BiI3-AFM,x
Cu2Br6-BiI3-FM,z
Cu2Cl6-BiI3-AFM,y
Cu2Cl6-BiI3-FM,z
Cu2I6-BiI3-AFM,y
Cu2I6-BiI3-FM,z
Fe2Br6-BiI3-FM,z
Fe2Cl6-BiI3-FM,z
Fe2I6-BiI3-AFM,x
Fe2I6-BiI3-FM,y
Hf2Br6-BiI3-FM,y
Hf2Cl6-BiI3-FM,y
Hf2I6-BiI3-FM,y
Mn2Br6-BiI3-AFM,z
Mn2Br6-BiI3-FM,x
Mn2Cl6-BiI3-FM,x
Mn2I6-BiI3-AFM,z
Mn2I6-BiI3-FM,x
Mo2Br6-BiI3-AFM,y
Mo2Cl6-BiI3-AFM,x
Mo2I6-BiI3-AFM,z
Mo2I6-BiI3-FM,z
Nb2Br6-BiI3-FM,z
Nb2Cl6-BiI3-FM,z
Nb2I6-BiI3-FM,y
Ni2Br6-BiI3-AFM,x
Ni2Br6-BiI3-FM,x
Ni2Cl6-BiI3-FM,z
Ni2I6-BiI3-FM,x
Os2Br6-BiI3-FM,x
Os2Cl6-BiI3-FM,x
Os2I6-BiI3-FM,z
Pd2Br6-BiI3-FM,x
Pd2Cl6-BiI3-FM,x
Pd2I6-BiI3-FM,x
Pt2Br6-BiI3-FM,z
Pt2Cl6-BiI3-FM,x
Pt2I6-BiI3-FM,x
Re2Br6-BiI3-FM,y
Re2Cl6-BiI3-FM,y
Re2I6-BiI3-FM,y
Ru2Br6-BiI3-FM,z
Ru2Cl6-BiI3-FM,y
Ru2I6-BiI3-FM,x
Ta2Br6-BiI3-FM,z
Ta2Cl6-BiI3-FM,z
Ta2I6-BiI3-AFM,z
Ta2I6-BiI3-FM,z
V2Br6-BiI3-FM,y
V2Cl6-BiI3-FM,z
V2I6-BiI3-FM,y
W2Br6-BiI3-AFM,x
W2Cl6-BiI3-AFM,y
W2I6-BiI3-AFM,z
W2I6-BiI3-FM,z
Zr2Br6-BiI3-FM,x
Zr2Cl6-BiI3-FM,y
Zr2I6-BiI3-FM,y
Ag2Br6-AgBr3-FM,z
Ag2Cl6-AgBr3-FM,x
Au2Cl6-AgBr3-FM,y
Co2Br6-AgBr3-AFM,z
Co2Br6-AgBr3-FM,z
Co2Cl6-AgBr3-AFM,z
Co2Cl6-AgBr3-FM,z
Co2I6-AgBr3-AFM,x
Co2I6-AgBr3-FM,z
Cr2Br6-TiCl3-AFM,z
Cr2Br6-TiCl3-FM,x
Cr2Cl6-TiCl3-AFM,y
Cr2Cl6-TiCl3-FM,y
Cr2I6-TiCl3-AFM,z
Cr2I6-TiCl3-FM,x
Cu2Br6-AgBr3-FM,x
Cu2Cl6-AgBr3-FM,y
Cu2I6-AgBr3-FM,x
Fe2Br6-TiCl3-AFM,x
Fe2Br6-TiCl3-FM,z
Fe2Cl6-AgBr3-AFM,z
Fe2Cl6-TiCl3-FM,z
Fe2I6-TiCl3-AFM,x
Fe2I6-TiCl3-FM,z
Hf2Br6-TiCl3-FM,z
Hf2Cl6-TiCl3-FM,z
Hf2I6-TiCl3-FM,z
Mn2Br6-AgBr3-AFM,z
Mn2Br6-AgBr3-FM,y
Mn2Cl6-AgBr3-AFM,z
Mn2Cl6-AgBr3-FM,y
Mn2I6-AgBr3-AFM,x
Mn2I6-AgBr3-FM,y
Mo2Br6-TiCl3-AFM,y
Mo2Cl6-TiCl3-AFM,y
Mo2I6-TiCl3-AFM,z
Nb2I6-TiCl3-AFM,x
Ni2Br6-AgBr3-AFM,y
Ni2Br6-AgBr3-FM,z
Ni2Cl6-AgBr3-AFM,z
Ni2Cl6-AgBr3-FM,z
Ni2I6-TiCl3-FM,z
Os2Br6-AgBr3-FM,z
Os2Cl6-AgBr3-FM,z
Os2I6-TiCl3-FM,z
Pd2Br6-AgBr3-FM,y
Pd2Cl6-AgBr3-FM,z
Pt2Br6-AgBr3-FM,z
Pt2Cl6-AgBr3-FM,y
Re2Br6-TiCl3-FM,z
Re2Cl6-TiCl3-FM,z
Re2I6-AgBr3-AFM,y
Ru2Br6-AgBr3-FM,z
Ru2Cl6-AgBr3-FM,z
Ru2I6-TiCl3-FM,x
Ta2Br6-TiCl3-FM,z
Ta2Cl6-TiCl3-FM,y
Ti2Br6-TiCl3-AFM,x
Ti2Br6-TiCl3-FM,z
Ti2Cl6-TiCl3-AFM,y
Ti2Cl6-TiCl3-FM,z
Ti2I6-TiCl3-AFM,y
Ti2I6-TiCl3-FM,y
V2Br6-AgBr3-AFM,x
V2Br6-AgBr3-FM,y
V2Cl6-AgBr3-AFM,z
V2Cl6-AgBr3-FM,z
V2I6-TiCl3-AFM,x
V2I6-TiCl3-FM,y
W2I6-TiCl3-AFM,y
Zr2Br6-TiCl3-FM,z
Zr2Cl6-TiCl3-FM,z
Zr2I6-TiCl3-FM,z
Cr2C-CdI2-FM,x
Cr2CF2-Ti2CO2-AFM,x
Cr2CF2-Ti2CO2-FM,x
Cr2CO2-Ti2CO2-AFM,x
Cr2CO2-Ti2CO2-FM,z
Mn2CF2-Ti2CO2-FM,z
Cr2CH2O2-Ti2CH2O2-AFM,x
Cr2CH2O2-Ti2CH2O2-FM,x
Mn2CH2O2-Ti2CH2O2-FM,z
Mn2C-CdI2-FM,z
Mn2C-CdI2-AFM,z
Mn2CO2-Ti2CO2-AFM,z
Mn2CO2-Ti2CO2-FM,z
Sc2CO2-Ti2CO2-FM,x
Y2CO2-Ti2CO2-FM,x
Ti2C-CdI2-AFM,z
Ti2C-CdI2-FM,z
Zr2C-CdI2-AFM,z
Zr2C-CdI2-FM,z
Zr2N-CdI2-FM,x
Zr2N-CdI2-AFM,z
Y2NO2-Ti2CO2-FM,z
Cr2F2N-Ti2CO2-FM,z
Cr2H2NO2-Ti2CH2O2-FM,y
Cr2NO2-Ti2CO2-FM,z
Cr2NO2-Ti2CO2-AFM,x
Hf2N-CdI2-FM,x
Mn2F2N-Ti2CO2-FM,z
Mn2F2N-Ti2CO2-AFM,z
Mn2H2NO2-Ti2CH2O2-FM,z
Mn2H2NO2-Ti2CH2O2-AFM,z
Mn2NO2-Ti2CO2-FM,z
Mn2NO2-Ti2CO2-AFM,y
Mn2N-CdI2-FM,x
Ti2N-CdI2-FM,y
Ti2N-CdI2-AFM,z
V2F2N-Ti2CO2-AFM,z
V2H2NO2-Ti2CH2O2-AFM,z
V2NO2-Ti2CO2-AFM,y
Cr3C2-Ti3C2-FM,z
Cr3C2F2-Ti3C2O2-FM,z
Cr3C2O2-Ti3C2O2-FM,z
Mn3C2F2-Ti3C2O2-FM,z
Sc3C2F2-Ti3C2O2-FM,y
Y3C2F2-Ti3C2O2-FM,y
Cr3C2H2O2-Ti3C2H2O2-FM,z
Mn3C2H2O2-Ti3C2H2O2-FM,z
Sc3C2H2O2-Ti3C2H2O2-FM,y
Y3C2H2O2-Ti3C2H2O2-FM,x
Hf3C2-Ti3C2-FM,z
Mn3C2-Ti3C2-FM,z
Mn3C2O2-Ti3C2O2-FM,z
Ti3C2-Ti3C2-FM,z
Zr3C2-Ti3C2-FM,z
Cr3N2-Ti3C2-FM,y
Hf3N2-Ti3C2-FM,x
Mn3N2-Ti3C2-FM,x
Sc3N2O2-Ti3C2O2-FM,z
Sc3N2-Ti3C2-FM,z
Ti3F2N2-Ti3C2O2-FM,y
Ti3N2-Ti3C2-FM,x
V3F2N2-Ti3C2O2-FM,x
V3H2N2O2-Ti3C2H2O2-FM,x
V3N2O2-Ti3C2O2-FM,y
V3N2-Ti3C2-FM,y
Y3H2N2O2-Ti3C2H2O2-FM,z
Y3N2O2-Ti3C2O2-FM,y
Zr3N2-Ti3C2-FM,y
Cr4C3-Ti4C3-FM,z
Cr4C3F2-Ti4C3O2-FM,z
Cr4C3O2-Ti4C3O2-FM,z
Mn4C3F2-Ti4C3O2-FM,z
Cr4C3H2O2-Ti4C3H2O2-FM,z
Mn4C3H2O2-Ti4C3H2O2-FM,z
Hf4C3-Ti4C3-FM,z
Mn4C3-Ti4C3-FM,z
Mn4C3O2-Ti4C3O2-FM,z
Y4C3O2-Ti4C3O2-FM,z
Ti4C3-Ti4C3-FM,z
Zr4C3-Ti4C3-FM,z
Cr4F2N3-Ti4C3O2-FM,z
Cr4H2N3O2-Ti4C3H2O2-FM,z
Cr4N3O2-Ti4C3O2-FM,z
Cr4N3-Ti4C3-FM,z
Hf4N3-Ti4C3-FM,y
Mn4H2N3O2-Ti4C3H2O2-FM,z
Mn4N3O2-Ti4C3O2-FM,z
Mn4N3-Ti4C3-FM,z
Mo4N3O2-Ti4C3O2-FM,y
Sc4N3-Ti4C3-FM,z
Ti4N3-Ti4C3-FM,z
V4F2N3-Ti4C3O2-FM,z
V4N3O2-Ti4C3O2-FM,x
Zr4N3-Ti4C3-FM,z
BiCrAs-MoSSe-FM,z
CrAsSb-MoSSe-FM,z
BiCrSb-MoSSe-FM,z
CrBrCl-MoSSe-FM,x
CrBrI-MoSSe-FM,z
CrClI-MoSSe-FM,z
MoBrI-MoSSe-FM,z
NbSeTe-MoSSe-FM,y
NbSTe-MoSSe-FM,y
TaSTe-MoSSe-FM,x
VBrCl-MoSSe-FM,z
VBrI-MoSSe-FM,z
VClI-MoSSe-FM,z
VSeTe-MoSSe-FM,y
VSSe-MoSSe-FM,x
VSTe-MoSSe-FM,y
Bi2S2-PbSe-FM,y
Bi2Se2-PbSe-FM,x
Bi2Te2-PbSe-FM,z
Ge2Te2-PbSe-FM,y
S2Si2-PbSe-FM,x
Sb2Se2-PbSe-FM,z
Sb2Te2-PbSe-FM,z
Bi2Te4-WTe2-FM,y
Co2S4-PdS2-FM,x
Co2Se4-PdS2-FM,x
Co2Te4-PdS2-AFM,x
Co2Te4-PdS2-FM,x
Cr2S4-MnS2-AFM,z
Cr2S4-MnS2-FM,z
Cr2Se4-MnS2-AFM,y
Cr2Se4-MnS2-FM,z
Cr2Te4-MnS2-AFM,y
Cr2Te4-MnS2-FM,z
Fe2S4-MnS2-AFM,x
Fe2S4-MnS2-FM,y
Fe2Se4-MnS2-FM,z
Fe2Te4-MnS2-FM,x
Mn2S4-MnS2-AFM,z
Mn2S4-MnS2-FM,z
Mn2Se4-MnS2-AFM,z
Mn2Se4-MnS2-FM,y
Mn2Te4-MnS2-AFM,x
Mn2Te4-MnS2-FM,y
Mo2S4-MnS2-AFM,z
Mo2S4-MnS2-FM,z
Mo2Se4-MnS2-AFM,z
Mo2Se4-MnS2-FM,z
Mo2Te4-MnS2-AFM,z
Mo2Te4-MnS2-FM,z
Nb2Te4-MnS2-FM,z
Sb2Se4-PdS2-FM,y
Ta2Te4-MnS2-AFM,y
Ta2Te4-MnS2-FM,z
V2S4-MnS2-FM,x
V2Se4-MnS2-FM,z
V2Te4-MnS2-FM,z
W2S4-MnS2-AFM,z
W2S4-MnS2-FM,z
W2Se4-MnS2-AFM,z
W2Se4-MnS2-FM,z
W2Te4-MnS2-AFM,z
W2Te4-MnS2-FM,z
Co4Se8-CdI2-FM,z
AuO2-CdI2-FM,z
AuO2-MoS2-FM,z
CoO2-CdI2-FM,y
CoO2-MoS2-FM,x
CoS2-CdI2-FM,z
CrO2-CdI2-FM,y
CrSe2-CdI2-FM,z
CrTe2-CdI2-FM,x
CuO2-CdI2-FM,x
CuO2-MoS2-FM,z
CuS2-MoS2-FM,y
FeO2-CdI2-FM,y
FeO2-MoS2-FM,x
FeS2-CdI2-FM,x
FeS2-MoS2-FM,y
FeSe2-CdI2-FM,y
FeSe2-MoS2-FM,y
FeTe2-CdI2-FM,z
FeTe2-MoS2-FM,x
HgO2-MoS2-FM,y
HgS2-CdI2-FM,z
HgSe2-CdI2-FM,z
IrO2-MoS2-FM,x
MnO2-CdI2-FM,z
MnO2-MoS2-FM,z
MnS2-CdI2-FM,x
MnS2-MoS2-FM,z
MnSe2-CdI2-FM,z
MnSe2-MoS2-FM,y
MnTe2-CdI2-FM,z
MnTe2-MoS2-FM,y
NbO2-CdI2-FM,x
NbO2-MoS2-FM,z
NbS2-MoS2-FM,z
NbTe2-MoS2-FM,y
NiO2-MoS2-FM,z
OsO2-CdI2-FM,x
OsO2-MoS2-FM,x
OsS2-CdI2-FM,x
PtO2-MoS2-FM,x
RhO2-MoS2-FM,y
RuO2-MoS2-FM,z
RuS2-CdI2-FM,y
RuSe2-CdI2-FM,y
RuSe2-MoS2-FM,y
RuTe2-MoS2-FM,y
ScO2-CdI2-FM,y
ScO2-MoS2-FM,y
ScS2-MoS2-FM,x
ScSe2-MoS2-FM,x
TaO2-MoS2-FM,z
VO2-CdI2-FM,x
VO2-MoS2-FM,z
VS2-CdI2-FM,x
VS2-MoS2-FM,y
VSe2-CdI2-FM,x
VSe2-MoS2-FM,x
VTe2-CdI2-FM,x
VTe2-MoS2-FM,x
CoH2-MoS2-FM,x
CrH2-MoS2-FM,z
CrLi2-MoS2-FM,y
FeH2-MoS2-FM,y
FeLi2-MoS2-FM,y
IrLi2-MoS2-FM,z
MnH2-MoS2-FM,z
Li2Mn-MoS2-FM,x
Li2Mo-MoS2-FM,z
Li2Nb-MoS2-FM,y
ReH2-MoS2-FM,z
ScH2-MoS2-FM,y
Li2Sc-MoS2-FM,x
Li2Ta-MoS2-FM,z
Li2V-MoS2-FM,z
WH2-MoS2-FM,z
Li2W-MoS2-FM,x
Ag2I2N2-FeOCl-FM,z
Au2Br2S2-FeOCl-FM,x
Cr2Br2N2-FeOCl-FM,z
Cr2Br2O2-FeOCl-FM,y
Cr2Br2S2-FeOCl-FM,x
Cr2Br2Se2-FeOCl-FM,x
Cr2Cl2N2-FeOCl-FM,z
Cr2Cl2O2-FeOCl-FM,z
Cr2Cl2S2-FeOCl-FM,x
Cr2Cl2Se2-FeOCl-FM,y
Cr2I2N2-FeOCl-FM,z
Cr2I2O2-FeOCl-FM,y
Cr2I2S2-FeOCl-FM,y
Cr2I2Se2-FeOCl-FM,y
Cu2Br2N2-FeOCl-FM,z
Cu2Br2S2-FeOCl-FM,y
Cu2Cl2N2-FeOCl-FM,z
Fe2Br2N2-FeOCl-FM,z
Fe2Br2O2-FeOCl-FM,z
Fe2Br2O2-FeOCl-AFM,y
Fe2Br2S2-FeOCl-FM,z
Fe2Br2Se2-FeOCl-FM,z
Fe2Cl2O2-FeOCl-FM,z
Fe2Cl2S2-FeOCl-FM,z
Fe2Cl2Se2-FeOCl-FM,z
Fe2I2N2-FeOCl-FM,y
Fe2I2O2-FeOCl-FM,x
Fe2I2S2-FeOCl-FM,z
Fe2I2Se2-FeOCl-FM,y
Hg2Br2O2-FeOCl-FM,x
Hg2Cl2O2-FeOCl-FM,z
Hg2I2O2-FeOCl-FM,y
Mn2Br2N2-FeOCl-FM,y
Mn2Br2O2-FeOCl-FM,x
Mn2Br2S2-FeOCl-FM,x
Mn2Br2Se2-FeOCl-FM,x
Mn2Cl2N2-FeOCl-FM,z
Mn2Cl2O2-FeOCl-FM,z
Mn2Cl2S2-FeOCl-FM,x
Mn2Cl2Se2-FeOCl-FM,x
Mn2I2N2-FeOCl-FM,x
Mn2I2O2-FeOCl-FM,y
Mn2I2S2-FeOCl-FM,x
Mn2I2Se2-FeOCl-FM,y
Mo2Cl2S2-FeOCl-FM,x
Mo2I2N2-FeOCl-FM,y
Mo2I2S2-FeOCl-FM,x
Ni2Br2O2-FeOCl-FM,z
Ni2I2O2-FeOCl-FM,z
Ni2Cl2O2-FeOCl-FM,x
Os2Br2O2-FeOCl-FM,z
Os2Cl2O2-FeOCl-FM,z
Os2I2O2-FeOCl-FM,x
Ru2Cl2Se2-FeOCl-FM,z
Ru2I2O2-FeOCl-FM,z
V2Br2O2-FeOCl-FM,z
V2Br2S2-FeOCl-FM,x
V2Br2Se2-FeOCl-FM,z
V2Cl2Se2-FeOCl-FM,z
V2I2N2-FeOCl-FM,x
V2I2O2-FeOCl-FM,z
V2I2S2-FeOCl-FM,x
V2I2Se2-FeOCl-FM,z
W2I2S2-FeOCl-FM,x
Co2Te2-GaS-FM,z
Fe2O2-GaS-FM,z
Fe2S2-GaS-FM,z
Fe2Te2-GaS-FM,x
Hf2S2-GaS-FM,y
Hf2Se2-GaS-FM,z
Mn2O2-GaS-FM,z
Mn2S2-GaS-FM,x
Mn2Se2-GaS-FM,y
Mn2Te2-GaS-FM,y
Nb2Te2-GaS-FM,y
Ni2O2-GaS-FM,y
Ta2S2-GaS-FM,z
Ta2Se2-GaS-FM,z
Ta2Te2-GaS-FM,x
Ti2S2-GaS-FM,x
Ti2Se2-GaS-FM,z
Zr2S2-GaS-FM,z
Cr2Te6-VTe3-AFM,z
Cr2Te6-VTe3-FM,z
Fe2Te6-VTe3-FM,z
Mn2Te6-VTe3-AFM,x
Mn2Te6-VTe3-FM,x
Ni2O6-Undefined-AFM,x
Ni2O6-Undefined-FM,x
V2Se6-TiS3-FM,x
V2Te6-VTe3-AFM,x
V2Te6-VTe3-FM,x
Cr2Br4-WTe2-AFM,y
Cr2Br4-WTe2-FM,z
Cr2Cl4-WTe2-AFM,y
Cr2Cl4-WTe2-FM,y
Hg2O4-CdI2-FM,y
Mn2Cl4-CdI2-FM,y
Mn2O4-WTe2-FM,z
Mn2S4-WTe2-AFM,x
Mn2S4-WTe2-FM,x
Mn2Se4-WTe2-FM,y
Mn2Te4-WTe2-AFM,x
Mn2Te4-WTe2-FM,y
Mo2Br4-WTe2-FM,x
Mo2I4-WTe2-FM,x
Re2I4-WTe2-FM,x
Rh2Br4-CdI2-FM,x
Rh2Cl4-WTe2-AFM,x
Rh2Cl4-WTe2-FM,x
V2Br4-CdI2-AFM,z
V2Cl4-WTe2-FM,x
V2I4-CdI2-AFM,x
V2O4-WTe2-FM,y
Hf4Br4S4-HfBrS-FM,y
Hf4Br4Se4-HfBrS-FM,y
Hf4Cl4S4-HfBrS-FM,y
Hf4Cl4Se4-HfBrS-FM,y
Hf4I4Se4-HfBrS-FM,x
Ti4Br4S4-HfBrS-FM,y
Ti4Br4Se4-HfBrS-FM,x
Ti4Cl4S4-HfBrS-FM,y
Ti4Cl4Se4-HfBrS-FM,y
Ti4I4S4-HfBrS-FM,x
Ti4I4Se4-HfBrS-FM,x
Zr4Br4S4-HfBrS-FM,y
Zr4Br4Se4-HfBrS-FM,y
Zr4Cl4S4-HfBrS-FM,y
Zr4Cl4Se4-HfBrS-FM,y
Zr4I4S4-HfBrS-FM,y
Zr4I4Se4-HfBrS-FM,y
